npi,provider_type,state,entity_code,anomaly_score_raw,isolation_forest_anomaly_flag,risk_score_0_100,risk_category,lof_anomaly_flag,leie_excluded_match,top_risk_reasons
1003053851,Internal Medicine,CA,I,0.21199473302231253,1,100.0,Critical,0,0,unusually high total Medicare payment received (z=4816.9 vs. population median); unusually high total submitted charges (z=1592.5 vs. population median); unusually high 5-year average total payment (z=1289.5 vs. population median)
1003133984,Nurse Practitioner,CA,I,0.18244062250365511,1,92.89,Critical,0,0,unusually high total Medicare payment received (z=479.2 vs. population median); unusually high 5-year average total payment (z=309.6 vs. population median); unusually high total submitted charges (z=194.2 vs. population median)
1003133901,Dermatology,KY,I,0.1564175616364436,1,86.63,Critical,0,0,unusually high total Medicare payment received (z=416.7 vs. population median); unusually high 5-year average total payment (z=339.3 vs. population median); unusually high total submitted charges (z=143.8 vs. population median)
1003002205,Certified Registered Nurse Anesthetist (CRNA),TX,I,0.15276485943319196,1,85.75,Critical,1,0,unusually high services-per-beneficiary deviation from specialty peers (z=6628.7 vs. population median); unusually high year-over-year payment change (z=781.0 vs. population median); unusually high multi-year payment trend (z=362.9 vs. population median)
1003086448,Rheumatology,MD,I,0.14861293363095585,1,84.76,Critical,0,0,unusually high drug-payment-share deviation from specialty peers (z=1104.0 vs. population median); unusually high total services billed (z=285.5 vs. population median); unusually high 5-year average total services (z=120.4 vs. population median)
1003128703,Hematology-Oncology,FL,I,0.14042703812231772,1,82.79,Critical,0,0,unusually high 5-year average total services (z=565.7 vs. population median); unusually high total services billed (z=296.3 vs. population median); unusually high 5-year average total payment (z=98.2 vs. population median)
1003109075,Rheumatology,MI,I,0.1336063033250663,1,81.15,Critical,0,0,unusually high drug-payment-share deviation from specialty peers (z=1185.5 vs. population median); unusually high services per beneficiary (z=170.5 vs. population median); unusually high total services billed (z=121.7 vs. population median)
1003031212,Hematology-Oncology,FL,I,0.12817095754790864,1,79.84,Critical,0,0,unusually high 5-year average total services (z=675.4 vs. population median); unusually high total services billed (z=538.4 vs. population median); unusually high 5-year average total payment (z=114.8 vs. population median)
1003036997,Orthopedic Surgery,MO,I,0.12573906632060272,1,79.25,Critical,0,0,unusually high drug-payment-share deviation from specialty peers (z=268.3 vs. population median); unusually high services per beneficiary (z=141.5 vs. population median); unusually high 5-year average services per beneficiary (z=132.6 vs. population median)
1003079997,Hematology-Oncology,IA,I,0.12061095645947306,1,78.02,Critical,0,0,unusually high total services billed (z=154.6 vs. population median); unusually high 5-year average total services (z=140.1 vs. population median); unusually high services per beneficiary (z=98.9 vs. population median)
1003028556,Neurology,CA,I,0.1191428351609286,1,77.67,Critical,0,0,unusually high total services billed (z=229.0 vs. population median); unusually high 5-year average total services (z=129.1 vs. population median); unusually high services-per-beneficiary deviation from specialty peers (z=124.9 vs. population median)
1003133612,Ophthalmology,NY,I,0.11726708448261947,1,77.22,Critical,0,0,unusually high total Medicare payment received (z=79.1 vs. population median); unusually high total submitted charges (z=75.3 vs. population median); unusually high 5-year average total payment (z=71.0 vs. population median)
1003104381,Ambulance Service Provider,FL,O,0.11099303308035124,1,75.71,Critical,0,0,unusually high total submitted charges (z=242.9 vs. population median); unusually high services per billing code (z=115.8 vs. population median); unusually high total Medicare payment received (z=59.6 vs. population median)
1003058157,Neurology,NM,I,0.11040140977865809,1,75.56,Critical,0,0,unusually high services-per-beneficiary deviation from specialty peers (z=294.3 vs. population median); unusually high services per beneficiary (z=218.0 vs. population median); unusually high 5-year average services per beneficiary (z=191.9 vs. population median)
1003016916,Ophthalmology,MI,I,0.10956923968312626,1,75.36,Critical,0,0,unusually high 5-year average total payment (z=90.0 vs. population median); unusually high total Medicare payment received (z=87.3 vs. population median); unusually high total services billed (z=76.2 vs. population median)
1003099813,Medical Oncology,TX,I,0.10297939003534973,1,73.78,High,0,0,unusually high total services billed (z=133.3 vs. population median); unusually high services-per-beneficiary deviation from specialty peers (z=132.4 vs. population median); unusually high 5-year average total services (z=128.3 vs. population median)
1003143801,Internal Medicine,IL,I,0.10287961388996059,1,73.76,High,0,0,unusually high services-per-beneficiary deviation from specialty peers (z=326.6 vs. population median); unusually high services per beneficiary (z=281.2 vs. population median); unusually high 5-year average services per beneficiary (z=257.4 vs. population median)
1003013848,Diagnostic Radiology,FL,I,0.09865461019014543,1,72.74,High,0,0,unusually high services-per-beneficiary deviation from specialty peers (z=215.8 vs. population median); unusually high total services billed (z=149.7 vs. population median); unusually high 5-year average total services (z=70.5 vs. population median)
1003013616,Neurology,SC,I,0.09677684391726116,1,72.29,High,0,0,unusually high services-per-beneficiary deviation from specialty peers (z=213.3 vs. population median); unusually high services per beneficiary (z=158.0 vs. population median); unusually high total services billed (z=152.9 vs. population median)
1003019019,Ophthalmology,MO,I,0.09553755639742523,1,71.99,High,0,0,unusually high 5-year average total payment (z=62.1 vs. population median); unusually high total Medicare payment received (z=58.9 vs. population median); unusually high total services billed (z=48.1 vs. population median)
1003058546,Urology,MN,I,0.09054410510608246,1,70.79,High,0,0,unusually high total services billed (z=157.4 vs. population median); unusually high 5-year average total services (z=115.9 vs. population median); unusually high services-per-beneficiary deviation from specialty peers (z=43.6 vs. population median)
1003151671,Independent Diagnostic Testing Facility (IDTF),AL,O,0.09046163581781497,1,70.77,High,0,0,unusually high 5-year average total services (z=160.6 vs. population median); unusually high total services billed (z=159.8 vs. population median); unusually high services per beneficiary (z=34.9 vs. population median)
1003106824,Ophthalmology,IN,I,0.08660504227171428,1,69.84,High,0,0,unusually high total Medicare payment received (z=107.4 vs. population median); unusually high 5-year average total payment (z=80.1 vs. population median); unusually high total submitted charges (z=59.4 vs. population median)
1003090093,Diagnostic Radiology,NY,I,0.08543233297942443,1,69.56,High,0,0,unusually high services-per-beneficiary deviation from specialty peers (z=193.8 vs. population median); unusually high 5-year average total services (z=147.7 vs. population median); unusually high total services billed (z=140.5 vs. population median)
1003105677,Ophthalmology,MD,I,0.08230726403152022,1,68.81,High,0,0,unusually high total Medicare payment received (z=89.2 vs. population median); unusually high total submitted charges (z=54.5 vs. population median); unusually high 5-year average total payment (z=53.0 vs. population median)
1003115536,Physical Medicine and Rehabilitation,MO,I,0.07931123308748622,1,68.09,High,0,0,unusually high services per beneficiary (z=148.5 vs. population median); unusually high 5-year average services per beneficiary (z=87.3 vs. population median); unusually high total services billed (z=78.6 vs. population median)
1003078973,Gastroenterology,AZ,I,0.0780129776212466,1,67.77,High,0,0,unusually high services-per-beneficiary deviation from specialty peers (z=168.6 vs. population median); unusually high total services billed (z=36.0 vs. population median); unusually high multi-year service-volume trend (z=35.9 vs. population median)
1003002312,Rheumatology,MA,I,0.07785910802065132,1,67.74,High,1,0,unusually high drug-payment-share deviation from specialty peers (z=849.8 vs. population median); unusually high 5-year average services per beneficiary (z=106.6 vs. population median); unusually high 5-year average total services (z=103.0 vs. population median)
1003077389,Neurology,IL,I,0.0778662688426186,1,67.74,High,0,0,unusually high services-per-beneficiary deviation from specialty peers (z=86.5 vs. population median); unusually high services per beneficiary (z=64.1 vs. population median); unusually high total services billed (z=55.7 vs. population median)
1003134503,Neurology,MD,I,0.07521847710038876,1,67.1,High,0,0,unusually high year-over-year service volume change (z=122.3 vs. population median); unusually high services-per-beneficiary deviation from specialty peers (z=78.5 vs. population median); unusually high multi-year service-volume trend (z=60.9 vs. population median)
1003077322,Family Practice,NY,I,0.07425537101698954,1,66.87,High,1,0,unusually high multi-year service-volume trend (z=559.2 vs. population median); unusually high 5-year average total services (z=483.7 vs. population median); unusually high multi-year payment trend (z=290.7 vs. population median)
1003146283,Physician Assistant,AL,I,0.07167486259557054,1,66.25,High,0,0,unusually high services-per-beneficiary deviation from specialty peers (z=104.3 vs. population median); unusually high services per beneficiary (z=62.3 vs. population median); unusually high 5-year average services per beneficiary (z=56.9 vs. population median)
1003072786,Ophthalmology,CA,I,0.06971013993545228,1,65.78,High,0,0,unusually high services-per-beneficiary deviation from specialty peers (z=111.0 vs. population median); unusually high services per beneficiary (z=53.6 vs. population median); unusually high total services billed (z=36.3 vs. population median)
1003013830,Diagnostic Radiology,CO,I,0.06910952687538785,1,65.63,High,0,0,unusually high services-per-beneficiary deviation from specialty peers (z=520.4 vs. population median); unusually high 5-year average services per beneficiary (z=161.7 vs. population median); unusually high services per beneficiary (z=113.9 vs. population median)
1003153537,Ambulance Service Provider,FL,O,0.06418858495618018,1,64.45,High,1,0,unusually high services per beneficiary (z=55.1 vs. population median); unusually high 5-year average services per beneficiary (z=50.3 vs. population median); unusually high total submitted charges (z=33.6 vs. population median)
1003078031,Neurology,NY,I,0.06416235779864199,1,64.44,High,0,0,unusually high services-per-beneficiary deviation from specialty peers (z=107.4 vs. population median); unusually high 5-year average services per beneficiary (z=83.8 vs. population median); unusually high services per beneficiary (z=79.6 vs. population median)
1003008533,Neurology,FL,I,0.06371620164069214,1,64.34,High,0,0,unusually high total services billed (z=77.0 vs. population median); unusually high services-per-beneficiary deviation from specialty peers (z=74.2 vs. population median); unusually high services per beneficiary (z=55.0 vs. population median)
1003024191,Diagnostic Radiology,CA,I,0.0634437593894609,1,64.27,High,0,0,unusually high services-per-beneficiary deviation from specialty peers (z=101.6 vs. population median); unusually high 5-year average total services (z=88.8 vs. population median); unusually high total services billed (z=73.6 vs. population median)
1003001371,Physical Medicine and Rehabilitation,NY,I,0.0631411705033621,1,64.2,High,0,0,unusually high services per beneficiary (z=167.2 vs. population median); unusually high 5-year average services per beneficiary (z=130.0 vs. population median); unusually high services-per-beneficiary deviation from specialty peers (z=50.0 vs. population median)
1003081985,Cardiology,NY,I,0.06305929569632174,1,64.18,High,0,0,unusually high year-over-year payment-per-service change (z=73.1 vs. population median); unusually high total Medicare payment received (z=65.6 vs. population median); unusually high total submitted charges (z=59.3 vs. population median)
1003050535,Physical Medicine and Rehabilitation,PA,I,0.06259535936217475,1,64.07,High,1,0,unusually high total services billed (z=65.0 vs. population median); unusually high multi-year service-volume trend (z=47.2 vs. population median); unusually high year-over-year service volume change (z=42.1 vs. population median)
1003041757,Orthopedic Surgery,NY,I,0.05996539073012708,1,63.43,High,0,0,unusually high drug-payment-share deviation from specialty peers (z=94.5 vs. population median); unusually high services per beneficiary (z=87.4 vs. population median); unusually high total services billed (z=60.7 vs. population median)
1003101692,Physician Assistant,MI,I,0.0576040883649801,1,62.87,High,0,0,unusually high services-per-beneficiary deviation from specialty peers (z=135.6 vs. population median); unusually high services per beneficiary (z=81.1 vs. population median); unusually high multi-year service-volume trend (z=50.3 vs. population median)
1003080243,Internal Medicine,CA,I,0.05573199069364132,1,62.41,High,0,0,unusually high year-over-year payment change (z=93.8 vs. population median); unusually high year-over-year beneficiary count change (z=29.3 vs. population median); unusually high year-over-year payment-per-service change (z=27.8 vs. population median)
1003077447,Ambulance Service Provider,OK,O,0.053526966245012075,1,61.88,High,0,0,unusually high 5-year average services per beneficiary (z=75.9 vs. population median); unusually high services per beneficiary (z=74.9 vs. population median); unusually high total submitted charges (z=24.1 vs. population median)
1003074006,Family Practice,PA,I,0.05269814190946298,1,61.69,High,0,0,unusually high multi-year payment trend (z=606.5 vs. population median); unusually high year-over-year payment change (z=196.3 vs. population median); unusually high year-over-year service volume change (z=127.6 vs. population median)
1003101429,Hematology-Oncology,MI,I,0.05040310218491295,1,61.13,High,0,0,unusually high 5-year average total services (z=63.5 vs. population median); unusually high total services billed (z=61.6 vs. population median); unusually high 5-year average services per beneficiary (z=25.1 vs. population median)
1003135864,Nurse Practitioner,IN,I,0.045367719246030336,1,59.92,High,0,0,unusually high total Medicare payment received (z=27.0 vs. population median); unusually high 5-year average total payment (z=26.1 vs. population median); unusually high total submitted charges (z=13.2 vs. population median)
1003006180,Ambulance Service Provider,NV,O,0.04455533016658508,1,59.73,High,0,0,unusually high 5-year average total services (z=132.5 vs. population median); unusually high 5-year average total payment (z=110.5 vs. population median); unusually high services per billing code (z=96.2 vs. population median)
1003113010,Independent Diagnostic Testing Facility (IDTF),AZ,O,0.04399912689162,1,59.59,High,0,0,unusually high total services billed (z=111.2 vs. population median); unusually high 5-year average total services (z=83.6 vs. population median); unusually high services per beneficiary (z=30.0 vs. population median)
1003125568,Ambulance Service Provider,VA,O,0.041677090665720784,1,59.03,High,0,0,unusually high services per billing code (z=242.2 vs. population median); unusually high 5-year average total services (z=164.7 vs. population median); unusually high total services billed (z=141.2 vs. population median)
1003142530,Interventional Cardiology,NJ,I,0.041053581101852754,1,58.88,High,0,0,unusually high total submitted charges (z=40.2 vs. population median); unusually high total Medicare payment received (z=40.1 vs. population median); unusually high 5-year average total payment (z=38.9 vs. population median)
1003122052,Physical Therapist in Private Practice,CA,I,0.04077508102447236,1,58.82,High,0,0,unusually high year-over-year service volume change (z=96.8 vs. population median); unusually high year-over-year payment change (z=92.1 vs. population median); unusually high year-over-year beneficiary count change (z=52.7 vs. population median)
1003150004,Opioid Treatment Program,WI,O,0.039923473602282544,1,58.61,High,0,0,unusually high services per beneficiary (z=98.9 vs. population median); unusually high 5-year average services per beneficiary (z=90.5 vs. population median); unusually high services per billing code (z=15.5 vs. population median)
1003138074,Mass Immunizer Roster Biller,TX,O,0.03796495580004655,1,58.14,High,0,0,unusually high service-concentration deviation from specialty peers (z=12.6 vs. population median); unusually high payment-to-charge ratio (z=7.9 vs. population median); unusually high 5-year average payment-to-charge ratio (z=7.5 vs. population median)
1003119470,Ambulatory Surgical Center,UT,O,0.03775617706027545,1,58.09,High,1,0,unusually high total submitted charges (z=128.2 vs. population median); unusually high total Medicare payment received (z=50.1 vs. population median); unusually high services-per-beneficiary deviation from specialty peers (z=38.8 vs. population median)
1003007279,Physician Assistant,WA,I,0.03344531454405475,1,57.05,High,0,0,unusually high year-over-year payment change (z=529.5 vs. population median); unusually high year-over-year service volume change (z=335.9 vs. population median); unusually high multi-year payment trend (z=246.0 vs. population median)
1003094749,Orthopedic Surgery,AK,I,0.030999712370831545,1,56.47,High,1,0,unusually high submitted charge per service (z=33.6 vs. population median); unusually high charge-per-service deviation from specialty peers (z=26.0 vs. population median); unusually high payment per service (z=12.5 vs. population median)
1003067513,Ambulance Service Provider,TX,O,0.03076184171136931,1,56.41,High,0,0,unusually high services per billing code (z=106.4 vs. population median); unusually high services per beneficiary (z=69.3 vs. population median); unusually high total services billed (z=61.9 vs. population median)
1003034422,Mass Immunizer Roster Biller,MA,O,0.03077890005249284,1,56.41,High,0,0,unusually high service-concentration deviation from specialty peers (z=12.5 vs. population median); unusually high payment-to-charge ratio (z=7.9 vs. population median); unusually high 5-year average payment-to-charge ratio (z=7.5 vs. population median)
1003064833,Neurology,IL,I,0.03015231854152811,1,56.26,High,0,0,unusually high multi-year service-volume trend (z=57.5 vs. population median); unusually high services-per-beneficiary deviation from specialty peers (z=50.0 vs. population median); unusually high services per beneficiary (z=37.1 vs. population median)
1003131392,Centralized Flu,CA,O,0.02847637150483895,1,55.86,High,0,0,unusually high year-over-year payment-per-service change (z=17.3 vs. population median); unusually high payment-to-charge ratio (z=7.7 vs. population median); unusually high 5-year average payment-to-charge ratio (z=6.7 vs. population median)
1003139502,Nurse Practitioner,TN,I,0.0278607900509239,1,55.71,High,0,0,unusually high services-per-beneficiary deviation from specialty peers (z=56.2 vs. population median); unusually high services per beneficiary (z=44.0 vs. population median); unusually high 5-year average services per beneficiary (z=40.2 vs. population median)
1003136565,Urology,CA,I,0.02771100525884518,1,55.68,High,0,0,unusually high total submitted charges (z=66.5 vs. population median); unusually high 5-year average total services (z=24.0 vs. population median); unusually high total services billed (z=23.9 vs. population median)
1003072950,Diagnostic Radiology,NY,I,0.026905318055239213,1,55.48,High,0,0,unusually high total services billed (z=54.2 vs. population median); unusually high services-per-beneficiary deviation from specialty peers (z=39.5 vs. population median); unusually high 5-year average total services (z=37.0 vs. population median)
1003139163,Centralized Flu,CT,O,0.02532620451754497,1,55.1,High,0,0,unusually low payment-to-charge-ratio deviation from specialty peers (z=-20.6 vs. population median); unusually high payment-to-charge ratio (z=6.8 vs. population median); unusually high 5-year average payment-to-charge ratio (z=6.5 vs. population median)
1003126806,Mass Immunizer Roster Biller,CA,O,0.025192996806266632,1,55.07,High,0,0,unusually high year-over-year payment-per-service change (z=14.9 vs. population median); unusually high payment-to-charge ratio (z=7.9 vs. population median); unusually high 5-year average payment-to-charge ratio (z=7.5 vs. population median)
1003074733,Orthopedic Surgery,SC,I,0.025020443504953027,1,55.03,High,1,0,unusually high total services billed (z=40.1 vs. population median); unusually high services per beneficiary (z=38.7 vs. population median); unusually high year-over-year service volume change (z=26.6 vs. population median)
1003098047,Ambulance Service Provider,TX,O,0.024365219663294746,1,54.87,High,0,0,unusually high services per billing code (z=127.1 vs. population median); unusually high total services billed (z=74.0 vs. population median); unusually high 5-year average total services (z=71.5 vs. population median)
1003018086,Orthopedic Surgery,TX,I,0.024125917008409825,1,54.81,High,1,0,unusually high year-over-year service volume change (z=61.3 vs. population median); unusually high services per beneficiary (z=27.6 vs. population median); unusually high multi-year service-volume trend (z=22.7 vs. population median)
1003142084,Dermatology,FL,I,0.023420631466195885,1,54.64,High,0,0,unusually high total submitted charges (z=38.8 vs. population median); unusually high total Medicare payment received (z=34.6 vs. population median); unusually high 5-year average total payment (z=33.5 vs. population median)
1003065665,Centralized Flu,AL,O,0.021254694491961712,1,54.12,High,0,0,unusually high payment-to-charge ratio (z=7.7 vs. population median); unusually high 5-year average payment-to-charge ratio (z=7.1 vs. population median); unusually high service-concentration deviation from specialty peers (z=6.2 vs. population median)
1003129107,Physician Assistant,FL,I,0.020689804559741787,1,53.99,High,0,0,unusually high year-over-year beneficiary count change (z=119.8 vs. population median); unusually high year-over-year payment change (z=86.8 vs. population median); unusually high year-over-year service volume change (z=76.1 vs. population median)
1003057670,Diagnostic Radiology,OK,I,0.01966298741224415,1,53.74,High,0,0,unusually high year-over-year service volume change (z=88.4 vs. population median); unusually high year-over-year payment change (z=85.3 vs. population median); unusually high year-over-year beneficiary count change (z=83.2 vs. population median)
1003033838,Dermatology,TX,I,0.01963289469150098,1,53.73,High,0,0,unusually high total Medicare payment received (z=42.0 vs. population median); unusually high 5-year average total payment (z=29.5 vs. population median); unusually high total submitted charges (z=21.8 vs. population median)
1003043506,Orthopedic Surgery,MS,I,0.01905182891761903,1,53.59,High,1,0,unusually high year-over-year service volume change (z=39.2 vs. population median); unusually high drug-payment-share deviation from specialty peers (z=36.5 vs. population median); unusually high services per beneficiary (z=31.1 vs. population median)
1003145541,Mass Immunizer Roster Biller,TN,O,0.01894632789167139,1,53.57,High,0,0,unusually high payment-to-charge ratio (z=7.8 vs. population median); unusually high 5-year average payment-to-charge ratio (z=7.5 vs. population median); unusually high allowed-to-charge ratio (z=5.1 vs. population median)
1003103227,Mass Immunizer Roster Biller,VA,O,0.01669207157705377,1,53.02,High,0,0,unusually high year-over-year payment-per-service change (z=37.7 vs. population median); unusually high payment-to-charge ratio (z=7.8 vs. population median); unusually high 5-year average payment-to-charge ratio (z=7.6 vs. population median)
1003005059,Mass Immunizer Roster Biller,CT,O,0.016500082525809256,1,52.98,High,0,0,unusually high service-concentration deviation from specialty peers (z=12.5 vs. population median); unusually high payment-to-charge ratio (z=7.9 vs. population median); unusually high allowed-to-charge ratio (z=5.1 vs. population median)
1003098351,Orthopedic Surgery,DC,I,0.015189645419343867,1,52.66,High,0,0,unusually high 5-year average total payment (z=20.9 vs. population median); unusually high total Medicare payment received (z=19.3 vs. population median); unusually high total submitted charges (z=16.5 vs. population median)
1003044322,Vascular Surgery,TX,I,0.014836263659941729,1,52.58,High,0,0,unusually high 5-year average payment per service (z=43.5 vs. population median); unusually high payment per service (z=37.7 vs. population median); unusually high payment-per-service deviation from specialty peers (z=32.5 vs. population median)
1003055401,Diagnostic Radiology,CA,I,0.014783069729867093,1,52.57,High,0,0,unusually high services-per-beneficiary deviation from specialty peers (z=97.1 vs. population median); unusually high total services billed (z=51.3 vs. population median); unusually high 5-year average total services (z=40.5 vs. population median)
1003156472,Ambulance Service Provider,PA,O,0.014721982543115741,1,52.55,High,0,0,unusually high services per billing code (z=85.2 vs. population median); unusually high 5-year average total services (z=49.8 vs. population median); unusually high total services billed (z=49.5 vs. population median)
1003096496,Centralized Flu,IL,O,0.014627865074290258,1,52.53,High,0,0,unusually high year-over-year payment-per-service change (z=18.1 vs. population median); unusually high payment-to-charge ratio (z=7.7 vs. population median); unusually high multi-year payment trend (z=6.7 vs. population median)
1003010208,Centralized Flu,FL,O,0.014035997621656748,1,52.39,High,0,0,unusually high payment-to-charge ratio (z=7.7 vs. population median); unusually high 5-year average payment-to-charge ratio (z=7.2 vs. population median); unusually high year-over-year payment-per-service change (z=5.8 vs. population median)
1003162868,Mass Immunizer Roster Biller,CA,O,0.013790002743350183,1,52.33,High,0,0,unusually high payment-to-charge ratio (z=7.7 vs. population median); unusually high 5-year average payment-to-charge ratio (z=7.4 vs. population median); unusually high allowed-to-charge ratio (z=5.0 vs. population median)
1003156142,Mass Immunizer Roster Biller,CO,O,0.013500814439435294,1,52.26,High,0,0,unusually high payment-to-charge ratio (z=7.9 vs. population median); unusually high 5-year average payment-to-charge ratio (z=7.5 vs. population median); unusually high allowed-to-charge ratio (z=5.1 vs. population median)
1003004938,Mass Immunizer Roster Biller,ME,O,0.013376123587901412,1,52.23,High,0,0,unusually high year-over-year payment-per-service change (z=27.0 vs. population median); unusually high multi-year payment trend (z=9.4 vs. population median); unusually high payment-to-charge ratio (z=7.7 vs. population median)
1003051129,Pharmacy,SC,O,0.012105740155269995,1,51.92,High,0,0,unusually high multi-year payment trend (z=84.0 vs. population median); unusually high multi-year service-volume trend (z=32.0 vs. population median); unusually high payment-to-charge ratio (z=7.2 vs. population median)
1003162637,Family Practice,TN,I,0.0118534794804801,1,51.86,High,1,0,unusually high total beneficiaries served (z=185.9 vs. population median); unusually high 5-year average total services (z=114.2 vs. population median); unusually high total services billed (z=113.6 vs. population median)
1003114539,Mass Immunizer Roster Biller,MN,O,0.011787877100316035,1,51.85,High,0,0,unusually high multi-year payment trend (z=32.6 vs. population median); unusually low payment-to-charge-ratio deviation from specialty peers (z=-18.9 vs. population median); unusually high multi-year service-volume trend (z=13.7 vs. population median)
1003147083,Mass Immunizer Roster Biller,PA,O,0.011715472562532359,1,51.83,High,0,0,unusually high payment-to-charge ratio (z=7.6 vs. population median); unusually high 5-year average payment-to-charge ratio (z=7.3 vs. population median); unusually low payment-to-charge-ratio deviation from specialty peers (z=-7.2 vs. population median)
1003158676,Mass Immunizer Roster Biller,IL,O,0.011250961567078721,1,51.72,High,0,0,unusually high payment-to-charge ratio (z=7.9 vs. population median); unusually high 5-year average payment-to-charge ratio (z=7.5 vs. population median); unusually high allowed-to-charge ratio (z=5.1 vs. population median)
1003010794,General Surgery,CA,I,0.01096097239067706,1,51.65,High,0,0,unusually high year-over-year service volume change (z=115.6 vs. population median); unusually high year-over-year beneficiary count change (z=109.8 vs. population median); unusually high year-over-year payment change (z=79.0 vs. population median)
1003089657,Mass Immunizer Roster Biller,GA,O,0.010894007759550961,1,51.63,High,0,0,unusually high payment-to-charge ratio (z=7.9 vs. population median); unusually high 5-year average payment-to-charge ratio (z=7.6 vs. population median); unusually high allowed-to-charge ratio (z=5.1 vs. population median)
1003084021,Mass Immunizer Roster Biller,KS,O,0.01057832062071884,1,51.55,High,0,0,unusually high multi-year payment trend (z=10.1 vs. population median); unusually high payment-to-charge ratio (z=7.9 vs. population median); unusually high 5-year average payment-to-charge ratio (z=7.3 vs. population median)
1003118621,Mass Immunizer Roster Biller,PA,O,0.010392012611740387,1,51.51,High,0,0,unusually high year-over-year payment-per-service change (z=21.5 vs. population median); unusually high multi-year payment trend (z=10.4 vs. population median); unusually high payment-to-charge ratio (z=7.9 vs. population median)
1003007386,Centralized Flu,PA,O,0.00985742339782314,1,51.38,High,0,0,unusually low payment-to-charge-ratio deviation from specialty peers (z=-23.4 vs. population median); unusually high year-over-year payment-per-service change (z=10.8 vs. population median); unusually high payment-to-charge ratio (z=6.7 vs. population median)
1003112335,Centralized Flu,FL,O,0.008078982588338501,1,50.95,High,0,0,unusually high year-over-year payment-per-service change (z=19.6 vs. population median); unusually high payment-to-charge ratio (z=7.7 vs. population median); unusually high 5-year average payment-to-charge ratio (z=6.2 vs. population median)
1003024357,Mass Immunizer Roster Biller,NJ,O,0.007989318208588392,1,50.93,High,0,0,unusually high year-over-year payment-per-service change (z=10.1 vs. population median); unusually high payment-to-charge ratio (z=7.9 vs. population median); unusually high 5-year average payment-to-charge ratio (z=7.6 vs. population median)
1003096322,Centralized Flu,TN,O,0.007535385642283399,1,50.82,High,0,0,unusually high payment-to-charge ratio (z=7.6 vs. population median); unusually high 5-year average payment-to-charge ratio (z=7.1 vs. population median); unusually high allowed-to-charge ratio (z=4.9 vs. population median)
1003063355,Centralized Flu,TX,O,0.006629389634392191,1,50.6,High,0,0,unusually high year-over-year payment-per-service change (z=16.5 vs. population median); unusually high payment-to-charge ratio (z=7.6 vs. population median); unusually high 5-year average payment-to-charge ratio (z=5.6 vs. population median)
1003064106,Centralized Flu,TX,O,0.006386046047814675,1,50.55,High,0,0,unusually high year-over-year payment-per-service change (z=8.0 vs. population median); unusually high payment-to-charge ratio (z=7.6 vs. population median); unusually high 5-year average payment-to-charge ratio (z=7.5 vs. population median)
1003094798,Centralized Flu,PA,O,0.00634024982494541,1,50.54,High,0,0,unusually high multi-year payment trend (z=16.2 vs. population median); unusually high year-over-year payment-per-service change (z=8.8 vs. population median); unusually high payment-to-charge ratio (z=7.7 vs. population median)
1003103474,Ambulatory Surgical Center,OH,O,0.00540864867374069,1,50.31,High,0,0,unusually high submitted charge per service (z=155.9 vs. population median); unusually high payment per service (z=89.8 vs. population median); unusually high total submitted charges (z=67.8 vs. population median)
1003036385,Mass Immunizer Roster Biller,CT,O,0.004858402922817806,1,50.18,High,0,0,unusually high year-over-year payment-per-service change (z=14.9 vs. population median); unusually low payment-to-charge-ratio deviation from specialty peers (z=-14.0 vs. population median); unusually high payment-to-charge ratio (z=7.4 vs. population median)
1003162041,Mass Immunizer Roster Biller,NJ,O,0.004665248124079313,1,50.13,High,0,0,unusually low payment-to-charge-ratio deviation from specialty peers (z=-10.1 vs. population median); unusually high payment-to-charge ratio (z=7.5 vs. population median); unusually high 5-year average payment-to-charge ratio (z=7.2 vs. population median)
1003122870,Mass Immunizer Roster Biller,VA,O,0.0044753575900424725,1,50.09,High,0,0,unusually high year-over-year payment-per-service change (z=8.8 vs. population median); unusually high payment-to-charge ratio (z=7.9 vs. population median); unusually high 5-year average payment-to-charge ratio (z=7.6 vs. population median)
1003052788,Ophthalmology,MA,I,0.0038377155858723144,1,49.93,Medium,0,0,unusually high total Medicare payment received (z=33.3 vs. population median); unusually high total services billed (z=27.3 vs. population median); unusually high total submitted charges (z=21.6 vs. population median)
1003079187,Ambulatory Surgical Center,OH,O,0.0028509543717242236,1,49.7,Medium,0,0,unusually high total submitted charges (z=47.9 vs. population median); unusually high total Medicare payment received (z=42.4 vs. population median); unusually high payment per service (z=35.9 vs. population median)
1003152810,Mass Immunizer Roster Biller,SC,O,0.002642624220837053,1,49.65,Medium,0,0,unusually high payment-to-charge ratio (z=7.8 vs. population median); unusually high 5-year average payment-to-charge ratio (z=7.5 vs. population median); unusually high allowed-to-charge ratio (z=5.1 vs. population median)
1003013384,Dermatology,AR,I,0.0023759408024331963,1,49.58,Medium,0,0,unusually high 5-year average total payment (z=48.5 vs. population median); unusually high total Medicare payment received (z=44.6 vs. population median); unusually high total services billed (z=39.7 vs. population median)
1003015843,Ambulatory Surgical Center,CA,O,0.0017560298037903044,1,49.43,Medium,0,0,unusually high total submitted charges (z=70.0 vs. population median); unusually high total Medicare payment received (z=53.2 vs. population median); unusually high 5-year average total payment (z=48.2 vs. population median)
1003092438,Mass Immunizer Roster Biller,NV,O,0.001460287578697761,1,49.36,Medium,0,0,unusually high payment-to-charge ratio (z=7.9 vs. population median); unusually high 5-year average payment-to-charge ratio (z=7.5 vs. population median); unusually high allowed-to-charge ratio (z=5.1 vs. population median)
1003059395,Diagnostic Radiology,CA,I,0.0012412899124768506,1,49.31,Medium,0,0,unusually high services-per-beneficiary deviation from specialty peers (z=58.2 vs. population median); unusually high 5-year average total services (z=27.7 vs. population median); unusually high total services billed (z=26.7 vs. population median)
1003030636,Mass Immunizer Roster Biller,TX,O,0.0011731170930801005,1,49.29,Medium,0,0,unusually high payment-to-charge ratio (z=7.7 vs. population median); unusually high 5-year average payment-to-charge ratio (z=6.5 vs. population median); unusually high year-over-year payment-per-service change (z=5.7 vs. population median)
1003072000,Pathology,NC,I,0.001117397036986878,1,49.28,Medium,0,0,unusually high total services billed (z=41.7 vs. population median); unusually high total beneficiaries served (z=41.2 vs. population median); unusually high services per billing code (z=39.1 vs. population median)
1003037219,Centralized Flu,FL,O,0.0009420920556824086,1,49.24,Medium,0,0,unusually high payment-to-charge ratio (z=7.7 vs. population median); unusually high 5-year average payment-to-charge ratio (z=7.3 vs. population median); unusually high allowed-to-charge ratio (z=5.0 vs. population median)
1003099631,Physical Therapist in Private Practice,UT,I,6.528519879933636e-05,1,49.03,Medium,0,0,unusually high year-over-year payment change (z=85.3 vs. population median); unusually high year-over-year beneficiary count change (z=73.2 vs. population median); unusually high year-over-year service volume change (z=55.7 vs. population median)
1003014762,Dermatology,AL,I,-0.00012124394062729138,0,48.98,Medium,0,0,unusually high 5-year average total services (z=49.9 vs. population median); unusually high total services billed (z=48.2 vs. population median); unusually high 5-year average total payment (z=18.0 vs. population median)
1003042912,Diagnostic Radiology,NE,I,-0.0004183945603467576,0,48.91,Medium,0,0,unusually high total services billed (z=47.9 vs. population median); unusually high total beneficiaries served (z=29.1 vs. population median); unusually high 5-year average total services (z=23.6 vs. population median)
1003086380,Centralized Flu,FL,O,-0.001022725746126718,0,48.76,Medium,0,0,unusually high payment-to-charge ratio (z=7.7 vs. population median); unusually high 5-year average payment-to-charge ratio (z=5.6 vs. population median); unusually high allowed-to-charge ratio (z=4.9 vs. population median)
1003072323,Centralized Flu,PA,O,-0.001341305887252009,0,48.69,Medium,0,0,unusually high year-over-year payment-per-service change (z=14.8 vs. population median); unusually high multi-year payment trend (z=8.5 vs. population median); unusually high payment-to-charge ratio (z=7.8 vs. population median)
1003104779,Pharmacy,FL,O,-0.0025569485170416906,0,48.4,Medium,0,0,unusually high multi-year payment trend (z=11.5 vs. population median); unusually high payment-to-charge ratio (z=7.9 vs. population median); unusually high 5-year average payment-to-charge ratio (z=6.9 vs. population median)
1003130188,Ambulance Service Provider,VA,O,-0.0026266436838975338,0,48.38,Medium,0,0,unusually high services per beneficiary (z=44.9 vs. population median); unusually high services per billing code (z=40.7 vs. population median); unusually high 5-year average services per beneficiary (z=38.6 vs. population median)
1003038324,Centralized Flu,MS,O,-0.0031241503647215785,0,48.26,Medium,0,0,unusually low payment-to-charge-ratio deviation from specialty peers (z=-8.4 vs. population median); unusually high year-over-year payment-per-service change (z=7.7 vs. population median); unusually high payment-to-charge ratio (z=7.3 vs. population median)
1003070004,Hematology-Oncology,TX,I,-0.0032956626855479287,0,48.22,Medium,1,0,unusually high 5-year average total services (z=47.9 vs. population median); unusually high total services billed (z=36.9 vs. population median); unusually high 5-year average services per beneficiary (z=36.5 vs. population median)
1003020819,Chiropractic,NY,I,-0.003467753311879318,0,48.18,Medium,0,0,unusually high services per beneficiary (z=116.3 vs. population median); unusually high 5-year average services per beneficiary (z=88.5 vs. population median); unusually high services-per-beneficiary deviation from specialty peers (z=10.7 vs. population median)
1003118795,Licensed Clinical Social Worker,KY,I,-0.003651021204352123,0,48.13,Medium,0,0,unusually high 5-year average services per beneficiary (z=43.2 vs. population median); unusually high services per beneficiary (z=42.0 vs. population median); unusually high payment-to-charge ratio (z=5.6 vs. population median)
1003063520,Centralized Flu,FL,O,-0.0038268641221602673,0,48.09,Medium,0,0,unusually high payment-to-charge ratio (z=7.7 vs. population median); unusually high 5-year average payment-to-charge ratio (z=7.1 vs. population median); unusually high allowed-to-charge ratio (z=5.0 vs. population median)
1003069113,Nurse Practitioner,MS,I,-0.004289576667705908,0,47.98,Medium,1,0,unusually high services-per-beneficiary deviation from specialty peers (z=48.9 vs. population median); unusually high services per beneficiary (z=38.3 vs. population median); unusually high 5-year average services per beneficiary (z=34.9 vs. population median)
1003002254,Centralized Flu,TN,O,-0.005007592662337856,0,47.81,Medium,0,0,unusually high year-over-year payment-per-service change (z=36.1 vs. population median); unusually high payment-to-charge ratio (z=7.6 vs. population median); unusually high 5-year average payment-to-charge ratio (z=5.9 vs. population median)
1003048505,Centralized Flu,WA,O,-0.005224497748328671,0,47.75,Medium,0,0,unusually high year-over-year payment-per-service change (z=8.2 vs. population median); unusually high payment-to-charge ratio (z=7.7 vs. population median); unusually high 5-year average payment-to-charge ratio (z=5.8 vs. population median)
1003115619,Orthopedic Surgery,CA,I,-0.005439987397690249,0,47.7,Medium,1,0,unusually high multi-year service-volume trend (z=141.8 vs. population median); unusually high year-over-year service volume change (z=21.6 vs. population median); unusually high services per beneficiary (z=17.1 vs. population median)
1003064577,Ophthalmology,ID,I,-0.005490382869977495,0,47.69,Medium,0,0,unusually high total Medicare payment received (z=28.7 vs. population median); unusually high 5-year average total payment (z=28.6 vs. population median); unusually high total submitted charges (z=19.9 vs. population median)
1003061508,Nurse Practitioner,CA,I,-0.005796193250470094,0,47.62,Medium,1,0,unusually high charge-per-service deviation from specialty peers (z=20.1 vs. population median); unusually high submitted charge per service (z=12.8 vs. population median); unusually high payment-per-service deviation from specialty peers (z=7.1 vs. population median)
1003001322,Mass Immunizer Roster Biller,MO,O,-0.006152492433146639,0,47.53,Medium,0,0,unusually high payment-to-charge ratio (z=7.9 vs. population median); unusually high multi-year payment trend (z=7.5 vs. population median); unusually high 5-year average payment-to-charge ratio (z=6.2 vs. population median)
1003044199,Family Practice,GA,I,-0.00623875036728172,0,47.51,Medium,0,0,unusually high total services billed (z=51.3 vs. population median); unusually high 5-year average total services (z=37.1 vs. population median); unusually high total beneficiaries served (z=31.6 vs. population median)
1003051582,Centralized Flu,FL,O,-0.008220630571568854,0,47.03,Medium,0,0,unusually high year-over-year payment-per-service change (z=10.0 vs. population median); unusually high payment-to-charge ratio (z=7.6 vs. population median); unusually high 5-year average payment-to-charge ratio (z=7.0 vs. population median)
1003031261,Hand Surgery,TN,I,-0.008744901568747743,0,46.91,Medium,0,0,unusually high year-over-year service volume change (z=22.5 vs. population median); unusually high services-per-beneficiary deviation from specialty peers (z=20.0 vs. population median); unusually high multi-year service-volume trend (z=14.0 vs. population median)
1003064395,Diagnostic Radiology,DC,I,-0.009038943816474743,0,46.84,Medium,0,0,unusually high total services billed (z=45.3 vs. population median); unusually high services-per-beneficiary deviation from specialty peers (z=43.4 vs. population median); unusually high 5-year average total services (z=34.0 vs. population median)
1003118696,Mass Immunizer Roster Biller,MN,O,-0.009557640413809576,0,46.71,Medium,0,0,unusually high year-over-year payment-per-service change (z=15.0 vs. population median); unusually high payment-to-charge ratio (z=7.9 vs. population median); unusually high multi-year payment trend (z=7.0 vs. population median)
1003047846,Centralized Flu,WA,O,-0.010445571926274932,0,46.5,Medium,0,0,unusually high year-over-year payment-per-service change (z=7.9 vs. population median); unusually high payment-to-charge ratio (z=7.8 vs. population median); unusually high 5-year average payment-to-charge ratio (z=5.6 vs. population median)
1003007469,Pain Management,TX,I,-0.010998045198551742,0,46.36,Medium,1,0,unusually high total submitted charges (z=40.3 vs. population median); unusually high total services billed (z=18.8 vs. population median); unusually high 5-year average total services (z=14.4 vs. population median)
1003033689,Ophthalmology,NJ,I,-0.011026214108804222,0,46.36,Medium,0,0,unusually high 5-year average total payment (z=43.7 vs. population median); unusually high 5-year average total services (z=22.7 vs. population median); unusually high total Medicare payment received (z=16.7 vs. population median)
1003100090,Orthopedic Surgery,WI,I,-0.012567732203343063,0,45.99,Medium,0,0,unusually high total submitted charges (z=21.9 vs. population median); unusually high year-over-year service volume change (z=8.5 vs. population median); unusually low year-over-year payment-per-service change (z=-8.1 vs. population median)
1003018763,Physician Assistant,OH,I,-0.012784434059637584,0,45.94,Medium,0,0,unusually high multi-year payment trend (z=89.0 vs. population median); unusually high year-over-year payment change (z=69.3 vs. population median); unusually high multi-year service-volume trend (z=55.1 vs. population median)
1003072893,Radiation Oncology,IL,I,-0.013010195200343744,0,45.88,Medium,0,0,unusually high total Medicare payment received (z=50.4 vs. population median); unusually high 5-year average total payment (z=49.8 vs. population median); unusually high total submitted charges (z=47.2 vs. population median)
1003002809,Diagnostic Radiology,NY,I,-0.01509794904553341,0,45.38,Medium,1,0,unusually high total submitted charges (z=35.8 vs. population median); unusually high charge-per-service deviation from specialty peers (z=15.5 vs. population median); unusually high services-per-beneficiary deviation from specialty peers (z=10.4 vs. population median)
1003139361,Ambulance Service Provider,MI,O,-0.01548072035517678,0,45.29,Medium,0,0,unusually high services per billing code (z=37.8 vs. population median); unusually high total Medicare payment received (z=29.7 vs. population median); unusually high 5-year average total payment (z=28.7 vs. population median)
1003042250,Certified Registered Nurse Anesthetist (CRNA),KS,I,-0.015741869880058545,0,45.22,Medium,0,0,unusually high year-over-year beneficiary count change (z=91.4 vs. population median); unusually high year-over-year service volume change (z=84.2 vs. population median); unusually high multi-year service-volume trend (z=77.9 vs. population median)
1003098344,Centralized Flu,MI,O,-0.01607478549263186,0,45.14,Medium,0,0,unusually high year-over-year payment-per-service change (z=11.6 vs. population median); unusually high payment-to-charge ratio (z=7.7 vs. population median); unusually high 5-year average payment-to-charge ratio (z=5.9 vs. population median)
1003022500,Pain Management,PA,I,-0.01613661114756637,0,45.13,Medium,0,0,unusually high total services billed (z=50.6 vs. population median); unusually high 5-year average total services (z=38.4 vs. population median); unusually high total submitted charges (z=28.3 vs. population median)
1003041674,Centralized Flu,IL,O,-0.01681626153629867,0,44.97,Medium,0,0,unusually high payment-to-charge ratio (z=7.6 vs. population median); unusually high year-over-year payment-per-service change (z=6.4 vs. population median); unusually high 5-year average payment-to-charge ratio (z=5.6 vs. population median)
1003000738,Physician Assistant,TX,I,-0.018304925320060894,0,44.61,Medium,1,0,unusually high year-over-year service volume change (z=73.9 vs. population median); unusually high services-per-beneficiary deviation from specialty peers (z=23.3 vs. population median); unusually high multi-year service-volume trend (z=15.9 vs. population median)
1003041849,Pathology,KY,I,-0.018666247638414957,0,44.52,Medium,0,0,unusually high year-over-year payment change (z=59.6 vs. population median); unusually high year-over-year beneficiary count change (z=22.4 vs. population median); unusually high year-over-year service volume change (z=20.7 vs. population median)
1003084567,Nurse Practitioner,TX,I,-0.018991781096687532,0,44.44,Medium,1,0,unusually high year-over-year payment-per-service change (z=30.2 vs. population median); unusually high year-over-year payment change (z=14.6 vs. population median); unusually high payment-to-charge-ratio deviation from specialty peers (z=9.6 vs. population median)
1003081399,Opioid Treatment Program,VT,O,-0.01929794813642427,0,44.37,Medium,0,0,unusually high 5-year average services per beneficiary (z=56.8 vs. population median); unusually high services per beneficiary (z=36.3 vs. population median); unusually high 5-year average total payment (z=9.7 vs. population median)
1003001983,Physical Therapist in Private Practice,VA,I,-0.0193226026376333,0,44.36,Medium,0,0,unusually high services per beneficiary (z=174.9 vs. population median); unusually high 5-year average services per beneficiary (z=169.7 vs. population median); unusually high services per billing code (z=19.5 vs. population median)
1003032913,Speech Language Pathologist,GA,I,-0.01936763880080028,0,44.35,Medium,0,0,unusually high services per beneficiary (z=164.5 vs. population median); unusually high 5-year average services per beneficiary (z=132.6 vs. population median); unusually high services per billing code (z=13.0 vs. population median)
1003051145,Mass Immunizer Roster Biller,CA,O,-0.019473067564726554,0,44.33,Medium,0,0,unusually high payment-to-charge ratio (z=7.8 vs. population median); unusually high 5-year average payment-to-charge ratio (z=6.8 vs. population median); unusually high year-over-year payment-per-service change (z=6.4 vs. population median)
1003071598,Rheumatology,WA,I,-0.01952430754049761,0,44.31,Medium,1,0,unusually high year-over-year payment-per-service change (z=147.1 vs. population median); unusually high 5-year average services per beneficiary (z=134.4 vs. population median); unusually high 5-year average total services (z=58.7 vs. population median)
1003059288,Diagnostic Radiology,IL,I,-0.019849873017858122,0,44.24,Medium,0,0,unusually high total services billed (z=31.2 vs. population median); unusually high services-per-beneficiary deviation from specialty peers (z=23.6 vs. population median); unusually high multi-year service-volume trend (z=19.8 vs. population median)
1003004904,Pharmacy,NJ,O,-0.02133729672496887,0,43.88,Medium,0,0,unusually high payment-to-charge ratio (z=7.5 vs. population median); unusually high 5-year average payment-to-charge ratio (z=6.6 vs. population median); unusually high allowed-to-charge ratio (z=4.8 vs. population median)
1003159328,Orthopedic Surgery,NY,I,-0.022359293935944158,0,43.63,Medium,0,0,unusually high drug-payment-share deviation from specialty peers (z=87.7 vs. population median); unusually high services per beneficiary (z=11.9 vs. population median); unusually high 5-year average services per beneficiary (z=10.8 vs. population median)
1003143389,Physical Therapist in Private Practice,CA,I,-0.02246351600770935,0,43.61,Medium,0,0,unusually high services per beneficiary (z=176.8 vs. population median); unusually high 5-year average services per beneficiary (z=161.8 vs. population median); unusually high services per billing code (z=34.9 vs. population median)
1003010919,Orthopedic Surgery,CO,I,-0.02360200036485194,0,43.33,Medium,1,0,unusually high 5-year average payment per service (z=14.1 vs. population median); unusually high payment per service (z=12.2 vs. population median); unusually high payment-per-service deviation from specialty peers (z=10.7 vs. population median)
1003056433,Diagnostic Radiology,NJ,I,-0.023717685915579212,0,43.31,Medium,0,0,unusually high services-per-beneficiary deviation from specialty peers (z=70.5 vs. population median); unusually high services per beneficiary (z=14.7 vs. population median); unusually low year-over-year payment-per-service change (z=-13.4 vs. population median)
1003112103,Physical Therapist in Private Practice,NY,I,-0.023789357183876203,0,43.29,Medium,0,0,unusually high services per beneficiary (z=33.8 vs. population median); unusually high year-over-year service volume change (z=32.4 vs. population median); unusually high year-over-year payment change (z=30.5 vs. population median)
1003139395,Physician Assistant,FL,I,-0.024215480985177895,0,43.19,Medium,0,0,unusually high 5-year average total services (z=30.8 vs. population median); unusually high total services billed (z=30.6 vs. population median); unusually high total beneficiaries served (z=24.6 vs. population median)
1003090390,Cardiology,AZ,I,-0.024600780269331324,0,43.09,Medium,0,0,unusually high total Medicare payment received (z=32.5 vs. population median); unusually high total submitted charges (z=26.6 vs. population median); unusually high 5-year average total payment (z=23.3 vs. population median)
1003086778,Gastroenterology,TX,I,-0.024667597962671373,0,43.08,Medium,0,0,unusually high year-over-year payment change (z=108.9 vs. population median); unusually high year-over-year service volume change (z=101.7 vs. population median); unusually high year-over-year beneficiary count change (z=85.2 vs. population median)
1003013335,Anesthesiology,CA,I,-0.02488803945309981,0,43.02,Medium,0,0,unusually high services-per-beneficiary deviation from specialty peers (z=483.1 vs. population median); unusually high year-over-year service volume change (z=17.9 vs. population median); unusually high total services billed (z=16.5 vs. population median)
1003058900,Radiation Oncology,TX,I,-0.025747129509871125,0,42.82,Medium,0,0,unusually high total submitted charges (z=40.4 vs. population median); unusually high total Medicare payment received (z=30.4 vs. population median); unusually high 5-year average total payment (z=28.3 vs. population median)
1003016866,Ambulance Service Provider,WA,O,-0.02771657249027315,0,42.34,Medium,0,0,unusually high 5-year average services per beneficiary (z=54.1 vs. population median); unusually high services per beneficiary (z=44.6 vs. population median); unusually high year-over-year payment-per-service change (z=15.0 vs. population median)
1003103953,Clinical Cardiac Electrophysiology,IN,I,-0.02806650539713451,0,42.26,Medium,0,0,unusually high multi-year service-volume trend (z=86.6 vs. population median); unusually high multi-year payment trend (z=61.8 vs. population median); unusually high total beneficiaries served (z=7.1 vs. population median)
1003136987,Neurology,FL,I,-0.029730756906620304,0,41.86,Medium,0,0,unusually high 5-year average total services (z=27.1 vs. population median); unusually high total services billed (z=27.0 vs. population median); unusually high services per billing code (z=16.9 vs. population median)
1003103755,Orthopedic Surgery,FL,I,-0.029772975506438537,0,41.85,Medium,0,0,unusually high total submitted charges (z=21.6 vs. population median); unusually high total Medicare payment received (z=18.2 vs. population median); unusually high 5-year average total payment (z=15.9 vs. population median)
1003073164,Anesthesiology,PA,I,-0.03017770817558696,0,41.75,Medium,1,0,unusually high year-over-year payment-per-service change (z=65.1 vs. population median); unusually high year-over-year payment change (z=51.4 vs. population median); unusually high submitted charge per service (z=33.2 vs. population median)
1003025511,Pediatric Medicine,NC,I,-0.031082273731178334,0,41.53,Medium,0,0,unusually high year-over-year payment change (z=1258.8 vs. population median); unusually high year-over-year payment-per-service change (z=1216.3 vs. population median); unusually high year-over-year beneficiary count change (z=22.9 vs. population median)
1003089814,Hematology-Oncology,IA,I,-0.03126074688459457,0,41.49,Medium,0,0,unusually high 5-year average total services (z=46.1 vs. population median); unusually high total services billed (z=22.8 vs. population median); unusually high 5-year average total payment (z=17.2 vs. population median)
1003105750,Endocrinology,NJ,I,-0.0314409219306061,0,41.45,Medium,0,0,unusually high total services billed (z=25.0 vs. population median); unusually high 5-year average total services (z=15.1 vs. population median); unusually high total Medicare payment received (z=10.8 vs. population median)
1003012493,Orthopedic Surgery,NM,I,-0.03158128012196337,0,41.41,Medium,1,0,unusually high multi-year service-volume trend (z=61.0 vs. population median); unusually high multi-year payment trend (z=12.5 vs. population median); unusually high total services billed (z=9.7 vs. population median)
1003000639,Cardiac Surgery,CA,I,-0.03170054648156562,0,41.39,Medium,0,0,unusually high multi-year payment trend (z=43.2 vs. population median); unusually high submitted charge per service (z=22.9 vs. population median); unusually high multi-year service-volume trend (z=14.7 vs. population median)
1003088675,Otolaryngology,NJ,I,-0.031730063271700915,0,41.38,Medium,0,0,unusually high total submitted charges (z=31.4 vs. population median); unusually high total Medicare payment received (z=25.1 vs. population median); unusually high 5-year average total payment (z=16.5 vs. population median)
1003053653,Physical Medicine and Rehabilitation,IA,I,-0.0319495371591203,0,41.33,Medium,0,0,unusually high total Medicare payment received (z=35.0 vs. population median); unusually high 5-year average total payment (z=32.5 vs. population median); unusually high total services billed (z=30.6 vs. population median)
1003002783,Diagnostic Radiology,PA,I,-0.031975856725682705,0,41.32,Medium,0,0,unusually high services-per-beneficiary deviation from specialty peers (z=76.7 vs. population median); unusually high total services billed (z=17.6 vs. population median); unusually high services per beneficiary (z=16.1 vs. population median)
1003107558,Family Practice,OH,I,-0.03234231706376123,0,41.23,Medium,1,0,unusually high year-over-year service volume change (z=19.2 vs. population median); unusually high year-over-year beneficiary count change (z=11.9 vs. population median); unusually high total beneficiaries served (z=11.5 vs. population median)
1003032202,Physical Medicine and Rehabilitation,SC,I,-0.0323650185344202,0,41.23,Medium,0,0,unusually high total services billed (z=27.0 vs. population median); unusually high year-over-year service volume change (z=23.3 vs. population median); unusually high services per beneficiary (z=20.7 vs. population median)
1003128976,Diagnostic Radiology,TX,I,-0.03265857269881267,0,41.15,Medium,0,0,unusually high 5-year average total services (z=22.0 vs. population median); unusually high total services billed (z=18.1 vs. population median); unusually high services-per-beneficiary deviation from specialty peers (z=16.6 vs. population median)
1003045063,Pathology,MA,I,-0.03347750849688058,0,40.96,Medium,0,0,unusually high total beneficiaries served (z=30.5 vs. population median); unusually high total services billed (z=27.7 vs. population median); unusually high 5-year average total services (z=26.2 vs. population median)
1003159674,Physical Medicine and Rehabilitation,NY,I,-0.03376654894248521,0,40.89,Medium,0,0,unusually high services per beneficiary (z=21.4 vs. population median); unusually high 5-year average services per beneficiary (z=19.5 vs. population median); unusually high 5-year average total services (z=13.7 vs. population median)
1003006115,Physician Assistant,GA,I,-0.03394125840202766,0,40.85,Medium,0,0,unusually high multi-year service-volume trend (z=56.5 vs. population median); unusually high multi-year payment trend (z=40.8 vs. population median); unusually high total submitted charges (z=13.6 vs. population median)
1003036310,Ambulatory Surgical Center,IL,O,-0.03465895718035095,0,40.67,Medium,0,0,unusually high total submitted charges (z=60.4 vs. population median); unusually high total Medicare payment received (z=32.9 vs. population median); unusually high submitted charge per service (z=23.4 vs. population median)
1003021973,Dermatology,OH,I,-0.034821079651654374,0,40.63,Medium,0,0,unusually high total Medicare payment received (z=19.0 vs. population median); unusually high 5-year average total payment (z=14.1 vs. population median); unusually high total submitted charges (z=11.9 vs. population median)
1003137936,Urology,CO,I,-0.035259511432180424,0,40.53,Medium,0,0,unusually high services-per-beneficiary deviation from specialty peers (z=19.7 vs. population median); unusually high services per beneficiary (z=10.1 vs. population median); unusually high total services billed (z=9.2 vs. population median)
1003001363,Anesthesiology,CA,I,-0.03611527877831067,0,40.32,Medium,0,0,unusually high services-per-beneficiary deviation from specialty peers (z=389.4 vs. population median); unusually high 5-year average total services (z=30.1 vs. population median); unusually high total services billed (z=17.6 vs. population median)
1003027376,Diagnostic Radiology,MS,I,-0.036408264068609086,0,40.25,Medium,0,0,unusually high total services billed (z=36.9 vs. population median); unusually high total beneficiaries served (z=33.1 vs. population median); unusually high 5-year average total services (z=31.9 vs. population median)
1003159872,Micrographic Dermatologic Surgery,AZ,I,-0.036529033151867396,0,40.22,Medium,0,0,unusually high total Medicare payment received (z=24.9 vs. population median); unusually high 5-year average total payment (z=24.1 vs. population median); unusually high total submitted charges (z=12.9 vs. population median)
1003077652,Dermatology,FL,I,-0.03732221907293032,0,40.03,Medium,0,0,unusually high 5-year average total payment (z=36.6 vs. population median); unusually high total Medicare payment received (z=34.6 vs. population median); unusually high total submitted charges (z=28.4 vs. population median)
1003020645,Endocrinology,NE,I,-0.03770745578929907,0,39.94,Medium,0,0,unusually high services-per-beneficiary deviation from specialty peers (z=16.6 vs. population median); unusually high services per beneficiary (z=16.6 vs. population median); unusually high 5-year average services per beneficiary (z=16.1 vs. population median)
1003036088,Speech Language Pathologist,NY,I,-0.03793971706661453,0,39.88,Medium,0,0,unusually high 5-year average services per beneficiary (z=139.1 vs. population median); unusually high services per beneficiary (z=138.4 vs. population median); unusually high services per billing code (z=20.0 vs. population median)
1003098542,Interventional Cardiology,NY,I,-0.03876332853978498,0,39.69,Medium,0,0,unusually high total submitted charges (z=36.1 vs. population median); unusually high 5-year average total payment (z=22.6 vs. population median); unusually high total Medicare payment received (z=21.8 vs. population median)
1003105529,Orthopedic Surgery,IN,I,-0.0390781877718922,0,39.61,Medium,0,0,unusually high total submitted charges (z=14.3 vs. population median); unusually high 5-year average total services (z=11.5 vs. population median); unusually high total services billed (z=10.9 vs. population median)
1003083551,Ambulatory Surgical Center,AZ,O,-0.03948529373138232,0,39.51,Medium,1,0,unusually high 5-year average payment per service (z=21.3 vs. population median); unusually high payment per service (z=17.5 vs. population median); unusually high payment-to-charge-ratio deviation from specialty peers (z=13.4 vs. population median)
1003044645,Allergy/ Immunology,SC,I,-0.0398144104930353,0,39.43,Medium,1,0,unusually high 5-year average services per beneficiary (z=17.5 vs. population median); unusually high services per beneficiary (z=17.2 vs. population median); unusually high year-over-year payment-per-service change (z=17.1 vs. population median)
1003107970,General Surgery,VA,I,-0.03992475464625822,0,39.41,Medium,0,0,unusually high multi-year service-volume trend (z=204.1 vs. population median); unusually high multi-year payment trend (z=162.5 vs. population median); unusually high services-per-beneficiary deviation from specialty peers (z=16.4 vs. population median)
1003124819,Nurse Practitioner,WI,I,-0.04041936729749018,0,39.29,Medium,0,0,unusually high year-over-year payment change (z=68.4 vs. population median); unusually high year-over-year beneficiary count change (z=32.5 vs. population median); unusually high year-over-year service volume change (z=26.7 vs. population median)
1003018276,Diagnostic Radiology,TX,I,-0.04171286765075416,0,38.98,Medium,0,0,unusually high total submitted charges (z=35.7 vs. population median); unusually high total beneficiaries served (z=26.0 vs. population median); unusually high total services billed (z=16.2 vs. population median)
1003054248,Endocrinology,PA,I,-0.04179354748148689,0,38.96,Medium,0,0,unusually high multi-year service-volume trend (z=28.4 vs. population median); unusually high multi-year payment trend (z=12.4 vs. population median); unusually high services per beneficiary (z=11.9 vs. population median)
1003070129,Cardiology,TN,I,-0.042203462048731655,0,38.86,Medium,0,0,unusually high total submitted charges (z=30.4 vs. population median); unusually high total beneficiaries served (z=24.1 vs. population median); unusually high total services billed (z=15.8 vs. population median)
1003087107,Audiologist,WI,I,-0.04248092008664345,0,38.79,Medium,0,0,unusually high year-over-year beneficiary count change (z=49.9 vs. population median); unusually high year-over-year service volume change (z=44.2 vs. population median); unusually high year-over-year payment change (z=40.1 vs. population median)
1003082660,Infectious Disease,NJ,I,-0.04269197232098593,0,38.74,Medium,0,0,unusually high 5-year average total payment (z=23.6 vs. population median); unusually high 5-year average total services (z=23.5 vs. population median); unusually high total services billed (z=21.6 vs. population median)
1003069956,Physical Therapist in Private Practice,OH,I,-0.04395481479430008,0,38.44,Medium,1,0,unusually high services per beneficiary (z=51.7 vs. population median); unusually high 5-year average services per beneficiary (z=40.8 vs. population median); unusually high year-over-year payment change (z=30.5 vs. population median)
1003001595,Speech Language Pathologist,MD,I,-0.04409689608338385,0,38.4,Medium,0,0,unusually high services per beneficiary (z=94.6 vs. population median); unusually high 5-year average services per beneficiary (z=83.2 vs. population median); unusually high services per billing code (z=10.5 vs. population median)
1003075383,Sports Medicine,MN,I,-0.04517817673025243,0,38.14,Medium,0,0,unusually high services per beneficiary (z=20.4 vs. population median); unusually high total services billed (z=11.7 vs. population median); unusually low year-over-year payment-per-service change (z=-10.5 vs. population median)
1003097957,Orthopedic Surgery,TX,I,-0.04544911446644284,0,38.08,Medium,0,0,unusually high 5-year average payment per service (z=10.0 vs. population median); unusually high payment per service (z=9.0 vs. population median); unusually high payment-per-service deviation from specialty peers (z=8.0 vs. population median)
1003077256,Diagnostic Radiology,CA,I,-0.045434956853391384,0,38.08,Medium,0,0,unusually high services-per-beneficiary deviation from specialty peers (z=60.8 vs. population median); unusually high 5-year average total services (z=26.8 vs. population median); unusually high total services billed (z=21.1 vs. population median)
1003130725,Dermatology,CO,I,-0.045584695233838124,0,38.05,Medium,0,0,unusually high 5-year average total services (z=20.6 vs. population median); unusually high total services billed (z=19.5 vs. population median); unusually high total beneficiaries served (z=11.0 vs. population median)
1003040296,Family Practice,SD,I,-0.0457468288396054,0,38.01,Medium,0,0,unusually high multi-year payment trend (z=32.3 vs. population median); unusually high multi-year service-volume trend (z=32.1 vs. population median); unusually high year-over-year service volume change (z=11.2 vs. population median)
1003093253,Hand Surgery,TX,I,-0.04607288735500542,0,37.93,Medium,0,0,unusually high multi-year payment trend (z=26.0 vs. population median); unusually high multi-year service-volume trend (z=20.4 vs. population median); unusually high year-over-year payment change (z=15.5 vs. population median)
1003016775,Nephrology,PR,I,-0.04608855249281568,0,37.92,Medium,1,0,unusually high standardized-amount-to-payment ratio (z=7.6 vs. population median); unusually high service-concentration deviation from specialty peers (z=5.6 vs. population median); unusually high allowed-to-charge ratio (z=5.2 vs. population median)
1003032111,Neurology,FL,I,-0.04737068866918798,0,37.62,Medium,0,0,unusually high multi-year service-volume trend (z=54.4 vs. population median); unusually high multi-year payment trend (z=26.9 vs. population median); unusually high year-over-year payment change (z=14.8 vs. population median)
1003144841,Chiropractic,IL,I,-0.047588775203256384,0,37.56,Medium,0,0,unusually high services per beneficiary (z=42.7 vs. population median); unusually high 5-year average services per beneficiary (z=39.0 vs. population median); unusually high services per billing code (z=5.8 vs. population median)
1003017682,Orthopedic Surgery,VA,I,-0.04768253662524741,0,37.54,Medium,0,0,unusually high drug-payment-share deviation from specialty peers (z=44.8 vs. population median); unusually high total services billed (z=9.9 vs. population median); unusually high total Medicare payment received (z=8.7 vs. population median)
1003104910,Rheumatology,CT,I,-0.0482467338287903,0,37.41,Medium,0,0,unusually high year-over-year service volume change (z=13.1 vs. population median); unusually high services per beneficiary (z=11.7 vs. population median); unusually low year-over-year payment-per-service change (z=-11.3 vs. population median)
1003069774,Nurse Practitioner,CO,I,-0.049580965851098724,0,37.08,Medium,0,0,unusually high multi-year payment trend (z=7.0 vs. population median); unusually high payment-to-charge-ratio deviation from specialty peers (z=5.7 vs. population median); unusually high multi-year service-volume trend (z=4.8 vs. population median)
1003159302,General Surgery,NY,I,-0.050258685584081975,0,36.92,Medium,0,0,unusually high submitted charge per service (z=13.7 vs. population median); unusually high charge-per-service deviation from specialty peers (z=12.7 vs. population median); unusually high 5-year average payment per service (z=8.3 vs. population median)
1003048943,Cardiology,AR,I,-0.05029393792046066,0,36.91,Medium,1,0,unusually high total Medicare payment received (z=17.3 vs. population median); unusually high payment-per-service deviation from specialty peers (z=17.1 vs. population median); unusually high 5-year average total payment (z=13.7 vs. population median)
1003028663,Chiropractic,OH,I,-0.05033194314883488,0,36.9,Medium,0,0,unusually high services per beneficiary (z=59.4 vs. population median); unusually high 5-year average services per beneficiary (z=46.4 vs. population median); unusually high services per billing code (z=30.5 vs. population median)
1003018342,Diagnostic Radiology,FL,I,-0.05060826418620851,0,36.84,Medium,0,0,unusually high total submitted charges (z=30.5 vs. population median); unusually high total beneficiaries served (z=21.0 vs. population median); unusually high number of distinct billing codes (HCPCS) used (z=12.5 vs. population median)
1003152232,Physician Assistant,CO,I,-0.0509725140644004,0,36.75,Medium,0,0,unusually high services-per-beneficiary deviation from specialty peers (z=18.5 vs. population median); unusually high services per beneficiary (z=10.7 vs. population median); unusually high 5-year average services per beneficiary (z=9.6 vs. population median)
1003138736,Ambulatory Surgical Center,CA,O,-0.05133144452275212,0,36.66,Medium,0,0,unusually high submitted charge per service (z=90.5 vs. population median); unusually high 5-year average payment per service (z=55.5 vs. population median); unusually high payment per service (z=53.5 vs. population median)
1003044538,Diagnostic Radiology,NY,I,-0.05137482076418226,0,36.65,Medium,1,0,unusually high services-per-beneficiary deviation from specialty peers (z=15.6 vs. population median); unusually high total services billed (z=14.1 vs. population median); unusually high year-over-year payment change (z=13.5 vs. population median)
1003156530,Chiropractic,NY,I,-0.05152878498510527,0,36.62,Medium,0,0,unusually high services per beneficiary (z=19.8 vs. population median); unusually high 5-year average services per beneficiary (z=18.0 vs. population median); unusually high allowed-to-charge ratio (z=5.2 vs. population median)
1003158684,Physical Medicine and Rehabilitation,WA,I,-0.05170490208004708,0,36.57,Medium,0,0,unusually high total submitted charges (z=9.2 vs. population median); unusually high services per beneficiary (z=7.4 vs. population median); unusually high total services billed (z=6.8 vs. population median)
1003118019,Nurse Practitioner,TN,I,-0.05186066174591403,0,36.54,Medium,0,0,unusually high year-over-year beneficiary count change (z=181.8 vs. population median); unusually high year-over-year service volume change (z=118.0 vs. population median); unusually high year-over-year payment change (z=71.3 vs. population median)
1003013947,Orthopedic Surgery,TN,I,-0.0521979072038663,0,36.46,Medium,0,0,unusually high year-over-year service volume change (z=12.1 vs. population median); unusually high multi-year service-volume trend (z=10.9 vs. population median); unusually low year-over-year payment-per-service change (z=-8.8 vs. population median)
1003030529,Licensed Clinical Social Worker,MA,I,-0.05226536292906603,0,36.44,Medium,0,0,unusually high services per beneficiary (z=73.5 vs. population median); unusually high 5-year average services per beneficiary (z=48.6 vs. population median); unusually high year-over-year payment change (z=6.4 vs. population median)
1003133216,Dermatology,CA,I,-0.05264189625019028,0,36.35,Medium,0,0,unusually high services per beneficiary (z=19.4 vs. population median); unusually high services-per-beneficiary deviation from specialty peers (z=15.9 vs. population median); unusually high 5-year average services per beneficiary (z=14.6 vs. population median)
1003080375,Cardiology,TX,I,-0.05280023560108443,0,36.31,Medium,0,0,unusually high total submitted charges (z=35.3 vs. population median); unusually high total Medicare payment received (z=16.8 vs. population median); unusually high total services billed (z=14.9 vs. population median)
1003152265,Physical Therapist in Private Practice,NJ,I,-0.05310127025708189,0,36.24,Medium,0,0,unusually high services per beneficiary (z=45.8 vs. population median); unusually high 5-year average services per beneficiary (z=41.8 vs. population median); unusually high services per billing code (z=28.0 vs. population median)
1003073958,Dermatology,MD,I,-0.05394781831436213,0,36.03,Medium,0,0,unusually high 5-year average total services (z=31.7 vs. population median); unusually high total services billed (z=28.4 vs. population median); unusually high 5-year average services per beneficiary (z=15.7 vs. population median)
1003076795,Internal Medicine,IL,I,-0.054271594332942874,0,35.96,Medium,1,0,unusually high 5-year average total services (z=46.4 vs. population median); unusually high 5-year average services per beneficiary (z=34.9 vs. population median); unusually high year-over-year payment-per-service change (z=13.5 vs. population median)
1003108457,Diagnostic Radiology,MA,I,-0.05476973146851494,0,35.84,Medium,0,0,unusually high services-per-beneficiary deviation from specialty peers (z=25.6 vs. population median); unusually high total services billed (z=25.0 vs. population median); unusually high total beneficiaries served (z=13.9 vs. population median)
1003127556,Otolaryngology,FL,I,-0.05483932656319157,0,35.82,Medium,0,0,unusually high multi-year payment trend (z=261.1 vs. population median); unusually high multi-year service-volume trend (z=210.3 vs. population median); unusually high year-over-year service volume change (z=8.3 vs. population median)
1003012444,Diagnostic Radiology,CA,I,-0.054833193004760805,0,35.82,Medium,0,0,unusually high charge-per-service deviation from specialty peers (z=41.2 vs. population median); unusually high submitted charge per service (z=21.9 vs. population median); unusually high total submitted charges (z=17.8 vs. population median)
1003102435,Oral Surgery (Dentist only),PA,I,-0.05494200839412505,0,35.8,Medium,0,0,unusually high year-over-year payment change (z=45.9 vs. population median); unusually high year-over-year beneficiary count change (z=38.9 vs. population median); unusually high year-over-year service volume change (z=37.1 vs. population median)
1003075797,Ambulance Service Provider,OH,O,-0.05566115503254382,0,35.62,Medium,0,0,unusually high services per billing code (z=47.4 vs. population median); unusually high 5-year average total services (z=27.8 vs. population median); unusually high total services billed (z=27.4 vs. population median)
1003010943,Endocrinology,IL,I,-0.056538233786488035,0,35.41,Medium,0,0,unusually high total services billed (z=14.7 vs. population median); unusually high 5-year average total services (z=11.8 vs. population median); unusually high 5-year average services per beneficiary (z=9.2 vs. population median)
1003010687,Dermatology,TX,I,-0.05654076742827713,0,35.41,Medium,0,0,unusually high 5-year average total services (z=41.5 vs. population median); unusually high total services billed (z=37.0 vs. population median); unusually high total beneficiaries served (z=36.9 vs. population median)
1003027590,Chiropractic,FL,I,-0.05670555515819431,0,35.37,Medium,0,0,unusually high services per beneficiary (z=38.0 vs. population median); unusually high 5-year average services per beneficiary (z=27.0 vs. population median); unusually high services per billing code (z=13.0 vs. population median)
1003077702,Nephrology,VA,I,-0.05703980419890442,0,35.29,Medium,0,0,unusually high year-over-year payment change (z=132.8 vs. population median); unusually high year-over-year service volume change (z=128.4 vs. population median); unusually high year-over-year beneficiary count change (z=127.7 vs. population median)
1003044793,Neurology,NE,I,-0.057364587176397364,0,35.21,Medium,0,0,unusually high submitted charge per service (z=16.5 vs. population median); unusually high charge-per-service deviation from specialty peers (z=16.0 vs. population median); unusually high year-over-year beneficiary count change (z=11.8 vs. population median)
1003050303,Pathology,MI,I,-0.057454933093124994,0,35.19,Medium,0,0,unusually high total services billed (z=30.2 vs. population median); unusually high total submitted charges (z=21.0 vs. population median); unusually high 5-year average total services (z=14.2 vs. population median)
1003017351,Ambulatory Surgical Center,CA,O,-0.057787536932802974,0,35.11,Medium,1,0,unusually high 5-year average payment per service (z=41.3 vs. population median); unusually high submitted charge per service (z=40.7 vs. population median); unusually high payment per service (z=27.8 vs. population median)
1003127275,Psychiatry,CA,I,-0.05784810672649937,0,35.1,Medium,0,0,unusually high multi-year payment trend (z=45.2 vs. population median); unusually high multi-year service-volume trend (z=27.6 vs. population median); unusually high year-over-year service volume change (z=9.0 vs. population median)
1003128760,Critical Care (Intensivists),MA,I,-0.05814635256058548,0,35.02,Medium,0,0,unusually high submitted charge per service (z=15.0 vs. population median); unusually high charge-per-service deviation from specialty peers (z=6.3 vs. population median); unusually high 5-year average service concentration (HHI) (z=4.9 vs. population median)
1003000704,Anesthesiology,OH,I,-0.05832904029260472,0,34.98,Medium,1,0,unusually high year-over-year payment-per-service change (z=14.1 vs. population median); unusually high services-per-beneficiary deviation from specialty peers (z=13.9 vs. population median); unusually high standardized-amount-to-payment ratio (z=8.2 vs. population median)
1003137266,Certified Registered Nurse Anesthetist (CRNA),VA,I,-0.05847458776873349,0,34.95,Medium,0,0,unusually high services-per-beneficiary deviation from specialty peers (z=36.5 vs. population median); unusually high submitted charge per service (z=14.4 vs. population median); unusually high 5-year average payment per service (z=7.6 vs. population median)
1003011933,Diagnostic Radiology,WA,I,-0.058560332700904105,0,34.92,Medium,1,0,unusually high 5-year average total services (z=42.4 vs. population median); unusually high total beneficiaries served (z=23.2 vs. population median); unusually high total services billed (z=20.0 vs. population median)
1003107400,Ophthalmology,NY,I,-0.05931393353451614,0,34.74,Medium,0,0,unusually high multi-year payment trend (z=484.5 vs. population median); unusually high multi-year service-volume trend (z=379.2 vs. population median); unusually high year-over-year payment-per-service change (z=22.5 vs. population median)
1003044975,Interventional Radiology,ND,I,-0.05940125119142187,0,34.72,Medium,1,0,unusually high total beneficiaries served (z=20.7 vs. population median); unusually high multi-year payment trend (z=16.5 vs. population median); unusually high multi-year service-volume trend (z=15.7 vs. population median)
1003105719,Orthopedic Surgery,AL,I,-0.05949930981228746,0,34.7,Medium,0,0,unusually high drug-payment-share deviation from specialty peers (z=59.7 vs. population median); unusually high total services billed (z=6.9 vs. population median); unusually high 5-year average total services (z=5.9 vs. population median)
1003044876,Otolaryngology,CA,I,-0.059544792441437455,0,34.69,Medium,0,0,unusually high total beneficiaries served (z=23.3 vs. population median); unusually high total services billed (z=21.5 vs. population median); unusually high total Medicare payment received (z=18.2 vs. population median)
1003003161,Physical Therapist in Private Practice,CA,I,-0.05964143208406797,0,34.66,Medium,0,0,unusually high services per beneficiary (z=61.5 vs. population median); unusually high services per billing code (z=57.2 vs. population median); unusually high 5-year average services per beneficiary (z=54.6 vs. population median)
1003041559,Psychiatry,CA,I,-0.059757083625226304,0,34.64,Medium,0,0,unusually high year-over-year payment change (z=48.3 vs. population median); unusually high year-over-year service volume change (z=46.4 vs. population median); unusually high services per beneficiary (z=23.0 vs. population median)
1003032442,Chiropractic,MI,I,-0.05976740243088535,0,34.63,Medium,0,0,unusually high services per beneficiary (z=7.6 vs. population median); unusually high 5-year average services per beneficiary (z=6.8 vs. population median); unusually high standardized-amount-to-payment ratio (z=5.5 vs. population median)
1003044033,Orthopedic Surgery,TN,I,-0.05987903829306429,0,34.61,Medium,0,0,unusually high year-over-year service volume change (z=13.3 vs. population median); unusually high total services billed (z=10.9 vs. population median); unusually low year-over-year payment-per-service change (z=-10.6 vs. population median)
1003070723,General Practice,MI,I,-0.06019453940343078,0,34.53,Medium,0,0,unusually high year-over-year beneficiary count change (z=108.2 vs. population median); unusually high year-over-year service volume change (z=46.3 vs. population median); unusually high year-over-year payment change (z=38.5 vs. population median)
1003058173,Clinical Cardiac Electrophysiology,NE,I,-0.060518427339867564,0,34.45,Medium,0,0,unusually high total beneficiaries served (z=50.0 vs. population median); unusually high total services billed (z=39.9 vs. population median); unusually high 5-year average total services (z=30.1 vs. population median)
1003136011,Family Practice,IN,I,-0.060595473966726654,0,34.44,Medium,0,0,unusually high services-per-beneficiary deviation from specialty peers (z=7.1 vs. population median); unusually high total services billed (z=6.2 vs. population median); unusually high 5-year average total services (z=6.2 vs. population median)
1003009135,Nurse Practitioner,WA,I,-0.06092603844332395,0,34.36,Medium,0,0,unusually high year-over-year service volume change (z=47.0 vs. population median); unusually high year-over-year payment change (z=45.5 vs. population median); unusually high multi-year service-volume trend (z=17.6 vs. population median)
1003119116,Nurse Practitioner,WA,I,-0.06131718424084809,0,34.26,Medium,1,0,unusually high services per billing code (z=34.7 vs. population median); unusually high services-per-beneficiary deviation from specialty peers (z=27.3 vs. population median); unusually high services per beneficiary (z=21.4 vs. population median)
1003129701,Physician Assistant,WI,I,-0.06147154991346793,0,34.22,Medium,0,0,unusually high charge-per-service deviation from specialty peers (z=75.8 vs. population median); unusually high submitted charge per service (z=66.1 vs. population median); unusually low standardized-amount-to-payment ratio (z=-6.5 vs. population median)
1003064999,Diagnostic Radiology,NV,I,-0.0616237552831817,0,34.19,Medium,0,0,unusually high total beneficiaries served (z=24.8 vs. population median); unusually high total submitted charges (z=18.6 vs. population median); unusually high number of distinct billing codes (HCPCS) used (z=18.0 vs. population median)
1003104605,Cardiology,TX,I,-0.06164238626811036,0,34.18,Medium,0,0,unusually high multi-year service-volume trend (z=968.2 vs. population median); unusually high multi-year payment trend (z=443.0 vs. population median); unusually high total beneficiaries served (z=13.0 vs. population median)
1003016510,Physical Therapist in Private Practice,TX,I,-0.06173357594904244,0,34.16,Medium,0,0,unusually high services per beneficiary (z=64.1 vs. population median); unusually high 5-year average services per beneficiary (z=53.7 vs. population median); unusually high services per billing code (z=21.9 vs. population median)
1003012410,Family Practice,NJ,I,-0.06222061422682318,0,34.04,Medium,0,0,unusually high multi-year service-volume trend (z=28.2 vs. population median); unusually high multi-year payment trend (z=17.4 vs. population median); unusually high total beneficiaries served (z=5.6 vs. population median)
1003025875,Urology,OR,I,-0.06233230101132986,0,34.02,Medium,0,0,unusually high services-per-beneficiary deviation from specialty peers (z=18.6 vs. population median); unusually high total services billed (z=14.9 vs. population median); unusually high 5-year average total services (z=14.4 vs. population median)
1003115270,Neurosurgery,TX,I,-0.06253051264823295,0,33.97,Medium,0,0,unusually high multi-year payment trend (z=35.5 vs. population median); unusually high multi-year service-volume trend (z=23.8 vs. population median); unusually high submitted charge per service (z=14.9 vs. population median)
1003085671,Orthopedic Surgery,PA,I,-0.06285981439128913,0,33.89,Medium,0,0,unusually low year-over-year payment-per-service change (z=-9.6 vs. population median); unusually high services per beneficiary (z=9.5 vs. population median); unusually high year-over-year service volume change (z=9.4 vs. population median)
1003034380,Optometry,MS,I,-0.06295181562250113,0,33.87,Medium,0,0,unusually high multi-year payment trend (z=694.7 vs. population median); unusually high multi-year service-volume trend (z=164.2 vs. population median); unusually high payment-to-charge ratio (z=5.1 vs. population median)
1003072877,Endocrinology,IL,I,-0.06312190836393727,0,33.83,Medium,0,0,unusually high total services billed (z=16.0 vs. population median); unusually high 5-year average total services (z=15.1 vs. population median); unusually high total beneficiaries served (z=9.4 vs. population median)
1003022245,Obstetrics & Gynecology,PA,I,-0.063887779388136,0,33.64,Medium,0,0,unusually high services-per-beneficiary deviation from specialty peers (z=25.1 vs. population median); unusually high multi-year service-volume trend (z=13.5 vs. population median); unusually high services per beneficiary (z=9.0 vs. population median)
1003110180,Obstetrics & Gynecology,NY,I,-0.06455307940406707,0,33.48,Medium,0,0,unusually high services-per-beneficiary deviation from specialty peers (z=17.6 vs. population median); unusually high 5-year average services per beneficiary (z=6.9 vs. population median); unusually high services per beneficiary (z=6.1 vs. population median)
1003027392,Neurosurgery,OH,I,-0.0647943973476044,0,33.43,Medium,0,0,unusually high total submitted charges (z=28.8 vs. population median); unusually high total Medicare payment received (z=16.4 vs. population median); unusually high 5-year average total payment (z=13.8 vs. population median)
1003012428,Family Practice,KY,I,-0.06539173261503439,0,33.28,Medium,0,0,unusually high standardized-amount-to-payment ratio (z=19.7 vs. population median); unusually high year-over-year service volume change (z=10.2 vs. population median); unusually low year-over-year payment-per-service change (z=-8.6 vs. population median)
1003108549,Urology,MD,I,-0.06550891293236,0,33.25,Medium,0,0,unusually high total services billed (z=22.6 vs. population median); unusually high total beneficiaries served (z=22.0 vs. population median); unusually high 5-year average total services (z=18.4 vs. population median)
1003051681,Ambulance Service Provider,IA,O,-0.06564259994811955,0,33.22,Medium,0,0,unusually high services per beneficiary (z=47.9 vs. population median); unusually high 5-year average services per beneficiary (z=41.8 vs. population median); unusually high services per billing code (z=11.1 vs. population median)
1003015355,Ambulance Service Provider,IL,O,-0.06586363841939596,0,33.17,Medium,0,0,unusually high services per beneficiary (z=56.1 vs. population median); unusually high 5-year average services per beneficiary (z=28.7 vs. population median); unusually low standardized-amount-to-payment ratio (z=-13.8 vs. population median)
1003129297,Certified Registered Nurse Anesthetist (CRNA),LA,I,-0.06591568140756848,0,33.16,Medium,0,0,unusually high year-over-year beneficiary count change (z=20.7 vs. population median); unusually high year-over-year service volume change (z=16.9 vs. population median); unusually high submitted charge per service (z=15.4 vs. population median)
1003002643,Physician Assistant,NY,I,-0.06600758321917405,0,33.13,Medium,0,0,unusually high services-per-beneficiary deviation from specialty peers (z=20.2 vs. population median); unusually high services per beneficiary (z=11.7 vs. population median); unusually low year-over-year payment-per-service change (z=-7.7 vs. population median)
1003159104,Allergy/ Immunology,TX,I,-0.06647470783032805,0,33.02,Medium,0,0,unusually high services per beneficiary (z=41.2 vs. population median); unusually high 5-year average services per beneficiary (z=37.6 vs. population median); unusually high payment-to-charge-ratio deviation from specialty peers (z=4.8 vs. population median)
1003097726,Chiropractic,CO,I,-0.06646274149702969,0,33.02,Medium,0,0,unusually high services per billing code (z=29.9 vs. population median); unusually high services per beneficiary (z=20.3 vs. population median); unusually high 5-year average services per beneficiary (z=17.8 vs. population median)
1003092883,Portable X-Ray Supplier,TX,O,-0.06665103282979762,0,32.98,Medium,0,0,unusually high 5-year average total services (z=15.6 vs. population median); unusually high 5-year average total payment (z=15.3 vs. population median); unusually high total beneficiaries served (z=10.8 vs. population median)
1003032616,Chiropractic,NY,I,-0.06664704376518404,0,32.98,Medium,0,0,unusually high services per beneficiary (z=31.3 vs. population median); unusually high 5-year average services per beneficiary (z=28.6 vs. population median); unusually high 5-year average service concentration (HHI) (z=4.9 vs. population median)
1003026865,Chiropractic,SC,I,-0.06687472387788501,0,32.93,Medium,0,0,unusually high services per billing code (z=19.6 vs. population median); unusually high 5-year average services per beneficiary (z=16.1 vs. population median); unusually high services per beneficiary (z=15.3 vs. population median)
1003006396,Nurse Practitioner,TN,I,-0.06755653740715722,0,32.76,Medium,0,0,unusually high year-over-year service volume change (z=35.3 vs. population median); unusually high year-over-year payment change (z=22.3 vs. population median); unusually high multi-year service-volume trend (z=17.6 vs. population median)
1003037508,Anesthesiology,CA,I,-0.06818133776985824,0,32.61,Medium,1,0,unusually high submitted charge per service (z=45.4 vs. population median); unusually high total submitted charges (z=25.0 vs. population median); unusually high services-per-beneficiary deviation from specialty peers (z=25.0 vs. population median)
1003109513,Internal Medicine,CA,I,-0.0684103534302129,0,32.56,Medium,0,0,unusually high services-per-beneficiary deviation from specialty peers (z=16.6 vs. population median); unusually high services per beneficiary (z=14.7 vs. population median); unusually high multi-year service-volume trend (z=11.3 vs. population median)
1003133117,Internal Medicine,LA,I,-0.06885292745077565,0,32.45,Medium,0,0,unusually high total beneficiaries served (z=15.1 vs. population median); unusually high total services billed (z=11.9 vs. population median); unusually high 5-year average total services (z=11.5 vs. population median)
1003050204,Physical Medicine and Rehabilitation,KS,I,-0.06900045291445789,0,32.41,Medium,0,0,unusually high total services billed (z=15.1 vs. population median); unusually high services per beneficiary (z=10.9 vs. population median); unusually high multi-year service-volume trend (z=10.0 vs. population median)
1003093279,Certified Registered Nurse Anesthetist (CRNA),IL,I,-0.06947981346943888,0,32.3,Medium,0,0,unusually high submitted charge per service (z=18.3 vs. population median); unusually high year-over-year payment-per-service change (z=10.9 vs. population median); unusually high charge-per-service deviation from specialty peers (z=5.5 vs. population median)
1003127499,Licensed Clinical Social Worker,NV,I,-0.06945682966195038,0,32.3,Medium,0,0,unusually high services per beneficiary (z=28.9 vs. population median); unusually high 5-year average services per beneficiary (z=19.2 vs. population median); unusually high service concentration (HHI) across billing codes (z=4.8 vs. population median)
1003116823,Ambulatory Surgical Center,NJ,O,-0.06951631704612582,0,32.29,Medium,1,0,unusually high submitted charge per service (z=38.2 vs. population median); unusually high total submitted charges (z=30.4 vs. population median); unusually high payment per service (z=14.9 vs. population median)
1003084971,Diagnostic Radiology,LA,I,-0.06961647902073836,0,32.27,Medium,0,0,unusually high total beneficiaries served (z=30.7 vs. population median); unusually high total services billed (z=20.4 vs. population median); unusually high number of distinct billing codes (HCPCS) used (z=13.2 vs. population median)
1003119975,Diagnostic Radiology,CA,I,-0.07045922753799988,0,32.06,Medium,0,0,unusually high total submitted charges (z=21.7 vs. population median); unusually high charge-per-service deviation from specialty peers (z=12.9 vs. population median); unusually high total beneficiaries served (z=7.5 vs. population median)
1003047515,Obstetrics & Gynecology,CA,I,-0.07106053378635252,0,31.92,Medium,0,0,unusually high services-per-beneficiary deviation from specialty peers (z=34.2 vs. population median); unusually high services per beneficiary (z=12.5 vs. population median); unusually high 5-year average services per beneficiary (z=11.5 vs. population median)
1003077728,Cardiac Surgery,TN,I,-0.07141324252884579,0,31.83,Medium,0,0,unusually high 5-year average payment per service (z=17.0 vs. population median); unusually high payment per service (z=14.8 vs. population median); unusually high submitted charge per service (z=12.1 vs. population median)
1003048968,"Psychologist, Clinical",CA,I,-0.07178518397839545,0,31.74,Medium,0,0,unusually high services per beneficiary (z=32.4 vs. population median); unusually high 5-year average services per beneficiary (z=28.5 vs. population median); unusually high services per billing code (z=12.2 vs. population median)
1003005109,Otolaryngology,CA,I,-0.0719393706695704,0,31.71,Medium,0,0,unusually high year-over-year payment change (z=50.7 vs. population median); unusually high year-over-year service volume change (z=35.7 vs. population median); unusually high year-over-year beneficiary count change (z=34.0 vs. population median)
1003071747,Speech Language Pathologist,NJ,I,-0.07204836694296934,0,31.68,Medium,0,0,unusually high services per beneficiary (z=28.2 vs. population median); unusually high 5-year average services per beneficiary (z=25.7 vs. population median); unusually high 5-year average service concentration (HHI) (z=4.9 vs. population median)
1003077926,Optometry,VA,I,-0.07215567503538634,0,31.65,Medium,0,0,unusually high services-per-beneficiary deviation from specialty peers (z=47.5 vs. population median); unusually high multi-year service-volume trend (z=16.0 vs. population median); unusually high services per beneficiary (z=8.2 vs. population median)
1003053158,Ambulance Service Provider,VA,O,-0.07230125963768458,0,31.62,Medium,0,0,unusually high services per billing code (z=36.6 vs. population median); unusually high services per beneficiary (z=28.7 vs. population median); unusually high 5-year average services per beneficiary (z=26.1 vs. population median)
1003013236,Nurse Practitioner,GA,I,-0.07230423458486729,0,31.62,Medium,0,0,unusually high year-over-year service volume change (z=18.3 vs. population median); unusually high services-per-beneficiary deviation from specialty peers (z=17.1 vs. population median); unusually high services per beneficiary (z=13.3 vs. population median)
1003109059,Micrographic Dermatologic Surgery,MN,I,-0.07248678790202195,0,31.58,Medium,0,0,unusually high total submitted charges (z=16.8 vs. population median); unusually high total Medicare payment received (z=15.5 vs. population median); unusually high 5-year average total payment (z=10.5 vs. population median)
1003042805,Family Practice,GA,I,-0.07285940990544737,0,31.49,Medium,0,0,unusually high total beneficiaries served (z=19.1 vs. population median); unusually high total services billed (z=16.1 vs. population median); unusually high 5-year average total services (z=15.3 vs. population median)
1003029034,Orthopedic Surgery,ID,I,-0.07286804124052665,0,31.48,Medium,0,0,unusually high payment per service (z=4.7 vs. population median); unusually high total Medicare payment received (z=4.4 vs. population median); unusually high payment-per-service deviation from specialty peers (z=4.4 vs. population median)
1003059510,Orthopedic Surgery,MN,I,-0.07298168583928616,0,31.46,Medium,0,0,unusually high 5-year average payment per service (z=5.7 vs. population median); unusually high submitted charge per service (z=5.4 vs. population median); unusually high charge-per-service deviation from specialty peers (z=4.1 vs. population median)
1003102856,General Surgery,CA,I,-0.07316927281861474,0,31.41,Medium,0,0,unusually high multi-year payment trend (z=26.9 vs. population median); unusually high multi-year service-volume trend (z=23.2 vs. population median); unusually high total Medicare payment received (z=10.0 vs. population median)
1003057217,Licensed Clinical Social Worker,MI,I,-0.07344531417707911,0,31.34,Medium,0,0,unusually high services per beneficiary (z=50.4 vs. population median); unusually high 5-year average services per beneficiary (z=30.2 vs. population median); unusually high service concentration (HHI) across billing codes (z=4.8 vs. population median)
1003042243,Chiropractic,IL,I,-0.07374004860751843,0,31.27,Medium,0,0,unusually high services per beneficiary (z=62.7 vs. population median); unusually high 5-year average services per beneficiary (z=56.3 vs. population median); unusually high services per billing code (z=14.3 vs. population median)
1003142365,Ophthalmology,FL,I,-0.07402634237112221,0,31.2,Medium,0,0,unusually high total submitted charges (z=22.7 vs. population median); unusually high total Medicare payment received (z=19.2 vs. population median); unusually high 5-year average total payment (z=18.5 vs. population median)
1003036237,Clinical Laboratory,FL,O,-0.07436551995722956,0,31.12,Medium,1,0,unusually high 5-year average total services (z=27.2 vs. population median); unusually high 5-year average total payment (z=20.7 vs. population median); unusually high services per billing code (z=16.7 vs. population median)
1003107467,Cardiac Surgery,VA,I,-0.07463385110358683,0,31.06,Medium,1,0,unusually low year-over-year payment-per-service change (z=-10.8 vs. population median); unusually high submitted charge per service (z=10.3 vs. population median); unusually high 5-year average payment per service (z=9.5 vs. population median)
1003017286,Orthopedic Surgery,VA,I,-0.07465525622953734,0,31.05,Medium,0,0,unusually high multi-year service-volume trend (z=4.1 vs. population median); unusually high total Medicare payment received (z=3.9 vs. population median); unusually high payment per service (z=3.8 vs. population median)
1003129859,Family Practice,FL,I,-0.0748436774683306,0,31.01,Medium,1,0,unusually high 5-year average total services (z=12.5 vs. population median); unusually high year-over-year payment-per-service change (z=9.1 vs. population median); unusually high total beneficiaries served (z=8.2 vs. population median)
1003012246,Chiropractic,CA,I,-0.07527474634796599,0,30.9,Medium,0,0,unusually high services per beneficiary (z=34.3 vs. population median); unusually high 5-year average services per beneficiary (z=28.1 vs. population median); unusually high services per billing code (z=25.6 vs. population median)
1003076886,Neurology,NY,I,-0.07556818374976204,0,30.83,Medium,1,0,unusually high year-over-year payment-per-service change (z=60.0 vs. population median); unusually high 5-year average total services (z=21.3 vs. population median); unusually high 5-year average total payment (z=11.6 vs. population median)
1003024894,Orthopedic Surgery,OH,I,-0.07648652262723543,0,30.61,Medium,0,0,unusually high payment-to-charge-ratio deviation from specialty peers (z=3.9 vs. population median); unusually high services per beneficiary (z=3.1 vs. population median); unusually high year-over-year payment-per-service change (z=3.1 vs. population median)
1003132002,Family Practice,IL,I,-0.07664427945578373,0,30.58,Medium,0,0,unusually low year-over-year payment-per-service change (z=-11.9 vs. population median); unusually high service-concentration deviation from specialty peers (z=8.1 vs. population median); unusually low year-over-year payment change (z=-5.8 vs. population median)
1003072604,Orthopedic Surgery,TX,I,-0.0770432711001004,0,30.48,Medium,0,0,unusually high drug-payment-share deviation from specialty peers (z=37.9 vs. population median); unusually high total Medicare payment received (z=7.9 vs. population median); unusually high total submitted charges (z=7.2 vs. population median)
1003014267,Urology,NY,I,-0.07759696027559121,0,30.35,Medium,0,0,unusually high total submitted charges (z=13.8 vs. population median); unusually high submitted charge per service (z=12.7 vs. population median); unusually high charge-per-service deviation from specialty peers (z=11.6 vs. population median)
1003115551,Orthopedic Surgery,FL,I,-0.07774438380210347,0,30.31,Medium,0,0,unusually high year-over-year payment-per-service change (z=19.0 vs. population median); unusually high total submitted charges (z=10.8 vs. population median); unusually high 5-year average total services (z=10.0 vs. population median)
1003018920,Physical Therapist in Private Practice,NY,I,-0.0777574601941654,0,30.31,Medium,1,0,unusually high 5-year average services per beneficiary (z=36.6 vs. population median); unusually high services per beneficiary (z=33.1 vs. population median); unusually high year-over-year beneficiary count change (z=19.6 vs. population median)
1003120213,General Surgery,PA,I,-0.07837645705760726,0,30.16,Medium,1,0,unusually high 5-year average total payment (z=36.3 vs. population median); unusually high total Medicare payment received (z=24.9 vs. population median); unusually high services-per-beneficiary deviation from specialty peers (z=22.3 vs. population median)
1003063959,Cardiology,KY,I,-0.07841870689512265,0,30.15,Medium,1,0,unusually high service-concentration deviation from specialty peers (z=15.1 vs. population median); unusually high services per billing code (z=9.5 vs. population median); unusually high total beneficiaries served (z=5.9 vs. population median)
1003131087,Ambulance Service Provider,NJ,O,-0.07913793892039522,0,29.98,Medium,0,0,unusually high services per billing code (z=15.9 vs. population median); unusually high services per beneficiary (z=5.2 vs. population median); unusually high 5-year average services per beneficiary (z=5.1 vs. population median)
1003070327,Orthopedic Surgery,NC,I,-0.07919582859865998,0,29.96,Medium,1,0,unusually low year-over-year payment-per-service change (z=-6.8 vs. population median); unusually low year-over-year payment change (z=-4.5 vs. population median); unusually high 5-year average payment-to-charge ratio (z=4.2 vs. population median)
1003067844,Ambulatory Surgical Center,LA,O,-0.07947912840585025,0,29.89,Medium,1,0,unusually high total Medicare payment received (z=15.5 vs. population median); unusually high 5-year average total payment (z=14.9 vs. population median); unusually high total submitted charges (z=11.8 vs. population median)
1003107640,Physician Assistant,FL,I,-0.07956487629243009,0,29.87,Medium,0,0,unusually high year-over-year payment change (z=44.0 vs. population median); unusually high year-over-year service volume change (z=34.8 vs. population median); unusually high year-over-year beneficiary count change (z=25.1 vs. population median)
1003122094,Nurse Practitioner,OH,I,-0.07981567527588129,0,29.81,Medium,1,0,unusually high multi-year payment trend (z=34.4 vs. population median); unusually high year-over-year payment-per-service change (z=15.0 vs. population median); unusually high year-over-year payment change (z=9.5 vs. population median)
1003021114,Allergy/ Immunology,NY,I,-0.07994249464871861,0,29.78,Medium,0,0,unusually high services per beneficiary (z=57.8 vs. population median); unusually high 5-year average services per beneficiary (z=46.4 vs. population median); unusually high services per billing code (z=11.7 vs. population median)
1003109869,Cardiology,NC,I,-0.07999177898732257,0,29.77,Medium,0,0,unusually high total submitted charges (z=16.9 vs. population median); unusually high charge-per-service deviation from specialty peers (z=13.9 vs. population median); unusually high submitted charge per service (z=10.8 vs. population median)
1003131533,Cardiology,CA,I,-0.08009817708464417,0,29.74,Medium,1,0,unusually high multi-year service-volume trend (z=21.9 vs. population median); unusually high service-concentration deviation from specialty peers (z=10.3 vs. population median); unusually low year-over-year payment-per-service change (z=-8.3 vs. population median)
1003079435,Hand Surgery,MD,I,-0.08011469414191585,0,29.74,Medium,0,0,unusually high multi-year payment trend (z=10.1 vs. population median); unusually high total beneficiaries served (z=7.4 vs. population median); unusually high total Medicare payment received (z=7.0 vs. population median)
1003102674,Pathology,TX,I,-0.08028276808389168,0,29.7,Medium,0,0,unusually high year-over-year beneficiary count change (z=129.0 vs. population median); unusually high year-over-year service volume change (z=33.5 vs. population median); unusually high multi-year service-volume trend (z=21.2 vs. population median)
1003013004,Family Practice,OH,I,-0.08030768020384899,0,29.69,Medium,0,0,unusually high year-over-year beneficiary count change (z=47.9 vs. population median); unusually high year-over-year service volume change (z=30.0 vs. population median); unusually high year-over-year payment change (z=16.5 vs. population median)
1003104290,Physician Assistant,CO,I,-0.08054326157462638,0,29.64,Medium,1,0,unusually high multi-year service-volume trend (z=46.6 vs. population median); unusually high multi-year payment trend (z=7.2 vs. population median); unusually high year-over-year beneficiary count change (z=5.8 vs. population median)
1003041088,Diagnostic Radiology,NY,I,-0.08052356247666248,0,29.64,Medium,0,0,unusually high total beneficiaries served (z=32.3 vs. population median); unusually high total services billed (z=20.6 vs. population median); unusually high 5-year average total services (z=18.6 vs. population median)
1003100603,Diagnostic Radiology,AR,I,-0.08054931149409222,0,29.64,Medium,0,0,unusually high services-per-beneficiary deviation from specialty peers (z=24.0 vs. population median); unusually high total services billed (z=12.0 vs. population median); unusually high 5-year average total services (z=10.8 vs. population median)
1003037441,"Psychologist, Clinical",TX,I,-0.08079679277850427,0,29.58,Medium,0,0,unusually high services per beneficiary (z=29.2 vs. population median); unusually high 5-year average services per beneficiary (z=29.1 vs. population median); unusually high 5-year average service concentration (HHI) (z=4.9 vs. population median)
1003066507,Chiropractic,WA,I,-0.080935163332999,0,29.54,Medium,0,0,unusually high services per beneficiary (z=29.5 vs. population median); unusually high 5-year average services per beneficiary (z=12.6 vs. population median); unusually high services per billing code (z=11.4 vs. population median)
1003011107,Physical Therapist in Private Practice,FL,I,-0.08110688058406712,0,29.5,Medium,1,0,unusually high services per billing code (z=39.0 vs. population median); unusually high 5-year average services per beneficiary (z=33.4 vs. population median); unusually high services per beneficiary (z=32.6 vs. population median)
1003120676,Physician Assistant,CA,I,-0.0815845976458664,0,29.39,Medium,0,0,unusually high year-over-year service volume change (z=43.4 vs. population median); unusually high year-over-year beneficiary count change (z=41.4 vs. population median); unusually high year-over-year payment change (z=40.3 vs. population median)
1003019654,Nuclear Medicine,CA,I,-0.08185147897481615,0,29.32,Medium,0,0,unusually high total beneficiaries served (z=17.4 vs. population median); unusually high number of distinct billing codes (HCPCS) used (z=10.8 vs. population median); unusually high total services billed (z=9.7 vs. population median)
1003126327,Pathology,CA,I,-0.08203263004520167,0,29.28,Medium,0,0,unusually high service-concentration deviation from specialty peers (z=8.0 vs. population median); unusually high charge-per-service deviation from specialty peers (z=6.1 vs. population median); unusually high 5-year average service concentration (HHI) (z=4.9 vs. population median)
1003028051,Certified Registered Nurse Anesthetist (CRNA),NC,I,-0.08227129748834766,0,29.22,Medium,0,0,unusually high multi-year service-volume trend (z=29.9 vs. population median); unusually high year-over-year payment change (z=28.3 vs. population median); unusually high year-over-year beneficiary count change (z=28.2 vs. population median)
1003029869,Cardiology,AL,I,-0.08233390278580749,0,29.21,Medium,0,0,unusually high total services billed (z=9.5 vs. population median); unusually high total beneficiaries served (z=9.3 vs. population median); unusually high 5-year average total services (z=7.2 vs. population median)
1003058496,Orthopedic Surgery,MN,I,-0.08253115123522858,0,29.16,Medium,0,0,unusually high drug-payment-share deviation from specialty peers (z=5.3 vs. population median); unusually high services per beneficiary (z=4.8 vs. population median); unusually high 5-year average services per beneficiary (z=4.7 vs. population median)
1003122003,Hospitalist,IN,I,-0.0825730321715139,0,29.15,Medium,1,0,unusually high services per billing code (z=9.7 vs. population median); unusually high year-over-year service volume change (z=6.5 vs. population median); unusually high year-over-year payment change (z=6.5 vs. population median)
1003059312,Physician Assistant,FL,I,-0.08257517355704874,0,29.15,Medium,0,0,unusually high multi-year service-volume trend (z=47.3 vs. population median); unusually high multi-year payment trend (z=33.5 vs. population median); unusually high services-per-beneficiary deviation from specialty peers (z=9.4 vs. population median)
1003075490,Hematology-Oncology,NC,I,-0.08289290478830869,0,29.07,Medium,0,0,unusually high year-over-year payment change (z=145.4 vs. population median); unusually high year-over-year service volume change (z=88.5 vs. population median); unusually high year-over-year beneficiary count change (z=68.1 vs. population median)
1003020751,Thoracic Surgery,PA,I,-0.08314841223640373,0,29.01,Medium,0,0,unusually high services-per-beneficiary deviation from specialty peers (z=28.9 vs. population median); unusually high service-concentration deviation from specialty peers (z=8.0 vs. population median); unusually high payment-to-charge-ratio deviation from specialty peers (z=6.4 vs. population median)
1003029620,Diagnostic Radiology,VA,I,-0.08315825395968102,0,29.01,Medium,0,0,unusually high multi-year payment trend (z=39.2 vs. population median); unusually high multi-year service-volume trend (z=26.7 vs. population median); unusually high total beneficiaries served (z=21.9 vs. population median)
1003029828,Orthopedic Surgery,TX,I,-0.08315298483741684,0,29.01,Medium,0,0,unusually high drug-payment-share deviation from specialty peers (z=37.4 vs. population median); unusually high multi-year payment trend (z=7.4 vs. population median); unusually high year-over-year payment-per-service change (z=4.4 vs. population median)
1003027285,Diagnostic Radiology,GA,I,-0.08328817090316004,0,28.98,Medium,0,0,unusually high total submitted charges (z=16.1 vs. population median); unusually high number of distinct billing codes (HCPCS) used (z=10.0 vs. population median); unusually high total beneficiaries served (z=8.8 vs. population median)
1003023581,Nephrology,FL,I,-0.08331648938421948,0,28.97,Medium,1,0,unusually high 5-year average total payment (z=12.7 vs. population median); unusually high 5-year average total services (z=7.8 vs. population median); unusually high total Medicare payment received (z=7.1 vs. population median)
1003134107,Pathology,NV,I,-0.08362387422299355,0,28.9,Medium,1,0,unusually high year-over-year beneficiary count change (z=16.3 vs. population median); unusually high year-over-year service volume change (z=13.9 vs. population median); unusually high year-over-year payment change (z=12.0 vs. population median)
1003131855,Chiropractic,KS,I,-0.08363809772646585,0,28.89,Medium,0,0,unusually high services per beneficiary (z=15.5 vs. population median); unusually high 5-year average services per beneficiary (z=13.1 vs. population median); unusually high service concentration (HHI) across billing codes (z=4.8 vs. population median)
1003050899,Podiatry,CO,I,-0.08368456780527311,0,28.88,Medium,0,0,unusually high year-over-year payment change (z=66.6 vs. population median); unusually high year-over-year payment-per-service change (z=41.7 vs. population median); unusually high year-over-year beneficiary count change (z=19.1 vs. population median)
1003089061,Physical Therapist in Private Practice,GA,I,-0.0837575719526345,0,28.86,Medium,0,0,unusually high multi-year payment trend (z=59.0 vs. population median); unusually high multi-year service-volume trend (z=49.3 vs. population median); unusually high services per beneficiary (z=23.8 vs. population median)
1003093774,Ophthalmology,OH,I,-0.08382369262751782,0,28.85,Medium,0,0,unusually high services-per-beneficiary deviation from specialty peers (z=13.7 vs. population median); unusually high total services billed (z=11.8 vs. population median); unusually high 5-year average total services (z=9.5 vs. population median)
1003110792,Ambulatory Surgical Center,MO,O,-0.08385658954396613,0,28.84,Medium,1,0,unusually high submitted charge per service (z=44.4 vs. population median); unusually high payment per service (z=32.0 vs. population median); unusually high 5-year average payment per service (z=31.4 vs. population median)
1003119579,Certified Registered Nurse Anesthetist (CRNA),AL,I,-0.08391158775475765,0,28.83,Medium,0,0,unusually high year-over-year beneficiary count change (z=19.6 vs. population median); unusually high year-over-year service volume change (z=17.9 vs. population median); unusually high year-over-year payment change (z=17.7 vs. population median)
1003023839,Chiropractic,CA,I,-0.08391605208449582,0,28.83,Medium,0,0,unusually high services per beneficiary (z=15.3 vs. population median); unusually high 5-year average services per beneficiary (z=12.5 vs. population median); unusually high services per billing code (z=6.6 vs. population median)
1003089772,Diagnostic Radiology,OH,I,-0.08398451286758046,0,28.81,Medium,0,0,unusually high total beneficiaries served (z=15.1 vs. population median); unusually high total submitted charges (z=14.9 vs. population median); unusually high 5-year average total services (z=11.9 vs. population median)
1003116062,Physical Therapist in Private Practice,MS,I,-0.08406505249554846,0,28.79,Medium,0,0,unusually high 5-year average services per beneficiary (z=15.6 vs. population median); unusually high services per beneficiary (z=13.9 vs. population median); unusually high year-over-year payment change (z=11.3 vs. population median)
1003068230,Orthopedic Surgery,OH,I,-0.08436459910219696,0,28.72,Medium,0,0,unusually high drug-payment-share deviation from specialty peers (z=35.1 vs. population median); unusually high total services billed (z=5.3 vs. population median); unusually high total beneficiaries served (z=4.3 vs. population median)
1003158106,Urology,CT,I,-0.08440267794869344,0,28.71,Medium,0,0,unusually high 5-year average total services (z=13.0 vs. population median); unusually high total services billed (z=12.9 vs. population median); unusually high total beneficiaries served (z=10.3 vs. population median)
1003105032,Hand Surgery,CA,I,-0.08445605385320926,0,28.7,Medium,0,0,unusually high drug-payment-share deviation from specialty peers (z=7.4 vs. population median); unusually low standardized-amount-to-payment ratio (z=-4.4 vs. population median); unusually high total services billed (z=3.9 vs. population median)
1003047390,Ambulance Service Provider,OH,O,-0.08473307776430383,0,28.63,Medium,0,0,unusually high services per billing code (z=28.4 vs. population median); unusually high total Medicare payment received (z=13.6 vs. population median); unusually high 5-year average total services (z=13.4 vs. population median)
1003084617,Emergency Medicine,LA,I,-0.08533951238181364,0,28.48,Medium,0,0,unusually high multi-year service-volume trend (z=90.3 vs. population median); unusually high multi-year payment trend (z=71.0 vs. population median); unusually high submitted charge per service (z=11.4 vs. population median)
1003112962,Speech Language Pathologist,NY,I,-0.08549208602701441,0,28.45,Medium,0,0,unusually high services per beneficiary (z=48.5 vs. population median); unusually high 5-year average services per beneficiary (z=44.4 vs. population median); unusually high 5-year average service concentration (HHI) (z=4.9 vs. population median)
1003009077,Psychiatry,CA,I,-0.08567413244546651,0,28.4,Medium,0,0,unusually high charge-per-service deviation from specialty peers (z=17.1 vs. population median); unusually high submitted charge per service (z=9.5 vs. population median); unusually high year-over-year payment change (z=8.5 vs. population median)
1003026329,Interventional Radiology,FL,I,-0.08571329078459033,0,28.39,Medium,1,0,unusually high 5-year average total payment (z=12.7 vs. population median); unusually high payment-per-service deviation from specialty peers (z=10.8 vs. population median); unusually high services-per-beneficiary deviation from specialty peers (z=10.3 vs. population median)
1003060211,General Surgery,TX,I,-0.08575060292363396,0,28.38,Medium,0,0,unusually high year-over-year payment-per-service change (z=34.7 vs. population median); unusually high year-over-year payment change (z=12.5 vs. population median); unusually high payment per service (z=7.1 vs. population median)
1003061458,Speech Language Pathologist,NC,I,-0.0860979567345328,0,28.3,Medium,0,0,unusually high services per beneficiary (z=38.8 vs. population median); unusually high 5-year average services per beneficiary (z=35.4 vs. population median); unusually high 5-year average service concentration (HHI) (z=4.9 vs. population median)
1003016122,Physical Therapist in Private Practice,NJ,I,-0.08639967931044357,0,28.23,Medium,0,0,unusually high services per beneficiary (z=44.3 vs. population median); unusually high 5-year average services per beneficiary (z=33.4 vs. population median); unusually high services per billing code (z=21.7 vs. population median)
1003121963,Certified Registered Nurse Anesthetist (CRNA),TX,I,-0.08638930242791687,0,28.23,Medium,1,0,unusually high submitted charge per service (z=22.9 vs. population median); unusually high 5-year average payment per service (z=11.5 vs. population median); unusually high charge-per-service deviation from specialty peers (z=7.3 vs. population median)
1003109620,Anesthesiology,NY,I,-0.08678653154793264,0,28.14,Medium,0,0,unusually high submitted charge per service (z=21.2 vs. population median); unusually high year-over-year beneficiary count change (z=14.4 vs. population median); unusually high year-over-year service volume change (z=13.3 vs. population median)
1003044462,Orthopedic Surgery,MI,I,-0.08675636918061397,0,28.14,Medium,0,0,unusually high drug-payment-share deviation from specialty peers (z=71.8 vs. population median); unusually high services per beneficiary (z=3.8 vs. population median); unusually high 5-year average services per beneficiary (z=3.2 vs. population median)
1003063124,Licensed Clinical Social Worker,TX,I,-0.0873471356140782,0,28.0,Medium,0,0,unusually high services per beneficiary (z=52.9 vs. population median); unusually high 5-year average services per beneficiary (z=50.6 vs. population median); unusually high 5-year average service concentration (HHI) (z=4.9 vs. population median)
1003145038,Diagnostic Radiology,NY,I,-0.08735816474733404,0,28.0,Medium,0,0,unusually high payment-per-service deviation from specialty peers (z=12.5 vs. population median); unusually high total Medicare payment received (z=12.0 vs. population median); unusually high 5-year average total payment (z=11.6 vs. population median)
1003000720,Nurse Practitioner,FL,I,-0.0873744843098016,0,27.99,Medium,0,0,unusually high year-over-year payment-per-service change (z=20.5 vs. population median); unusually low year-over-year beneficiary count change (z=-6.4 vs. population median); unusually low year-over-year service volume change (z=-5.7 vs. population median)
1003045543,Physician Assistant,WA,I,-0.08738271362967087,0,27.99,Medium,1,0,unusually high year-over-year payment-per-service change (z=33.7 vs. population median); unusually high year-over-year payment change (z=18.9 vs. population median); unusually high multi-year payment trend (z=18.7 vs. population median)
1003090051,Ambulance Service Provider,WI,O,-0.0874936875238364,0,27.97,Medium,0,0,unusually high services per billing code (z=27.7 vs. population median); unusually high total services billed (z=16.0 vs. population median); unusually high services per beneficiary (z=14.9 vs. population median)
1003007048,Family Practice,AZ,I,-0.0875803352507889,0,27.94,Medium,0,0,unusually high 5-year average total services (z=16.3 vs. population median); unusually high total services billed (z=16.1 vs. population median); unusually high total Medicare payment received (z=15.2 vs. population median)
1003092248,Chiropractic,OR,I,-0.0876576809776709,0,27.93,Medium,0,0,unusually high 5-year average services per beneficiary (z=25.0 vs. population median); unusually high services per beneficiary (z=13.2 vs. population median); unusually high 5-year average service concentration (HHI) (z=4.9 vs. population median)
1003074345,Emergency Medicine,CA,I,-0.08800434542019975,0,27.84,Medium,0,0,unusually high services-per-beneficiary deviation from specialty peers (z=54.7 vs. population median); unusually low year-over-year payment-per-service change (z=-6.3 vs. population median); unusually low payment-per-service deviation from specialty peers (z=-3.9 vs. population median)
1003089871,Endocrinology,CA,I,-0.08818214897973714,0,27.8,Medium,0,0,unusually high total services billed (z=11.3 vs. population median); unusually high services per beneficiary (z=11.2 vs. population median); unusually high services-per-beneficiary deviation from specialty peers (z=10.9 vs. population median)
1003010638,Chiropractic,AZ,I,-0.08863109188581253,0,27.69,Medium,0,0,unusually high services per beneficiary (z=29.3 vs. population median); unusually high 5-year average services per beneficiary (z=24.8 vs. population median); unusually high services per billing code (z=10.2 vs. population median)
1003128653,Physical Therapist in Private Practice,WA,I,-0.08888736969805677,0,27.63,Medium,0,0,unusually high services per beneficiary (z=35.2 vs. population median); unusually high 5-year average services per beneficiary (z=32.1 vs. population median); unusually high service-concentration deviation from specialty peers (z=8.2 vs. population median)
1003084849,Hand Surgery,NY,I,-0.0894075404229876,0,27.51,Medium,0,0,unusually high total beneficiaries served (z=5.5 vs. population median); unusually high total submitted charges (z=5.3 vs. population median); unusually high total Medicare payment received (z=4.8 vs. population median)
1003071994,Internal Medicine,VA,I,-0.08940944309315552,0,27.5,Medium,0,0,unusually high charge-per-service deviation from specialty peers (z=21.7 vs. population median); unusually high submitted charge per service (z=12.6 vs. population median); unusually high payment-per-service deviation from specialty peers (z=4.7 vs. population median)
1003071051,Diagnostic Radiology,CA,I,-0.08952180428336676,0,27.48,Medium,1,0,unusually high total beneficiaries served (z=16.8 vs. population median); unusually high year-over-year payment-per-service change (z=15.7 vs. population median); unusually high multi-year payment trend (z=11.8 vs. population median)
1003062274,Ambulatory Surgical Center,LA,O,-0.0895451020646027,0,27.47,Medium,1,0,unusually high submitted charge per service (z=40.7 vs. population median); unusually high 5-year average payment per service (z=19.3 vs. population median); unusually high payment per service (z=15.6 vs. population median)
1003044058,Ophthalmology,TX,I,-0.08954296744590123,0,27.47,Medium,0,0,unusually high total Medicare payment received (z=17.1 vs. population median); unusually high 5-year average total payment (z=15.9 vs. population median); unusually high total beneficiaries served (z=15.0 vs. population median)
1003090267,Plastic and Reconstructive Surgery,CA,I,-0.09012273419638112,0,27.33,Medium,1,0,unusually high payment per service (z=8.6 vs. population median); unusually high 5-year average payment per service (z=7.4 vs. population median); unusually high submitted charge per service (z=5.9 vs. population median)
1003139932,Cardiology,NY,I,-0.09051838655102995,0,27.24,Medium,0,0,unusually high total submitted charges (z=16.4 vs. population median); unusually high total Medicare payment received (z=15.5 vs. population median); unusually high 5-year average total payment (z=15.0 vs. population median)
1003069501,Physical Therapist in Private Practice,NC,I,-0.09070930172033026,0,27.19,Medium,0,0,unusually high services per beneficiary (z=49.8 vs. population median); unusually high 5-year average services per beneficiary (z=43.6 vs. population median); unusually high multi-year service-volume trend (z=13.6 vs. population median)
1003087644,Anesthesiology,NY,I,-0.09083831302578771,0,27.16,Medium,1,0,unusually high year-over-year payment-per-service change (z=25.7 vs. population median); unusually high year-over-year payment change (z=15.3 vs. population median); unusually high multi-year payment trend (z=14.1 vs. population median)
1003152679,Occupational Therapist in Private Practice,AR,I,-0.09084062595754039,0,27.16,Medium,0,0,unusually high services per beneficiary (z=43.9 vs. population median); unusually high 5-year average services per beneficiary (z=40.1 vs. population median); unusually high service-concentration deviation from specialty peers (z=5.3 vs. population median)
1003127606,Ambulatory Surgical Center,TX,O,-0.09089568608876591,0,27.15,Medium,1,0,unusually high submitted charge per service (z=50.3 vs. population median); unusually high total submitted charges (z=14.7 vs. population median); unusually high payment per service (z=14.2 vs. population median)
1003147794,Ambulance Service Provider,NJ,O,-0.0909525406606227,0,27.13,Medium,0,0,unusually high services per billing code (z=24.9 vs. population median); unusually high services per beneficiary (z=23.3 vs. population median); unusually high 5-year average services per beneficiary (z=21.2 vs. population median)
1003056102,Occupational Therapist in Private Practice,NJ,I,-0.0909638151805503,0,27.13,Medium,0,0,unusually high services per beneficiary (z=47.0 vs. population median); unusually high 5-year average services per beneficiary (z=35.2 vs. population median); unusually high services per billing code (z=14.5 vs. population median)
1003015967,Neurosurgery,TX,I,-0.09107389188076676,0,27.1,Medium,0,0,unusually high service-concentration deviation from specialty peers (z=11.3 vs. population median); unusually low year-over-year payment-per-service change (z=-9.6 vs. population median); unusually low year-over-year payment change (z=-6.3 vs. population median)
1003029836,Urology,NJ,I,-0.09111789847556012,0,27.09,Medium,0,0,unusually high total submitted charges (z=24.6 vs. population median); unusually high 5-year average total payment (z=18.7 vs. population median); unusually high total Medicare payment received (z=16.7 vs. population median)
1003121609,Physician Assistant,FL,I,-0.09162230449864306,0,26.97,Medium,0,0,unusually high total beneficiaries served (z=10.2 vs. population median); unusually high total services billed (z=7.9 vs. population median); unusually high year-over-year beneficiary count change (z=7.0 vs. population median)
1003132127,Orthopedic Surgery,CA,I,-0.09169764812578174,0,26.95,Medium,0,0,unusually high submitted charge per service (z=3.6 vs. population median); unusually low payment-to-charge-ratio deviation from specialty peers (z=-3.3 vs. population median); unusually low year-over-year beneficiary count change (z=-3.2 vs. population median)
1003063165,Orthopedic Surgery,WA,I,-0.09182353508130947,0,26.92,Medium,0,0,unusually high payment per service (z=3.7 vs. population median); unusually high payment-per-service deviation from specialty peers (z=3.5 vs. population median); unusually high 5-year average payment per service (z=3.2 vs. population median)
1003133075,Chiropractic,OK,I,-0.0919097252716854,0,26.9,Medium,0,0,unusually high 5-year average services per beneficiary (z=24.4 vs. population median); unusually high services per beneficiary (z=22.5 vs. population median); unusually high services per billing code (z=6.7 vs. population median)
1003041765,Urology,MD,I,-0.09229108586594592,0,26.81,Medium,0,0,unusually high total services billed (z=19.7 vs. population median); unusually high total beneficiaries served (z=16.0 vs. population median); unusually high total submitted charges (z=13.6 vs. population median)
1003066432,Physician Assistant,WA,I,-0.0923920828626939,0,26.79,Medium,1,0,unusually high multi-year service-volume trend (z=23.9 vs. population median); unusually high multi-year payment trend (z=16.2 vs. population median); unusually high total services billed (z=11.9 vs. population median)
1003093220,Chiropractic,OH,I,-0.09241410425591007,0,26.78,Medium,0,0,unusually high 5-year average services per beneficiary (z=13.8 vs. population median); unusually high services per beneficiary (z=13.2 vs. population median); unusually high services per billing code (z=6.8 vs. population median)
1003063348,Rheumatology,PA,I,-0.09259796141315063,0,26.74,Medium,0,0,unusually high service-concentration deviation from specialty peers (z=11.4 vs. population median); unusually high year-over-year payment-per-service change (z=4.3 vs. population median); unusually high standardized-amount-to-payment ratio (z=4.2 vs. population median)
1003025594,Diagnostic Radiology,AR,I,-0.09276820254293128,0,26.7,Medium,0,0,unusually high total beneficiaries served (z=29.5 vs. population median); unusually high 5-year average total services (z=17.5 vs. population median); unusually high total services billed (z=17.1 vs. population median)
1003064767,Physical Therapist in Private Practice,SD,I,-0.09285273398895028,0,26.68,Medium,0,0,unusually high services per beneficiary (z=30.5 vs. population median); unusually high 5-year average services per beneficiary (z=24.3 vs. population median); unusually high services per billing code (z=10.0 vs. population median)
1003030040,Hand Surgery,OH,I,-0.09305550497908427,0,26.63,Medium,0,0,unusually high total submitted charges (z=5.6 vs. population median); unusually high total beneficiaries served (z=5.5 vs. population median); unusually high total Medicare payment received (z=5.3 vs. population median)
1003106584,Family Practice,LA,I,-0.09329665024155964,0,26.57,Medium,0,0,unusually high year-over-year payment-per-service change (z=9.5 vs. population median); unusually high service-concentration deviation from specialty peers (z=8.1 vs. population median); unusually high 5-year average service concentration (HHI) (z=4.9 vs. population median)
1003075862,Family Practice,TN,I,-0.09347828788206336,0,26.53,Medium,0,0,unusually high services-per-beneficiary deviation from specialty peers (z=8.2 vs. population median); unusually low year-over-year payment-per-service change (z=-7.2 vs. population median); unusually high year-over-year service volume change (z=6.9 vs. population median)
1003135823,Dermatology,CA,I,-0.09346146474208272,0,26.53,Medium,0,0,unusually high 5-year average total services (z=15.1 vs. population median); unusually high total services billed (z=15.1 vs. population median); unusually high total Medicare payment received (z=10.5 vs. population median)
1003111576,Nurse Practitioner,CO,I,-0.09366820615803717,0,26.48,Medium,0,0,unusually high multi-year payment trend (z=43.0 vs. population median); unusually high multi-year service-volume trend (z=30.3 vs. population median); unusually high services-per-beneficiary deviation from specialty peers (z=12.2 vs. population median)
1003038977,Chiropractic,WA,I,-0.0936710312437623,0,26.48,Medium,0,0,unusually high services per beneficiary (z=33.3 vs. population median); unusually high 5-year average services per beneficiary (z=28.5 vs. population median); unusually high services per billing code (z=7.0 vs. population median)
1003104498,Ophthalmology,AR,I,-0.09395244391056418,0,26.41,Medium,0,0,unusually high 5-year average total payment (z=12.1 vs. population median); unusually high total Medicare payment received (z=7.3 vs. population median); unusually high 5-year average total services (z=4.5 vs. population median)
1003140922,Pulmonary Disease,CA,I,-0.0939942547531023,0,26.4,Medium,0,0,unusually high total Medicare payment received (z=21.0 vs. population median); unusually high 5-year average total payment (z=20.3 vs. population median); unusually high total submitted charges (z=13.3 vs. population median)
1003001785,Orthopedic Surgery,OK,I,-0.09432672983347845,0,26.32,Medium,0,0,unusually high 5-year average total services (z=3.9 vs. population median); unusually low year-over-year payment-per-service change (z=-3.6 vs. population median); unusually high total services billed (z=3.4 vs. population median)
1003159666,Anesthesiology,NY,I,-0.0943658989936389,0,26.31,Medium,0,0,unusually high submitted charge per service (z=32.2 vs. population median); unusually high total submitted charges (z=14.1 vs. population median); unusually high charge-per-service deviation from specialty peers (z=7.2 vs. population median)
1003076365,Orthopedic Surgery,NY,I,-0.09456888508868039,0,26.26,Medium,0,0,unusually high total submitted charges (z=13.2 vs. population median); unusually high total beneficiaries served (z=5.3 vs. population median); unusually high total Medicare payment received (z=4.6 vs. population median)
1003118282,Emergency Medicine,FL,I,-0.09467480875285667,0,26.24,Medium,1,0,unusually high multi-year service-volume trend (z=27.9 vs. population median); unusually high services-per-beneficiary deviation from specialty peers (z=10.8 vs. population median); unusually high multi-year payment trend (z=8.9 vs. population median)
1003056797,Physical Therapist in Private Practice,CA,I,-0.09486731490568623,0,26.19,Medium,0,0,unusually high 5-year average services per beneficiary (z=27.3 vs. population median); unusually high services per beneficiary (z=22.8 vs. population median); unusually high year-over-year payment change (z=17.8 vs. population median)
1003050782,Physician Assistant,NY,I,-0.09520016901060374,0,26.11,Medium,0,0,unusually high multi-year payment trend (z=89.2 vs. population median); unusually high multi-year service-volume trend (z=56.5 vs. population median); unusually high charge-per-service deviation from specialty peers (z=7.3 vs. population median)
1003107459,"Psychologist, Clinical",PA,I,-0.09529480368235332,0,26.09,Medium,1,0,unusually high year-over-year service volume change (z=11.3 vs. population median); unusually high standardized-amount-to-payment ratio (z=9.1 vs. population median); unusually high services per beneficiary (z=6.6 vs. population median)
1003042763,"Psychologist, Clinical",CA,I,-0.0953253265604383,0,26.08,Medium,0,0,unusually high services per beneficiary (z=42.0 vs. population median); unusually high 5-year average services per beneficiary (z=41.7 vs. population median); unusually high services-per-beneficiary deviation from specialty peers (z=7.1 vs. population median)
1003015553,Diagnostic Radiology,WA,I,-0.0955308081498707,0,26.03,Medium,0,0,unusually high 5-year average total services (z=16.2 vs. population median); unusually high number of distinct billing codes (HCPCS) used (z=15.2 vs. population median); unusually high total beneficiaries served (z=14.4 vs. population median)
1003078460,Psychiatry,FL,I,-0.09554573754035062,0,26.03,Medium,0,0,unusually high 5-year average services per beneficiary (z=30.0 vs. population median); unusually high services per beneficiary (z=27.0 vs. population median); unusually high services-per-beneficiary deviation from specialty peers (z=8.0 vs. population median)
1003077223,Physical Medicine and Rehabilitation,WI,I,-0.09588857628901387,0,25.95,Medium,0,0,unusually high year-over-year service volume change (z=16.2 vs. population median); unusually high multi-year service-volume trend (z=11.7 vs. population median); unusually low year-over-year payment-per-service change (z=-10.3 vs. population median)
1003121567,Chiropractic,OR,I,-0.09612391254414238,0,25.89,Medium,0,0,unusually high services per beneficiary (z=22.5 vs. population median); unusually high 5-year average services per beneficiary (z=15.5 vs. population median); unusually high year-over-year service volume change (z=9.5 vs. population median)
1003130519,Licensed Clinical Social Worker,CT,I,-0.09643175759825656,0,25.82,Medium,0,0,unusually high services per beneficiary (z=20.1 vs. population median); unusually high 5-year average services per beneficiary (z=18.3 vs. population median); unusually high 5-year average service concentration (HHI) (z=4.9 vs. population median)
1003144163,Licensed Clinical Social Worker,TX,I,-0.09647216947016518,0,25.81,Medium,0,0,unusually high services per beneficiary (z=26.4 vs. population median); unusually high 5-year average services per beneficiary (z=24.0 vs. population median); unusually high 5-year average service concentration (HHI) (z=4.9 vs. population median)
1003151150,Nurse Practitioner,OH,I,-0.09648537385481043,0,25.8,Medium,0,0,unusually high services-per-beneficiary deviation from specialty peers (z=6.0 vs. population median); unusually high services per beneficiary (z=4.6 vs. population median); unusually high 5-year average services per beneficiary (z=4.1 vs. population median)
1003079773,Dermatology,AZ,I,-0.09650966439683206,0,25.8,Medium,0,0,unusually high total Medicare payment received (z=20.6 vs. population median); unusually high total beneficiaries served (z=16.4 vs. population median); unusually high 5-year average total payment (z=16.4 vs. population median)
1003113259,Chiropractic,CA,I,-0.09661953194727907,0,25.77,Medium,0,0,unusually high 5-year average services per beneficiary (z=31.2 vs. population median); unusually high services per beneficiary (z=28.5 vs. population median); unusually high services per billing code (z=12.9 vs. population median)
1003057902,Anesthesiology,TX,I,-0.0969143328375891,0,25.7,Medium,0,0,unusually high multi-year payment trend (z=28.6 vs. population median); unusually high year-over-year payment change (z=16.6 vs. population median); unusually high submitted charge per service (z=12.4 vs. population median)
1003056888,Nurse Practitioner,PA,I,-0.09739679083144359,0,25.58,Medium,0,0,unusually low year-over-year payment-per-service change (z=-11.8 vs. population median); unusually high standardized-amount-to-payment ratio (z=9.0 vs. population median); unusually low year-over-year payment change (z=-6.3 vs. population median)
1003013673,Endocrinology,IN,I,-0.0976017842171979,0,25.53,Medium,1,0,unusually high 5-year average total services (z=22.1 vs. population median); unusually high total beneficiaries served (z=9.1 vs. population median); unusually high 5-year average total payment (z=7.9 vs. population median)
1003111956,Chiropractic,MO,I,-0.09764955402951786,0,25.52,Medium,0,0,unusually high services per beneficiary (z=29.8 vs. population median); unusually high 5-year average services per beneficiary (z=25.6 vs. population median); unusually high services per billing code (z=17.3 vs. population median)
1003040270,Physical Medicine and Rehabilitation,CA,I,-0.09772980454039237,0,25.5,Medium,1,0,unusually high total Medicare payment received (z=11.7 vs. population median); unusually high services per billing code (z=11.6 vs. population median); unusually high multi-year payment trend (z=10.8 vs. population median)
1003129446,Family Practice,MA,I,-0.09773664872074517,0,25.5,Medium,0,0,unusually high service-concentration deviation from specialty peers (z=8.1 vs. population median); unusually high 5-year average service concentration (HHI) (z=4.9 vs. population median); unusually high service concentration (HHI) across billing codes (z=4.8 vs. population median)
1003096421,Optometry,FL,I,-0.09784455262517783,0,25.48,Medium,1,0,unusually high service-concentration deviation from specialty peers (z=7.2 vs. population median); unusually high year-over-year beneficiary count change (z=5.3 vs. population median); unusually high 5-year average service concentration (HHI) (z=4.9 vs. population median)
1003090382,Urology,CO,I,-0.09796577325769545,0,25.45,Medium,0,0,unusually high 5-year average total services (z=12.7 vs. population median); unusually high services-per-beneficiary deviation from specialty peers (z=11.2 vs. population median); unusually high 5-year average services per beneficiary (z=8.5 vs. population median)
1003065848,Chiropractic,TX,I,-0.09796934431005438,0,25.45,Medium,0,0,unusually high services per beneficiary (z=17.3 vs. population median); unusually high services per billing code (z=15.9 vs. population median); unusually high 5-year average services per beneficiary (z=15.4 vs. population median)
1003050626,"Psychologist, Clinical",NY,I,-0.09815322290973444,0,25.4,Medium,0,0,unusually high 5-year average services per beneficiary (z=31.6 vs. population median); unusually high services per beneficiary (z=31.4 vs. population median); unusually high charge-per-service deviation from specialty peers (z=9.1 vs. population median)
1003155029,Nurse Practitioner,KY,I,-0.09815744241247049,0,25.4,Medium,0,0,unusually high services-per-beneficiary deviation from specialty peers (z=6.2 vs. population median); unusually high services per beneficiary (z=4.8 vs. population median); unusually high 5-year average services per beneficiary (z=4.3 vs. population median)
1003123548,Nephrology,MI,I,-0.09815163256579695,0,25.4,Medium,1,0,unusually high payment-per-service deviation from specialty peers (z=11.4 vs. population median); unusually high payment per service (z=5.8 vs. population median); unusually high year-over-year payment-per-service change (z=4.6 vs. population median)
1003069709,Nurse Practitioner,NY,I,-0.09833544785518195,0,25.36,Medium,0,0,unusually high year-over-year payment-per-service change (z=48.2 vs. population median); unusually low year-over-year beneficiary count change (z=-6.5 vs. population median); unusually low year-over-year service volume change (z=-5.7 vs. population median)
1003138058,Neurology,NY,I,-0.09838411060734276,0,25.35,Medium,0,0,unusually high total services billed (z=9.4 vs. population median); unusually high 5-year average total services (z=9.4 vs. population median); unusually high number of distinct billing codes (HCPCS) used (z=8.0 vs. population median)
1003002890,Orthopedic Surgery,CO,I,-0.09842891605392012,0,25.34,Medium,0,0,unusually low year-over-year beneficiary count change (z=-5.0 vs. population median); unusually low year-over-year payment change (z=-5.0 vs. population median); unusually low year-over-year service volume change (z=-4.4 vs. population median)
1003120395,Licensed Clinical Social Worker,MN,I,-0.09849008428956835,0,25.32,Medium,0,0,unusually high 5-year average services per beneficiary (z=18.3 vs. population median); unusually high year-over-year beneficiary count change (z=12.7 vs. population median); unusually high services per beneficiary (z=12.5 vs. population median)
1003045519,Pediatric Medicine,FL,I,-0.09856074151777355,0,25.3,Medium,0,0,unusually high multi-year payment trend (z=69.1 vs. population median); unusually high 5-year average service concentration (HHI) (z=4.9 vs. population median); unusually high service concentration (HHI) across billing codes (z=4.8 vs. population median)
1003007782,Physician Assistant,NY,I,-0.09855925017830652,0,25.3,Medium,0,0,unusually high payment-per-service deviation from specialty peers (z=5.4 vs. population median); unusually high service concentration (HHI) across billing codes (z=4.8 vs. population median); unusually high year-over-year payment-per-service change (z=4.6 vs. population median)
1003050956,Chiropractic,TX,I,-0.09868198483564511,0,25.27,Medium,0,0,unusually high services per beneficiary (z=18.3 vs. population median); unusually high 5-year average services per beneficiary (z=14.0 vs. population median); unusually high 5-year average service concentration (HHI) (z=4.9 vs. population median)
1003086521,Family Practice,OR,I,-0.09896797320192063,0,25.21,Medium,0,0,unusually high services-per-beneficiary deviation from specialty peers (z=6.5 vs. population median); unusually high total services billed (z=6.3 vs. population median); unusually high multi-year service-volume trend (z=6.1 vs. population median)
1003002726,Licensed Clinical Social Worker,NY,I,-0.0993595292844176,0,25.11,Medium,0,0,unusually high services per beneficiary (z=34.3 vs. population median); unusually high 5-year average services per beneficiary (z=24.1 vs. population median); unusually high year-over-year service volume change (z=4.5 vs. population median)
1003049164,Anesthesiology Assistant,MI,I,-0.09950134954809564,0,25.08,Medium,0,0,unusually high service concentration (HHI) across billing codes (z=4.8 vs. population median); unusually high submitted charge per service (z=4.6 vs. population median); unusually high 5-year average service concentration (HHI) (z=3.4 vs. population median)
1003125238,Anesthesiology Assistant,MO,I,-0.09947036795310671,0,25.08,Medium,0,0,unusually high multi-year service-volume trend (z=18.3 vs. population median); unusually high year-over-year payment change (z=17.8 vs. population median); unusually high year-over-year beneficiary count change (z=16.2 vs. population median)
1003095696,Family Practice,CA,I,-0.09994005916308485,0,24.97,Low,0,0,unusually high service-concentration deviation from specialty peers (z=8.1 vs. population median); unusually high year-over-year payment change (z=7.0 vs. population median); unusually high charge-per-service deviation from specialty peers (z=5.7 vs. population median)
1003110081,Physician Assistant,GA,I,-0.10004637067192568,0,24.95,Low,0,0,unusually high year-over-year payment change (z=141.4 vs. population median); unusually high year-over-year service volume change (z=126.6 vs. population median); unusually high year-over-year beneficiary count change (z=121.8 vs. population median)
1003056961,Chiropractic,CO,I,-0.10013069500826799,0,24.93,Low,0,0,unusually high services per beneficiary (z=34.9 vs. population median); unusually high 5-year average services per beneficiary (z=30.8 vs. population median); unusually high services per billing code (z=15.5 vs. population median)
1003017104,Psychiatry,OH,I,-0.10014138358995717,0,24.92,Low,1,0,unusually high year-over-year payment change (z=30.8 vs. population median); unusually high year-over-year service volume change (z=15.3 vs. population median); unusually high year-over-year beneficiary count change (z=10.0 vs. population median)
1003076464,Chiropractic,IL,I,-0.10029628224795956,0,24.89,Low,0,0,unusually high services per beneficiary (z=41.0 vs. population median); unusually high 5-year average services per beneficiary (z=28.4 vs. population median); unusually high services per billing code (z=13.7 vs. population median)
1003044736,Physical Therapist in Private Practice,NY,I,-0.10031012684978935,0,24.88,Low,0,0,unusually high services per beneficiary (z=17.3 vs. population median); unusually high 5-year average services per beneficiary (z=17.2 vs. population median); unusually high year-over-year beneficiary count change (z=13.2 vs. population median)
1003047960,Family Practice,MT,I,-0.10040935910003568,0,24.86,Low,0,0,unusually high multi-year payment trend (z=117.8 vs. population median); unusually high year-over-year payment-per-service change (z=10.1 vs. population median); unusually high multi-year service-volume trend (z=9.3 vs. population median)
1003053828,Orthopedic Surgery,NV,I,-0.10050399139529126,0,24.84,Low,0,0,unusually low year-over-year payment change (z=-4.9 vs. population median); unusually low year-over-year service volume change (z=-4.6 vs. population median); unusually low year-over-year beneficiary count change (z=-4.4 vs. population median)
1003030685,Cardiology,MI,I,-0.10050034957263493,0,24.84,Low,0,0,unusually high total Medicare payment received (z=20.2 vs. population median); unusually high 5-year average total payment (z=19.5 vs. population median); unusually high total services billed (z=15.2 vs. population median)
1003143033,Pathology,NY,I,-0.10062228923547262,0,24.81,Low,1,0,unusually high services per billing code (z=10.9 vs. population median); unusually high total beneficiaries served (z=8.6 vs. population median); unusually high payment-per-service deviation from specialty peers (z=6.5 vs. population median)
1003078981,Interventional Pain Management,CA,I,-0.10076627811705219,0,24.77,Low,0,0,unusually high total submitted charges (z=14.6 vs. population median); unusually high 5-year average total services (z=8.7 vs. population median); unusually high 5-year average total payment (z=7.7 vs. population median)
1003002148,Diagnostic Radiology,LA,I,-0.10088035461939543,0,24.75,Low,0,0,unusually high number of distinct billing codes (HCPCS) used (z=10.0 vs. population median); unusually high total beneficiaries served (z=9.9 vs. population median); unusually high payment-to-charge-ratio deviation from specialty peers (z=8.0 vs. population median)
1003112947,Orthopedic Surgery,NY,I,-0.10116771353445625,0,24.68,Low,0,0,unusually high year-over-year payment-per-service change (z=8.4 vs. population median); unusually low year-over-year beneficiary count change (z=-3.2 vs. population median); unusually low year-over-year service volume change (z=-2.8 vs. population median)
1003044892,Emergency Medicine,IL,I,-0.10116738356436167,0,24.68,Low,0,0,unusually high service-concentration deviation from specialty peers (z=8.4 vs. population median); unusually high 5-year average service concentration (HHI) (z=4.9 vs. population median); unusually high service concentration (HHI) across billing codes (z=4.8 vs. population median)
1003127366,Undefined Physician type,NY,I,-0.10119650598198471,0,24.67,Low,0,0,unusually high multi-year payment trend (z=19.4 vs. population median); unusually high multi-year service-volume trend (z=15.8 vs. population median); unusually high submitted charge per service (z=7.1 vs. population median)
1003046822,Nephrology,TX,I,-0.10137694084675952,0,24.63,Low,0,0,unusually high payment-per-service deviation from specialty peers (z=14.4 vs. population median); unusually high 5-year average payment per service (z=7.7 vs. population median); unusually high payment per service (z=7.1 vs. population median)
1003148008,Chiropractic,MO,I,-0.10146098927280334,0,24.61,Low,0,0,unusually high services per beneficiary (z=27.7 vs. population median); unusually high 5-year average services per beneficiary (z=25.2 vs. population median); unusually high 5-year average service concentration (HHI) (z=4.9 vs. population median)
1003132804,Anesthesiology,MD,I,-0.10152295381535076,0,24.59,Low,1,0,unusually high services-per-beneficiary deviation from specialty peers (z=89.5 vs. population median); unusually high payment-to-charge-ratio deviation from specialty peers (z=5.0 vs. population median); unusually high 5-year average payment per service (z=3.4 vs. population median)
1003085192,Neurology,CA,I,-0.1016155002416691,0,24.57,Low,1,0,unusually high year-over-year payment-per-service change (z=30.7 vs. population median); unusually high 5-year average services per beneficiary (z=18.4 vs. population median); unusually high 5-year average total services (z=17.2 vs. population median)
1003013137,Physician Assistant,MN,I,-0.1018194317323467,0,24.52,Low,0,0,unusually high year-over-year payment change (z=19.2 vs. population median); unusually high year-over-year beneficiary count change (z=15.6 vs. population median); unusually high year-over-year service volume change (z=13.6 vs. population median)
1003093147,Internal Medicine,TX,I,-0.10185233112575037,0,24.51,Low,0,0,unusually high 5-year average total services (z=16.5 vs. population median); unusually high total services billed (z=15.4 vs. population median); unusually high total beneficiaries served (z=10.6 vs. population median)
1003137944,Diagnostic Radiology,OK,I,-0.10196174837561339,0,24.49,Low,0,0,unusually high total beneficiaries served (z=16.4 vs. population median); unusually high number of distinct billing codes (HCPCS) used (z=10.5 vs. population median); unusually high total services billed (z=10.1 vs. population median)
1003109208,Physical Medicine and Rehabilitation,NY,I,-0.1020251673097371,0,24.47,Low,0,0,unusually high total Medicare payment received (z=7.5 vs. population median); unusually high 5-year average total payment (z=5.4 vs. population median); unusually high payment-to-charge ratio (z=5.4 vs. population median)
1003086489,Licensed Clinical Social Worker,FL,I,-0.10206569020639139,0,24.46,Low,0,0,unusually high services per beneficiary (z=18.7 vs. population median); unusually high services per billing code (z=12.8 vs. population median); unusually high 5-year average services per beneficiary (z=10.6 vs. population median)
1003011404,Dermatology,CO,I,-0.10214890175876967,0,24.44,Low,0,0,unusually high total Medicare payment received (z=12.8 vs. population median); unusually high 5-year average total payment (z=9.7 vs. population median); unusually high total submitted charges (z=9.2 vs. population median)
1003027269,Anesthesiology,TX,I,-0.10224956651745748,0,24.42,Low,0,0,unusually high submitted charge per service (z=17.1 vs. population median); unusually low standardized-amount-to-payment ratio (z=-9.4 vs. population median); unusually high service concentration (HHI) across billing codes (z=4.8 vs. population median)
1003017971,Orthopedic Surgery,CA,I,-0.10249277399834211,0,24.36,Low,0,0,unusually high total submitted charges (z=9.6 vs. population median); unusually high total Medicare payment received (z=7.2 vs. population median); unusually high 5-year average total payment (z=5.8 vs. population median)
1003021205,Optometry,CA,I,-0.1026120607680357,0,24.33,Low,0,0,unusually high total beneficiaries served (z=8.9 vs. population median); unusually high total Medicare payment received (z=6.3 vs. population median); unusually high total services billed (z=6.1 vs. population median)
1003152596,Licensed Clinical Social Worker,IN,I,-0.10274816989898722,0,24.3,Low,0,0,unusually high charge-per-service deviation from specialty peers (z=8.5 vs. population median); unusually high 5-year average service concentration (HHI) (z=4.9 vs. population median); unusually high service concentration (HHI) across billing codes (z=4.8 vs. population median)
1003045022,Diagnostic Radiology,CO,I,-0.10301364116751505,0,24.23,Low,0,0,unusually high services-per-beneficiary deviation from specialty peers (z=16.1 vs. population median); unusually high multi-year service-volume trend (z=6.3 vs. population median); unusually high number of distinct billing codes (HCPCS) used (z=4.8 vs. population median)
1003152174,Endocrinology,NY,I,-0.10310970905896955,0,24.21,Low,0,0,unusually high total submitted charges (z=3.8 vs. population median); unusually high total services billed (z=3.3 vs. population median); unusually high 5-year average total services (z=3.3 vs. population median)
1003006727,Anesthesiology,NY,I,-0.10318284695880375,0,24.19,Low,0,0,unusually high submitted charge per service (z=12.0 vs. population median); unusually low year-over-year payment change (z=-3.7 vs. population median); unusually high 5-year average payment per service (z=3.5 vs. population median)
1003147323,Orthopedic Surgery,NY,I,-0.10321398500702345,0,24.18,Low,0,0,unusually high payment-to-charge-ratio deviation from specialty peers (z=2.5 vs. population median); unusually high total Medicare payment received (z=1.8 vs. population median); unusually high number of distinct billing codes (HCPCS) used (z=1.8 vs. population median)
1003092123,Registered Dietitian or Nutrition Professional,PA,I,-0.10327429829971146,0,24.17,Low,0,0,unusually high services per beneficiary (z=9.4 vs. population median); unusually high 5-year average services per beneficiary (z=8.8 vs. population median); unusually high 5-year average payment-to-charge ratio (z=5.8 vs. population median)
1003156985,Chiropractic,WI,I,-0.10347811023637432,0,24.12,Low,0,0,unusually high services per beneficiary (z=13.1 vs. population median); unusually high 5-year average services per beneficiary (z=11.9 vs. population median); unusually high 5-year average service concentration (HHI) (z=4.9 vs. population median)
1003002098,Chiropractic,OH,I,-0.10394358580026342,0,24.01,Low,0,0,unusually high 5-year average services per beneficiary (z=14.6 vs. population median); unusually high services per beneficiary (z=5.0 vs. population median); unusually high 5-year average service concentration (HHI) (z=4.9 vs. population median)
1003129388,Cardiology,HI,I,-0.10417478407746827,0,23.95,Low,0,0,unusually high year-over-year payment-per-service change (z=12.8 vs. population median); unusually high year-over-year payment change (z=10.6 vs. population median); unusually high service-concentration deviation from specialty peers (z=4.3 vs. population median)
1003131558,Radiation Oncology,AL,I,-0.10417493952404527,0,23.95,Low,0,0,unusually high total submitted charges (z=10.4 vs. population median); unusually high total Medicare payment received (z=6.0 vs. population median); unusually high 5-year average total payment (z=4.9 vs. population median)
1003096777,Hospitalist,CA,I,-0.10427680348102525,0,23.93,Low,0,0,unusually high multi-year payment trend (z=44.9 vs. population median); unusually high multi-year service-volume trend (z=26.6 vs. population median); unusually low year-over-year beneficiary count change (z=-3.4 vs. population median)
1003159039,Chiropractic,FL,I,-0.10436436645600716,0,23.91,Low,1,0,unusually high charge-per-service deviation from specialty peers (z=7.1 vs. population median); unusually high 5-year average service concentration (HHI) (z=4.9 vs. population median); unusually high service concentration (HHI) across billing codes (z=4.8 vs. population median)
1003014473,Diagnostic Radiology,PA,I,-0.10438707256797763,0,23.9,Low,0,0,unusually high total beneficiaries served (z=21.3 vs. population median); unusually high number of distinct billing codes (HCPCS) used (z=12.8 vs. population median); unusually high total services billed (z=12.2 vs. population median)
1003034851,Family Practice,TN,I,-0.10450066840424815,0,23.88,Low,0,0,unusually high total beneficiaries served (z=11.8 vs. population median); unusually high total services billed (z=10.5 vs. population median); unusually high 5-year average total services (z=10.0 vs. population median)
1003091505,Speech Language Pathologist,NY,I,-0.1046862373134066,0,23.83,Low,0,0,unusually high services per beneficiary (z=26.7 vs. population median); unusually high 5-year average services per beneficiary (z=25.1 vs. population median); unusually low payment-to-charge-ratio deviation from specialty peers (z=-5.0 vs. population median)
1003084872,Podiatry,TX,I,-0.10475417400911674,0,23.81,Low,0,0,unusually high standardized-amount-to-payment ratio (z=17.7 vs. population median); unusually high service-concentration deviation from specialty peers (z=5.2 vs. population median); unusually high allowed-to-charge ratio (z=5.2 vs. population median)
1003120668,Licensed Clinical Social Worker,FL,I,-0.1047855343962179,0,23.81,Low,0,0,unusually high services per beneficiary (z=25.3 vs. population median); unusually high 5-year average services per beneficiary (z=21.6 vs. population median); unusually high service concentration (HHI) across billing codes (z=4.8 vs. population median)
1003131228,Nephrology,CA,I,-0.1050353446356373,0,23.75,Low,0,0,unusually high total Medicare payment received (z=13.5 vs. population median); unusually high 5-year average total payment (z=11.3 vs. population median); unusually high total services billed (z=8.1 vs. population median)
1003003856,Family Practice,NY,I,-0.10506815214967441,0,23.74,Low,0,0,unusually high total beneficiaries served (z=7.0 vs. population median); unusually high total services billed (z=5.9 vs. population median); unusually high 5-year average total services (z=5.3 vs. population median)
1003114026,Physical Therapist in Private Practice,NJ,I,-0.1052028279717439,0,23.71,Low,0,0,unusually high services per beneficiary (z=39.5 vs. population median); unusually high 5-year average services per beneficiary (z=38.1 vs. population median); unusually high services per billing code (z=13.9 vs. population median)
1003136482,Physical Therapist in Private Practice,CA,I,-0.10531361481742574,0,23.68,Low,0,0,unusually high services per beneficiary (z=32.3 vs. population median); unusually high 5-year average services per beneficiary (z=29.4 vs. population median); unusually high services per billing code (z=18.6 vs. population median)
1003102773,Obstetrics & Gynecology,IL,I,-0.10541261148416553,0,23.66,Low,0,0,unusually high payment-to-charge-ratio deviation from specialty peers (z=5.4 vs. population median); unusually high payment-to-charge ratio (z=5.3 vs. population median); unusually high 5-year average payment-to-charge ratio (z=5.3 vs. population median)
1003016239,Occupational Therapist in Private Practice,AL,I,-0.10539561031275363,0,23.66,Low,0,0,unusually high 5-year average services per beneficiary (z=59.2 vs. population median); unusually high services per beneficiary (z=53.1 vs. population median); unusually high services per billing code (z=6.3 vs. population median)
1003088816,Chiropractic,MN,I,-0.10543297918741235,0,23.65,Low,0,0,unusually high services per beneficiary (z=50.0 vs. population median); unusually high 5-year average services per beneficiary (z=31.5 vs. population median); unusually high 5-year average service concentration (HHI) (z=4.9 vs. population median)
1003028713,Licensed Clinical Social Worker,TX,I,-0.10570536266988945,0,23.59,Low,0,0,unusually high services per beneficiary (z=12.8 vs. population median); unusually high 5-year average services per beneficiary (z=8.6 vs. population median); unusually high service concentration (HHI) across billing codes (z=4.8 vs. population median)
1003066846,Cardiology,AR,I,-0.10583155868229965,0,23.55,Low,0,0,unusually high total beneficiaries served (z=21.8 vs. population median); unusually high 5-year average total services (z=18.1 vs. population median); unusually high total services billed (z=15.3 vs. population median)
1003137084,Diagnostic Radiology,SC,I,-0.10620022035912519,0,23.47,Low,0,0,unusually high total beneficiaries served (z=22.8 vs. population median); unusually high 5-year average total services (z=12.8 vs. population median); unusually high total services billed (z=12.8 vs. population median)
1003046004,Internal Medicine,CA,I,-0.10619175032361289,0,23.47,Low,0,0,unusually low year-over-year beneficiary count change (z=-6.2 vs. population median); unusually low year-over-year payment change (z=-6.1 vs. population median); unusually low year-over-year service volume change (z=-5.6 vs. population median)
1003087776,Certified Registered Nurse Anesthetist (CRNA),PA,I,-0.10623081624753322,0,23.46,Low,1,0,unusually high year-over-year beneficiary count change (z=32.3 vs. population median); unusually high year-over-year service volume change (z=8.9 vs. population median); unusually low year-over-year payment-per-service change (z=-6.5 vs. population median)
1003052754,Licensed Clinical Social Worker,PA,I,-0.10629366752455793,0,23.44,Low,0,0,unusually high services per beneficiary (z=20.1 vs. population median); unusually high 5-year average services per beneficiary (z=14.8 vs. population median); unusually high 5-year average service concentration (HHI) (z=4.9 vs. population median)
1003038043,Neurosurgery,TX,I,-0.10663275527748928,0,23.36,Low,1,0,unusually high 5-year average payment per service (z=10.4 vs. population median); unusually high payment per service (z=10.0 vs. population median); unusually high submitted charge per service (z=7.3 vs. population median)
1003026212,Diagnostic Radiology,TX,I,-0.10672030031118696,0,23.34,Low,0,0,unusually high total submitted charges (z=15.1 vs. population median); unusually high total beneficiaries served (z=11.7 vs. population median); unusually high 5-year average total services (z=6.9 vs. population median)
1003058652,Ophthalmology,NY,I,-0.10729363480098014,0,23.2,Low,0,0,unusually high total beneficiaries served (z=19.7 vs. population median); unusually high total Medicare payment received (z=19.2 vs. population median); unusually high 5-year average total payment (z=17.6 vs. population median)
1003163007,General Surgery,WA,I,-0.10766451198932886,0,23.11,Low,0,0,unusually high submitted charge per service (z=14.3 vs. population median); unusually high charge-per-service deviation from specialty peers (z=13.3 vs. population median); unusually high 5-year average payment per service (z=2.9 vs. population median)
1003050071,Physician Assistant,WA,I,-0.10773836137002002,0,23.1,Low,0,0,unusually high services-per-beneficiary deviation from specialty peers (z=30.4 vs. population median); unusually high multi-year service-volume trend (z=27.1 vs. population median); unusually high services per beneficiary (z=17.9 vs. population median)
1003016452,Chiropractic,CA,I,-0.10774182428065354,0,23.1,Low,0,0,unusually high 5-year average services per beneficiary (z=10.9 vs. population median); unusually high 5-year average service concentration (HHI) (z=4.9 vs. population median); unusually high service concentration (HHI) across billing codes (z=4.8 vs. population median)
1003006107,Cardiology,TX,I,-0.10777729141212505,0,23.09,Low,0,0,unusually high multi-year service-volume trend (z=24.1 vs. population median); unusually high multi-year payment trend (z=13.3 vs. population median); unusually high payment-to-charge-ratio deviation from specialty peers (z=4.3 vs. population median)
1003071010,Orthopedic Surgery,NJ,I,-0.10801711906955574,0,23.03,Low,0,0,unusually low year-over-year payment-per-service change (z=-7.6 vs. population median); unusually low year-over-year payment change (z=-5.2 vs. population median); unusually low year-over-year beneficiary count change (z=-4.3 vs. population median)
1003013970,Ophthalmology,SC,I,-0.10807383505556578,0,23.02,Low,0,0,unusually high total Medicare payment received (z=13.4 vs. population median); unusually high total submitted charges (z=12.7 vs. population median); unusually high total beneficiaries served (z=12.4 vs. population median)
1003117367,Physical Therapist in Private Practice,PA,I,-0.1084549770072969,0,22.92,Low,0,0,unusually high 5-year average services per beneficiary (z=36.3 vs. population median); unusually high services per beneficiary (z=27.8 vs. population median); unusually high service-concentration deviation from specialty peers (z=8.2 vs. population median)
1003040650,Certified Registered Nurse Anesthetist (CRNA),FL,I,-0.10873162865315839,0,22.86,Low,0,0,unusually high submitted charge per service (z=15.6 vs. population median); unusually high 5-year average service concentration (HHI) (z=4.9 vs. population median); unusually high service concentration (HHI) across billing codes (z=4.8 vs. population median)
1003056268,Rheumatology,NY,I,-0.1087317048210083,0,22.86,Low,0,0,unusually high year-over-year service volume change (z=6.1 vs. population median); unusually high year-over-year beneficiary count change (z=5.6 vs. population median); unusually low year-over-year payment-per-service change (z=-4.4 vs. population median)
1003140872,Physical Therapist in Private Practice,NC,I,-0.1088228811626551,0,22.84,Low,0,0,unusually high services per beneficiary (z=21.3 vs. population median); unusually high services per billing code (z=20.1 vs. population median); unusually high 5-year average services per beneficiary (z=19.4 vs. population median)
1003148198,Anesthesiology,AZ,I,-0.10886234885945123,0,22.83,Low,0,0,unusually high services-per-beneficiary deviation from specialty peers (z=64.3 vs. population median); unusually high payment-to-charge-ratio deviation from specialty peers (z=6.4 vs. population median); unusually high 5-year average payment per service (z=3.3 vs. population median)
1003059684,Internal Medicine,OH,I,-0.1089256972608309,0,22.81,Low,0,0,unusually high total beneficiaries served (z=8.6 vs. population median); unusually high number of distinct billing codes (HCPCS) used (z=8.5 vs. population median); unusually high total services billed (z=7.0 vs. population median)
1003062696,Physical Therapist in Private Practice,NC,I,-0.10905085754524879,0,22.78,Low,0,0,unusually high services per beneficiary (z=85.3 vs. population median); unusually high 5-year average services per beneficiary (z=70.9 vs. population median); unusually high services per billing code (z=13.0 vs. population median)
1003027103,Chiropractic,OK,I,-0.10904799978134527,0,22.78,Low,0,0,unusually high services per beneficiary (z=38.5 vs. population median); unusually high 5-year average services per beneficiary (z=34.9 vs. population median); unusually high services per billing code (z=9.4 vs. population median)
1003057118,Physician Assistant,MN,I,-0.10911534703555426,0,22.77,Low,0,0,unusually high multi-year service-volume trend (z=11.8 vs. population median); unusually high multi-year payment trend (z=9.9 vs. population median); unusually high charge-per-service deviation from specialty peers (z=3.8 vs. population median)
1003068263,Physician Assistant,NC,I,-0.10910376584468662,0,22.77,Low,0,0,unusually high total beneficiaries served (z=8.4 vs. population median); unusually high total services billed (z=7.8 vs. population median); unusually high year-over-year service volume change (z=6.0 vs. population median)
1003022187,Chiropractic,IL,I,-0.10910541401683221,0,22.77,Low,0,0,unusually high multi-year payment trend (z=23.6 vs. population median); unusually high services per beneficiary (z=16.8 vs. population median); unusually high multi-year service-volume trend (z=15.8 vs. population median)
1003037987,Chiropractic,OH,I,-0.10918661811437141,0,22.75,Low,0,0,unusually high 5-year average services per beneficiary (z=11.2 vs. population median); unusually high services per beneficiary (z=11.0 vs. population median); unusually high services per billing code (z=10.0 vs. population median)
1003159096,Anesthesiology,WA,I,-0.10915966698500085,0,22.75,Low,0,0,unusually high submitted charge per service (z=6.8 vs. population median); unusually high 5-year average payment per service (z=5.2 vs. population median); unusually high payment per service (z=5.0 vs. population median)
1003016353,Internal Medicine,NY,I,-0.10946109607782456,0,22.68,Low,0,0,unusually high year-over-year beneficiary count change (z=13.8 vs. population median); unusually high year-over-year service volume change (z=10.5 vs. population median); unusually high year-over-year payment change (z=7.5 vs. population median)
1003058660,Orthopedic Surgery,FL,I,-0.10951651876161611,0,22.67,Low,0,0,unusually high total submitted charges (z=4.6 vs. population median); unusually high submitted charge per service (z=4.4 vs. population median); unusually high charge-per-service deviation from specialty peers (z=3.4 vs. population median)
1003006602,Plastic and Reconstructive Surgery,MS,I,-0.10954695331819292,0,22.66,Low,0,0,unusually high payment per service (z=7.9 vs. population median); unusually high 5-year average payment per service (z=5.3 vs. population median); unusually high submitted charge per service (z=3.8 vs. population median)
1003056896,Chiropractic,WI,I,-0.10961066076287329,0,22.65,Low,0,0,unusually high services per beneficiary (z=40.4 vs. population median); unusually high 5-year average services per beneficiary (z=31.3 vs. population median); unusually high services per billing code (z=5.1 vs. population median)
1003040320,Psychiatry,NY,I,-0.10959589868615294,0,22.65,Low,1,0,unusually high 5-year average services per beneficiary (z=10.9 vs. population median); unusually high charge-per-service deviation from specialty peers (z=7.4 vs. population median); unusually low year-over-year payment change (z=-6.4 vs. population median)
1003057076,Obstetrics & Gynecology,LA,I,-0.10964252356774207,0,22.64,Low,1,0,unusually high year-over-year beneficiary count change (z=14.4 vs. population median); unusually high year-over-year payment-per-service change (z=7.1 vs. population median); unusually high year-over-year payment change (z=7.0 vs. population median)
1003079716,Chiropractic,MI,I,-0.1096234044092616,0,22.64,Low,0,0,unusually high 5-year average services per beneficiary (z=11.1 vs. population median); unusually high services per beneficiary (z=9.4 vs. population median); unusually high 5-year average service concentration (HHI) (z=4.9 vs. population median)
1003160987,Internal Medicine,KS,I,-0.10966701307723148,0,22.63,Low,0,0,unusually high total beneficiaries served (z=15.3 vs. population median); unusually high 5-year average total services (z=11.1 vs. population median); unusually high total services billed (z=11.1 vs. population median)
1003154725,Physician Assistant,OK,I,-0.10969140833149643,0,22.63,Low,0,0,unusually high total services billed (z=8.6 vs. population median); unusually high 5-year average total services (z=8.6 vs. population median); unusually high total beneficiaries served (z=6.4 vs. population median)
1003100017,Physical Therapist in Private Practice,CA,I,-0.10975853214465181,0,22.61,Low,0,0,unusually high services per beneficiary (z=31.0 vs. population median); unusually high 5-year average services per beneficiary (z=23.4 vs. population median); unusually high services per billing code (z=18.0 vs. population median)
1003075417,Occupational Therapist in Private Practice,OR,I,-0.10988360762443761,0,22.58,Low,0,0,unusually high services per beneficiary (z=52.7 vs. population median); unusually high 5-year average services per beneficiary (z=39.3 vs. population median); unusually high services per billing code (z=15.5 vs. population median)
1003026485,Chiropractic,FL,I,-0.10999555650039528,0,22.55,Low,0,0,unusually high services per beneficiary (z=33.0 vs. population median); unusually high 5-year average services per beneficiary (z=32.2 vs. population median); unusually high services per billing code (z=9.7 vs. population median)
1003027301,Allergy/ Immunology,VA,I,-0.1100329858209596,0,22.54,Low,0,0,unusually high services per beneficiary (z=48.1 vs. population median); unusually high 5-year average services per beneficiary (z=39.6 vs. population median); unusually high services per billing code (z=12.0 vs. population median)
1003140567,Chiropractic,IL,I,-0.1101288628438411,0,22.52,Low,0,0,unusually high services per beneficiary (z=14.9 vs. population median); unusually high 5-year average services per beneficiary (z=13.5 vs. population median); unusually high 5-year average service concentration (HHI) (z=4.9 vs. population median)
1003107285,Pain Management,NY,I,-0.11029406252726703,0,22.48,Low,0,0,unusually high service-concentration deviation from specialty peers (z=9.2 vs. population median); unusually high year-over-year payment-per-service change (z=3.8 vs. population median); unusually low year-over-year beneficiary count change (z=-3.2 vs. population median)
1003056755,Diagnostic Radiology,VA,I,-0.11036438782473673,0,22.46,Low,0,0,unusually high total submitted charges (z=9.2 vs. population median); unusually high total beneficiaries served (z=8.3 vs. population median); unusually high 5-year average total services (z=8.1 vs. population median)
1003076183,Emergency Medicine,PA,I,-0.1104436105113023,0,22.45,Low,0,0,unusually high submitted charge per service (z=17.9 vs. population median); unusually high total submitted charges (z=16.6 vs. population median); unusually high charge-per-service deviation from specialty peers (z=5.6 vs. population median)
1003139726,Physical Therapist in Private Practice,NM,I,-0.1105507273031549,0,22.42,Low,0,0,unusually high services per beneficiary (z=21.9 vs. population median); unusually high 5-year average services per beneficiary (z=19.9 vs. population median); unusually high services per billing code (z=11.9 vs. population median)
1003098237,Colorectal Surgery (Proctology),NH,I,-0.11057264971138547,0,22.41,Low,0,0,unusually high service concentration (HHI) across billing codes (z=4.8 vs. population median); unusually high year-over-year service volume change (z=4.2 vs. population median); unusually high year-over-year payment change (z=4.2 vs. population median)
1003130402,Physician Assistant,VA,I,-0.11067684288768209,0,22.39,Low,0,0,unusually low year-over-year beneficiary count change (z=-5.1 vs. population median); unusually low year-over-year service volume change (z=-4.7 vs. population median); unusually low year-over-year payment change (z=-4.7 vs. population median)
1003146879,Neurology,MA,I,-0.11069216340424037,0,22.39,Low,0,0,unusually high submitted charge per service (z=5.8 vs. population median); unusually high charge-per-service deviation from specialty peers (z=5.4 vs. population median); unusually high service-concentration deviation from specialty peers (z=5.1 vs. population median)
1003012931,Internal Medicine,CA,I,-0.1107875060421405,0,22.36,Low,1,0,unusually high services-per-beneficiary deviation from specialty peers (z=30.5 vs. population median); unusually high services per beneficiary (z=26.7 vs. population median); unusually high services per billing code (z=16.0 vs. population median)
1003006636,Diagnostic Radiology,VA,I,-0.11083186085960584,0,22.35,Low,1,0,unusually high total beneficiaries served (z=21.2 vs. population median); unusually high total services billed (z=11.7 vs. population median); unusually high multi-year service-volume trend (z=11.6 vs. population median)
1003005018,Chiropractic,MN,I,-0.11082796284998148,0,22.35,Low,0,0,unusually high services per beneficiary (z=24.2 vs. population median); unusually high 5-year average services per beneficiary (z=21.1 vs. population median); unusually high 5-year average service concentration (HHI) (z=4.9 vs. population median)
1003057274,Diagnostic Radiology,CA,I,-0.11089543536870333,0,22.34,Low,0,0,unusually low year-over-year payment-per-service change (z=-10.6 vs. population median); unusually low year-over-year beneficiary count change (z=-6.7 vs. population median); unusually low year-over-year payment change (z=-6.4 vs. population median)
1003090739,Nurse Practitioner,AZ,I,-0.11091422743022039,0,22.33,Low,0,0,unusually high standardized-amount-to-payment ratio (z=8.8 vs. population median); unusually high year-over-year beneficiary count change (z=5.4 vs. population median); unusually high service concentration (HHI) across billing codes (z=4.8 vs. population median)
1003066325,Diagnostic Radiology,IN,I,-0.11098375576565761,0,22.32,Low,0,0,unusually high total beneficiaries served (z=16.1 vs. population median); unusually high number of distinct billing codes (HCPCS) used (z=13.2 vs. population median); unusually high total services billed (z=9.3 vs. population median)
1003078395,Anesthesiology,DC,I,-0.11103418051150316,0,22.3,Low,0,0,unusually low year-over-year payment-per-service change (z=-8.6 vs. population median); unusually low year-over-year payment change (z=-5.7 vs. population median); unusually low year-over-year beneficiary count change (z=-5.0 vs. population median)
1003143561,Physician Assistant,OH,I,-0.1110600796324211,0,22.3,Low,0,0,unusually high charge-per-service deviation from specialty peers (z=10.5 vs. population median); unusually high submitted charge per service (z=9.3 vs. population median); unusually high payment-per-service deviation from specialty peers (z=3.4 vs. population median)
1003096629,Optometry,IA,I,-0.11107179027885855,0,22.29,Low,0,0,unusually high service-concentration deviation from specialty peers (z=7.2 vs. population median); unusually high allowed-to-charge ratio (z=5.2 vs. population median); unusually high multi-year payment trend (z=5.1 vs. population median)
1003002486,Chiropractic,MO,I,-0.11108718254054506,0,22.29,Low,0,0,unusually high 5-year average services per beneficiary (z=24.0 vs. population median); unusually high services per beneficiary (z=20.2 vs. population median); unusually high 5-year average service concentration (HHI) (z=4.9 vs. population median)
1003127143,Nurse Practitioner,TX,I,-0.1111154898617478,0,22.28,Low,1,0,unusually high year-over-year payment change (z=12.6 vs. population median); unusually high year-over-year beneficiary count change (z=11.9 vs. population median); unusually high year-over-year service volume change (z=8.8 vs. population median)
1003023276,Sports Medicine,NM,I,-0.11113298072839978,0,22.28,Low,0,0,unusually high services per beneficiary (z=7.0 vs. population median); unusually low year-over-year payment-per-service change (z=-3.2 vs. population median); unusually high 5-year average services per beneficiary (z=3.1 vs. population median)
1003035593,Physical Therapist in Private Practice,IL,I,-0.11138582969565669,0,22.22,Low,1,0,unusually high services per beneficiary (z=27.2 vs. population median); unusually high 5-year average services per beneficiary (z=24.2 vs. population median); unusually high multi-year service-volume trend (z=22.7 vs. population median)
1003000142,Anesthesiology,OH,I,-0.11139700744955222,0,22.22,Low,0,0,unusually high services-per-beneficiary deviation from specialty peers (z=77.0 vs. population median); unusually high payment-to-charge-ratio deviation from specialty peers (z=5.7 vs. population median); unusually high number of distinct billing codes (HCPCS) used (z=2.5 vs. population median)
1003073685,Internal Medicine,VA,I,-0.11145948085635426,0,22.2,Low,0,0,unusually low year-over-year payment-per-service change (z=-8.1 vs. population median); unusually high allowed-to-charge ratio (z=5.2 vs. population median); unusually high service-concentration deviation from specialty peers (z=5.1 vs. population median)
1003111873,Pain Management,NM,I,-0.11154461874519994,0,22.18,Low,0,0,unusually high multi-year service-volume trend (z=10.7 vs. population median); unusually high multi-year payment trend (z=10.5 vs. population median); unusually high year-over-year service volume change (z=7.1 vs. population median)
1003039074,"Psychologist, Clinical",NM,I,-0.11157352451156655,0,22.17,Low,0,0,unusually high multi-year service-volume trend (z=32.3 vs. population median); unusually high multi-year payment trend (z=32.2 vs. population median); unusually high services per beneficiary (z=14.4 vs. population median)
1003109364,Hematology-Oncology,LA,I,-0.11161130312731682,0,22.16,Low,0,0,unusually high multi-year service-volume trend (z=40.9 vs. population median); unusually high multi-year payment trend (z=21.8 vs. population median); unusually high year-over-year service volume change (z=8.8 vs. population median)
1003057928,Occupational Therapist in Private Practice,AZ,I,-0.111760943042861,0,22.13,Low,0,0,unusually high service-concentration deviation from specialty peers (z=5.8 vs. population median); unusually high 5-year average service concentration (HHI) (z=4.9 vs. population median); unusually high service concentration (HHI) across billing codes (z=4.8 vs. population median)
1003043860,Optometry,CA,I,-0.11185793206881278,0,22.11,Low,0,0,unusually high year-over-year service volume change (z=18.9 vs. population median); unusually high year-over-year beneficiary count change (z=17.3 vs. population median); unusually high year-over-year payment change (z=14.6 vs. population median)
1003101908,Cardiology,MD,I,-0.11204913879657274,0,22.06,Low,0,0,unusually high total beneficiaries served (z=19.5 vs. population median); unusually high total services billed (z=14.3 vs. population median); unusually high 5-year average total services (z=11.5 vs. population median)
1003052515,Certified Registered Nurse Anesthetist (CRNA),OH,I,-0.11211459236469451,0,22.04,Low,0,0,unusually high multi-year payment trend (z=25.8 vs. population median); unusually high multi-year service-volume trend (z=17.7 vs. population median); unusually high submitted charge per service (z=6.7 vs. population median)
1003051285,Podiatry,NJ,I,-0.11226913945248501,0,22.01,Low,0,0,unusually high year-over-year service volume change (z=13.0 vs. population median); unusually high year-over-year payment change (z=9.1 vs. population median); unusually high year-over-year beneficiary count change (z=7.5 vs. population median)
1003162546,Rheumatology,FL,I,-0.11239820647659926,0,21.98,Low,0,0,unusually high payment-to-charge-ratio deviation from specialty peers (z=3.1 vs. population median); unusually high payment-to-charge ratio (z=2.4 vs. population median); unusually high allowed-to-charge ratio (z=2.2 vs. population median)
1003122268,Physical Therapist in Private Practice,SC,I,-0.11258054202472867,0,21.93,Low,0,0,unusually high services per beneficiary (z=38.3 vs. population median); unusually high 5-year average services per beneficiary (z=29.7 vs. population median); unusually high services per billing code (z=20.0 vs. population median)
1003045857,Nurse Practitioner,FL,I,-0.11267008170861481,0,21.91,Low,0,0,unusually high total beneficiaries served (z=16.7 vs. population median); unusually high total services billed (z=11.0 vs. population median); unusually high 5-year average total services (z=9.2 vs. population median)
1003156761,Licensed Clinical Social Worker,MN,I,-0.11281202703564724,0,21.88,Low,0,0,unusually high charge-per-service deviation from specialty peers (z=5.8 vs. population median); unusually high 5-year average service concentration (HHI) (z=4.9 vs. population median); unusually high service concentration (HHI) across billing codes (z=4.8 vs. population median)
1003074519,Internal Medicine,IL,I,-0.11283761845221185,0,21.87,Low,0,0,unusually high number of distinct billing codes (HCPCS) used (z=8.5 vs. population median); unusually high total beneficiaries served (z=8.2 vs. population median); unusually high 5-year average total services (z=7.5 vs. population median)
1003101874,Ophthalmology,CA,I,-0.11292909625044234,0,21.85,Low,0,0,unusually high multi-year payment trend (z=162.5 vs. population median); unusually high multi-year service-volume trend (z=101.3 vs. population median); unusually low standardized-amount-to-payment ratio (z=-3.8 vs. population median)
1003001975,Physical Therapist in Private Practice,CA,I,-0.11337739883717401,0,21.74,Low,1,0,unusually high services per beneficiary (z=23.5 vs. population median); unusually high year-over-year service volume change (z=19.1 vs. population median); unusually high 5-year average services per beneficiary (z=18.6 vs. population median)
1003019704,Ambulance Service Provider,WI,O,-0.1134956536409597,0,21.71,Low,0,0,unusually high services per beneficiary (z=32.9 vs. population median); unusually high 5-year average services per beneficiary (z=30.4 vs. population median); unusually high services per billing code (z=8.0 vs. population median)
1003004540,Ophthalmology,FL,I,-0.11362756717130784,0,21.68,Low,0,0,unusually high service-concentration deviation from specialty peers (z=11.3 vs. population median); unusually low year-over-year beneficiary count change (z=-6.8 vs. population median); unusually low year-over-year payment change (z=-6.4 vs. population median)
1003115486,Interventional Cardiology,CA,I,-0.11371123823290513,0,21.66,Low,0,0,unusually high service-concentration deviation from specialty peers (z=10.5 vs. population median); unusually high 5-year average service concentration (HHI) (z=4.9 vs. population median); unusually high service concentration (HHI) across billing codes (z=4.8 vs. population median)
1003074303,Certified Registered Nurse Anesthetist (CRNA),FL,I,-0.11375026523020165,0,21.65,Low,0,0,unusually high submitted charge per service (z=24.1 vs. population median); unusually high charge-per-service deviation from specialty peers (z=7.8 vs. population median); unusually high total submitted charges (z=6.3 vs. population median)
1003129958,Hematology-Oncology,WI,I,-0.11405393250748891,0,21.58,Low,0,0,unusually high year-over-year service volume change (z=6.8 vs. population median); unusually high multi-year payment trend (z=6.2 vs. population median); unusually high services per beneficiary (z=6.2 vs. population median)
1003002734,Licensed Clinical Social Worker,TN,I,-0.1140326503526522,0,21.58,Low,0,0,unusually high standardized-amount-to-payment ratio (z=5.1 vs. population median); unusually high 5-year average service concentration (HHI) (z=4.9 vs. population median); unusually high service concentration (HHI) across billing codes (z=4.8 vs. population median)
1003083304,Emergency Medicine,NC,I,-0.11402189244283872,0,21.58,Low,0,0,unusually high submitted charge per service (z=13.0 vs. population median); unusually high total submitted charges (z=11.4 vs. population median); unusually high service-concentration deviation from specialty peers (z=5.0 vs. population median)
1003111063,Orthopedic Surgery,IN,I,-0.1140681049708443,0,21.57,Low,0,0,unusually high services per beneficiary (z=2.5 vs. population median); unusually low year-over-year beneficiary count change (z=-2.4 vs. population median); unusually low year-over-year service volume change (z=-2.0 vs. population median)
1003017302,Psychiatry,AR,I,-0.11427152014795638,0,21.52,Low,0,0,unusually high services per beneficiary (z=6.9 vs. population median); unusually high payment-to-charge ratio (z=4.8 vs. population median); unusually high service concentration (HHI) across billing codes (z=4.8 vs. population median)
1003109927,Hand Surgery,OH,I,-0.11427285237295559,0,21.52,Low,0,0,unusually high drug-payment-share deviation from specialty peers (z=6.4 vs. population median); unusually high multi-year payment trend (z=4.2 vs. population median); unusually high number of distinct billing codes (HCPCS) used (z=2.2 vs. population median)
1003105917,Critical Care (Intensivists),WA,I,-0.11433137507554553,0,21.51,Low,0,0,unusually high year-over-year service volume change (z=10.3 vs. population median); unusually high year-over-year payment change (z=10.0 vs. population median); unusually high year-over-year beneficiary count change (z=7.2 vs. population median)
1003106766,Sports Medicine,TX,I,-0.11439647586809426,0,21.49,Low,0,0,unusually high 5-year average total services (z=6.9 vs. population median); unusually high 5-year average total payment (z=3.5 vs. population median); unusually low multi-year payment trend (z=-2.3 vs. population median)
1003038167,Family Practice,AR,I,-0.11456183930637787,0,21.46,Low,0,0,unusually low year-over-year payment-per-service change (z=-4.8 vs. population median); unusually high number of distinct billing codes (HCPCS) used (z=4.5 vs. population median); unusually high total services billed (z=4.3 vs. population median)
1003110420,Licensed Professional Counselor,AR,I,-0.11497933563727708,0,21.35,Low,0,0,unusually low payment-to-charge-ratio deviation from specialty peers (z=-16.1 vs. population median); unusually high charge-per-service deviation from specialty peers (z=7.2 vs. population median); unusually high service-concentration deviation from specialty peers (z=6.8 vs. population median)
1003121849,Hand Surgery,OR,I,-0.11509693698719808,0,21.33,Low,0,0,unusually low year-over-year payment change (z=-3.3 vs. population median); unusually low year-over-year payment-per-service change (z=-2.8 vs. population median); unusually low year-over-year service volume change (z=-2.4 vs. population median)
1003045139,Physician Assistant,PA,I,-0.11533289262001944,0,21.27,Low,0,0,unusually high year-over-year payment-per-service change (z=17.2 vs. population median); unusually high charge-per-service deviation from specialty peers (z=9.0 vs. population median); unusually high submitted charge per service (z=8.1 vs. population median)
1003090663,Rheumatology,LA,I,-0.1153570794137791,0,21.26,Low,0,0,unusually high total services billed (z=5.2 vs. population median); unusually high 5-year average total services (z=4.8 vs. population median); unusually high total beneficiaries served (z=4.3 vs. population median)
1003036187,Geriatric Medicine,CA,I,-0.11553550778165017,0,21.22,Low,0,0,unusually high services per beneficiary (z=9.6 vs. population median); unusually high multi-year payment trend (z=6.7 vs. population median); unusually high year-over-year payment change (z=6.1 vs. population median)
1003053554,Physician Assistant,CO,I,-0.1157825342205846,0,21.16,Low,1,0,unusually high 5-year average services per beneficiary (z=10.1 vs. population median); unusually high 5-year average total services (z=6.7 vs. population median); unusually high year-over-year beneficiary count change (z=3.1 vs. population median)
1003090671,Chiropractic,AZ,I,-0.11587711114498633,0,21.14,Low,0,0,unusually high 5-year average services per beneficiary (z=16.2 vs. population median); unusually high services per beneficiary (z=12.6 vs. population median); unusually high services per billing code (z=8.5 vs. population median)
1003146598,Certified Clinical Nurse Specialist,OK,I,-0.1160992507665497,0,21.09,Low,0,0,unusually high submitted charge per service (z=8.7 vs. population median); unusually high services per beneficiary (z=2.9 vs. population median); unusually high total submitted charges (z=2.9 vs. population median)
1003123498,Licensed Clinical Social Worker,RI,I,-0.11612384652931634,0,21.08,Low,0,0,unusually high services per beneficiary (z=21.6 vs. population median); unusually high 5-year average services per beneficiary (z=20.3 vs. population median); unusually high 5-year average service concentration (HHI) (z=4.9 vs. population median)
1003034810,Diagnostic Radiology,SD,I,-0.11612583489284878,0,21.08,Low,0,0,unusually high total beneficiaries served (z=15.4 vs. population median); unusually high number of distinct billing codes (HCPCS) used (z=13.2 vs. population median); unusually high total services billed (z=9.7 vs. population median)
1003141920,Physician Assistant,IL,I,-0.11634081997818607,0,21.03,Low,0,0,unusually high charge-per-service deviation from specialty peers (z=10.3 vs. population median); unusually high submitted charge per service (z=9.1 vs. population median); unusually high total submitted charges (z=6.8 vs. population median)
1003040353,General Surgery,CA,I,-0.11634644430611452,0,21.03,Low,0,0,unusually high multi-year payment trend (z=45.1 vs. population median); unusually high multi-year service-volume trend (z=26.2 vs. population median); unusually high year-over-year service volume change (z=5.0 vs. population median)
1003041336,Neurosurgery,TX,I,-0.11634123876636854,0,21.03,Low,1,0,unusually high year-over-year payment-per-service change (z=11.1 vs. population median); unusually high year-over-year payment change (z=10.4 vs. population median); unusually high multi-year payment trend (z=7.4 vs. population median)
1003018870,Diagnostic Radiology,AL,I,-0.11633556011110374,0,21.03,Low,0,0,unusually high services-per-beneficiary deviation from specialty peers (z=10.8 vs. population median); unusually high number of distinct billing codes (HCPCS) used (z=6.8 vs. population median); unusually high 5-year average total services (z=6.4 vs. population median)
1003102401,Licensed Clinical Social Worker,IL,I,-0.11635131580877939,0,21.02,Low,0,0,unusually high 5-year average service concentration (HHI) (z=4.9 vs. population median); unusually high service concentration (HHI) across billing codes (z=4.8 vs. population median); unusually high allowed-to-charge ratio (z=2.9 vs. population median)
1003159252,Diagnostic Radiology,OR,I,-0.1163926518154712,0,21.01,Low,0,0,unusually high number of distinct billing codes (HCPCS) used (z=9.2 vs. population median); unusually high total beneficiaries served (z=9.1 vs. population median); unusually high total services billed (z=5.6 vs. population median)
1003059874,Family Practice,MS,I,-0.11659273044110247,0,20.97,Low,0,0,unusually high charge-per-service deviation from specialty peers (z=19.4 vs. population median); unusually high submitted charge per service (z=10.8 vs. population median); unusually low payment-to-charge-ratio deviation from specialty peers (z=-3.7 vs. population median)
1003143330,Physician Assistant,DE,I,-0.11663374151976125,0,20.96,Low,0,0,unusually high payment-per-service deviation from specialty peers (z=5.6 vs. population median); unusually high 5-year average service concentration (HHI) (z=4.9 vs. population median); unusually high service concentration (HHI) across billing codes (z=4.8 vs. population median)
1003047713,Chiropractic,RI,I,-0.11673064834418889,0,20.93,Low,0,0,unusually high services per beneficiary (z=27.1 vs. population median); unusually high 5-year average services per beneficiary (z=22.7 vs. population median); unusually high 5-year average service concentration (HHI) (z=4.9 vs. population median)
1003115502,Allergy/ Immunology,KY,I,-0.11689198967205666,0,20.89,Low,0,0,unusually high services per beneficiary (z=30.5 vs. population median); unusually high 5-year average services per beneficiary (z=28.1 vs. population median); unusually high total services billed (z=11.9 vs. population median)
1003105453,Chiropractic,FL,I,-0.11695893269599311,0,20.88,Low,0,0,unusually high services per beneficiary (z=7.4 vs. population median); unusually high 5-year average services per beneficiary (z=6.0 vs. population median); unusually high allowed-to-charge ratio (z=4.2 vs. population median)
1003119280,Certified Clinical Nurse Specialist,TX,I,-0.11705152641187727,0,20.86,Low,0,0,unusually low year-over-year beneficiary count change (z=-6.5 vs. population median); unusually low year-over-year payment change (z=-6.3 vs. population median); unusually low year-over-year service volume change (z=-5.9 vs. population median)
1003073701,Licensed Clinical Social Worker,NJ,I,-0.11705742295588778,0,20.85,Low,0,0,unusually high services per beneficiary (z=8.5 vs. population median); unusually high 5-year average services per beneficiary (z=7.6 vs. population median); unusually high 5-year average service concentration (HHI) (z=4.9 vs. population median)
1003049925,Nurse Practitioner,ID,I,-0.11745506614589163,0,20.76,Low,0,0,unusually high year-over-year service volume change (z=7.4 vs. population median); unusually high year-over-year beneficiary count change (z=6.5 vs. population median); unusually high payment-to-charge-ratio deviation from specialty peers (z=5.4 vs. population median)
1003086364,Family Practice,IA,I,-0.11751799777488842,0,20.74,Low,0,0,unusually high services-per-beneficiary deviation from specialty peers (z=9.4 vs. population median); unusually high total services billed (z=8.1 vs. population median); unusually high multi-year service-volume trend (z=8.1 vs. population median)
1003080557,Neurology,TX,I,-0.11766973382044615,0,20.71,Low,1,0,unusually high 5-year average services per beneficiary (z=19.8 vs. population median); unusually high 5-year average total services (z=18.2 vs. population median); unusually high total Medicare payment received (z=5.7 vs. population median)
1003072885,Diagnostic Radiology,CA,I,-0.11770852413463395,0,20.7,Low,1,0,unusually high multi-year service-volume trend (z=78.9 vs. population median); unusually high multi-year payment trend (z=11.5 vs. population median); unusually high total beneficiaries served (z=6.6 vs. population median)
1003138918,Internal Medicine,KY,I,-0.11786690187724269,0,20.66,Low,0,0,unusually high standardized-amount-to-payment ratio (z=13.5 vs. population median); unusually high number of distinct billing codes (HCPCS) used (z=2.2 vs. population median); unusually low payment-per-service deviation from specialty peers (z=-2.0 vs. population median)
1003139692,Chiropractic,MS,I,-0.11799932413287234,0,20.63,Low,0,0,unusually high services per beneficiary (z=20.0 vs. population median); unusually high 5-year average services per beneficiary (z=18.1 vs. population median); unusually high services per billing code (z=6.1 vs. population median)
1003051731,Physical Medicine and Rehabilitation,TX,I,-0.11803998621632372,0,20.62,Low,0,0,unusually high total submitted charges (z=8.0 vs. population median); unusually high charge-per-service deviation from specialty peers (z=7.3 vs. population median); unusually high year-over-year payment-per-service change (z=4.9 vs. population median)
1003034927,Ophthalmology,OK,I,-0.11801663072963758,0,20.62,Low,1,0,unusually high multi-year payment trend (z=14.5 vs. population median); unusually high total Medicare payment received (z=7.2 vs. population median); unusually high payment-per-service deviation from specialty peers (z=5.1 vs. population median)
1003043050,Obstetrics & Gynecology,MI,I,-0.11806776255750956,0,20.61,Low,0,0,unusually high year-over-year payment-per-service change (z=7.6 vs. population median); unusually high 5-year average service concentration (HHI) (z=4.9 vs. population median); unusually high service concentration (HHI) across billing codes (z=4.8 vs. population median)
1003113200,Pulmonary Disease,TX,I,-0.11817461633929005,0,20.59,Low,0,0,unusually high service-concentration deviation from specialty peers (z=11.3 vs. population median); unusually high service concentration (HHI) across billing codes (z=4.8 vs. population median); unusually high payment-per-service deviation from specialty peers (z=4.4 vs. population median)
1003132523,Nephrology,CA,I,-0.11830311134571247,0,20.56,Low,0,0,unusually high total Medicare payment received (z=9.2 vs. population median); unusually high 5-year average total payment (z=8.3 vs. population median); unusually high services per beneficiary (z=6.1 vs. population median)
1003045071,Hospitalist,IL,I,-0.11828118097496948,0,20.56,Low,0,0,unusually high multi-year payment trend (z=63.0 vs. population median); unusually high multi-year service-volume trend (z=55.5 vs. population median); unusually high total Medicare payment received (z=2.7 vs. population median)
1003015454,Internal Medicine,TX,I,-0.11831972916111233,0,20.55,Low,0,0,unusually high multi-year service-volume trend (z=25.5 vs. population median); unusually high multi-year payment trend (z=25.4 vs. population median); unusually high year-over-year payment change (z=9.4 vs. population median)
1003089673,Pulmonary Disease,NY,I,-0.11836875135088881,0,20.54,Low,0,0,unusually high total submitted charges (z=19.8 vs. population median); unusually high 5-year average total payment (z=16.7 vs. population median); unusually high total Medicare payment received (z=16.4 vs. population median)
1003040247,Chiropractic,MN,I,-0.11836177529031056,0,20.54,Low,0,0,unusually high services per beneficiary (z=16.7 vs. population median); unusually high 5-year average services per beneficiary (z=11.5 vs. population median); unusually high multi-year service-volume trend (z=6.6 vs. population median)
1003006149,Family Practice,NC,I,-0.11836353480130568,0,20.54,Low,0,0,unusually high multi-year service-volume trend (z=153.0 vs. population median); unusually high multi-year payment trend (z=129.3 vs. population median); unusually low services-per-beneficiary deviation from specialty peers (z=-1.5 vs. population median)
1003115684,Urology,FL,I,-0.11834634242871772,0,20.54,Low,0,0,unusually high total submitted charges (z=13.3 vs. population median); unusually high total Medicare payment received (z=13.0 vs. population median); unusually high total beneficiaries served (z=12.1 vs. population median)
1003068271,Nurse Practitioner,NY,I,-0.11858126912603117,0,20.49,Low,0,0,unusually high 5-year average service concentration (HHI) (z=4.9 vs. population median); unusually high service concentration (HHI) across billing codes (z=4.8 vs. population median); unusually high service-concentration deviation from specialty peers (z=4.0 vs. population median)
1003109000,Anesthesiology,NY,I,-0.11879677335213157,0,20.44,Low,1,0,unusually high submitted charge per service (z=19.3 vs. population median); unusually low year-over-year payment-per-service change (z=-5.7 vs. population median); unusually high multi-year service-volume trend (z=5.1 vs. population median)
1003103144,Speech Language Pathologist,SC,I,-0.11876282957910034,0,20.44,Low,0,0,unusually high 5-year average services per beneficiary (z=9.2 vs. population median); unusually high services per beneficiary (z=6.5 vs. population median); unusually high year-over-year beneficiary count change (z=6.3 vs. population median)
1003131749,Emergency Medicine,FL,I,-0.11894576308413474,0,20.4,Low,0,0,unusually high submitted charge per service (z=12.1 vs. population median); unusually high charge-per-service deviation from specialty peers (z=3.2 vs. population median); unusually high total submitted charges (z=2.4 vs. population median)
1003159054,Medical Oncology,TX,I,-0.119051995352632,0,20.38,Low,0,0,unusually high charge-per-service deviation from specialty peers (z=10.0 vs. population median); unusually high payment-per-service deviation from specialty peers (z=6.3 vs. population median); unusually high service-concentration deviation from specialty peers (z=2.2 vs. population median)
1003028580,Ophthalmology,CA,I,-0.11907281977238027,0,20.37,Low,0,0,unusually high service-concentration deviation from specialty peers (z=11.3 vs. population median); unusually high service concentration (HHI) across billing codes (z=4.8 vs. population median); unusually low standardized-amount-to-payment ratio (z=-3.9 vs. population median)
1003060898,Physician Assistant,CA,I,-0.11917753279825288,0,20.34,Low,0,0,unusually high charge-per-service deviation from specialty peers (z=5.2 vs. population median); unusually high 5-year average service concentration (HHI) (z=4.9 vs. population median); unusually high service concentration (HHI) across billing codes (z=4.8 vs. population median)
1003154634,Licensed Clinical Social Worker,NC,I,-0.11924612182647798,0,20.33,Low,0,0,unusually high 5-year average service concentration (HHI) (z=4.9 vs. population median); unusually high service concentration (HHI) across billing codes (z=4.8 vs. population median); unusually high allowed-to-charge ratio (z=1.8 vs. population median)
1003045618,Licensed Clinical Social Worker,OH,I,-0.11939482460744222,0,20.29,Low,0,0,unusually high services per beneficiary (z=15.9 vs. population median); unusually high 5-year average services per beneficiary (z=6.6 vs. population median); unusually high service concentration (HHI) across billing codes (z=4.8 vs. population median)
1003103888,Family Practice,MI,I,-0.11946499801861948,0,20.28,Low,0,0,unusually high standardized-amount-to-payment ratio (z=19.7 vs. population median); unusually high multi-year service-volume trend (z=6.6 vs. population median); unusually low year-over-year payment-per-service change (z=-6.3 vs. population median)
1003016023,Internal Medicine,CA,I,-0.11961062698751057,0,20.24,Low,0,0,unusually high charge-per-service deviation from specialty peers (z=13.0 vs. population median); unusually high submitted charge per service (z=7.6 vs. population median); unusually high year-over-year payment change (z=4.3 vs. population median)
1003038316,Optometry,PA,I,-0.11968017875877834,0,20.22,Low,0,0,unusually high year-over-year payment change (z=11.2 vs. population median); unusually high year-over-year beneficiary count change (z=11.1 vs. population median); unusually high year-over-year service volume change (z=10.1 vs. population median)
1003010133,Family Practice,PA,I,-0.11970860446762277,0,20.22,Low,0,0,unusually high year-over-year beneficiary count change (z=19.5 vs. population median); unusually high year-over-year service volume change (z=18.7 vs. population median); unusually high year-over-year payment change (z=13.4 vs. population median)
1003019340,Internal Medicine,OR,I,-0.11996987973100465,0,20.15,Low,0,0,unusually high standardized-amount-to-payment ratio (z=10.6 vs. population median); unusually high year-over-year payment change (z=2.0 vs. population median); unusually high year-over-year service volume change (z=1.9 vs. population median)
1003020041,Family Practice,GA,I,-0.1200438789279148,0,20.14,Low,0,0,unusually high multi-year payment trend (z=25.2 vs. population median); unusually high multi-year service-volume trend (z=18.9 vs. population median); unusually high year-over-year service volume change (z=15.6 vs. population median)
1003136862,Certified Registered Nurse Anesthetist (CRNA),SC,I,-0.12014476550762432,0,20.11,Low,0,0,unusually high services-per-beneficiary deviation from specialty peers (z=17.3 vs. population median); unusually high submitted charge per service (z=9.8 vs. population median); unusually high 5-year average service concentration (HHI) (z=4.9 vs. population median)
1003135716,Emergency Medicine,NY,I,-0.12015159168300538,0,20.11,Low,0,0,unusually high service-concentration deviation from specialty peers (z=8.4 vs. population median); unusually high submitted charge per service (z=5.1 vs. population median); unusually high 5-year average service concentration (HHI) (z=4.9 vs. population median)
1003082017,Orthopedic Surgery,WA,I,-0.12017540141962868,0,20.1,Low,0,0,unusually high 5-year average payment per service (z=2.3 vs. population median); unusually high payment-per-service deviation from specialty peers (z=1.9 vs. population median); unusually high submitted charge per service (z=1.8 vs. population median)
1003084757,Physical Therapist in Private Practice,IL,I,-0.12042367116684516,0,20.05,Low,0,0,unusually high 5-year average services per beneficiary (z=24.0 vs. population median); unusually high services per beneficiary (z=20.6 vs. population median); unusually high year-over-year beneficiary count change (z=18.3 vs. population median)
1003041815,Critical Care (Intensivists),FL,I,-0.12047432117945567,0,20.03,Low,0,0,unusually high year-over-year beneficiary count change (z=12.4 vs. population median); unusually high year-over-year payment change (z=11.4 vs. population median); unusually high year-over-year service volume change (z=11.1 vs. population median)
1003093824,Cardiology,IN,I,-0.12047432192803903,0,20.03,Low,0,0,unusually high year-over-year payment-per-service change (z=19.7 vs. population median); unusually high service-concentration deviation from specialty peers (z=8.7 vs. population median); unusually high charge-per-service deviation from specialty peers (z=3.8 vs. population median)
1003150277,Physical Therapist in Private Practice,NY,I,-0.120561014169845,0,20.01,Low,0,0,unusually high services per beneficiary (z=17.8 vs. population median); unusually high 5-year average services per beneficiary (z=16.2 vs. population median); unusually high services per billing code (z=7.9 vs. population median)
1003155623,Nurse Practitioner,DE,I,-0.12061746813037111,0,20.0,Low,0,0,unusually high standardized-amount-to-payment ratio (z=9.9 vs. population median); unusually high charge-per-service deviation from specialty peers (z=1.6 vs. population median); unusually high services-per-beneficiary deviation from specialty peers (z=1.4 vs. population median)
1003117557,Infectious Disease,CA,I,-0.12065933220964425,0,19.99,Low,0,0,unusually high service concentration (HHI) across billing codes (z=4.8 vs. population median); unusually high service-concentration deviation from specialty peers (z=4.0 vs. population median); unusually low year-over-year beneficiary count change (z=-3.9 vs. population median)
1003078015,Diagnostic Radiology,TX,I,-0.12070231713536461,0,19.98,Low,0,0,unusually high total submitted charges (z=9.4 vs. population median); unusually high charge-per-service deviation from specialty peers (z=7.7 vs. population median); unusually high number of distinct billing codes (HCPCS) used (z=6.0 vs. population median)
1003090481,Rheumatology,MT,I,-0.12068103716023942,0,19.98,Low,0,0,unusually low year-over-year payment change (z=-3.6 vs. population median); unusually low year-over-year service volume change (z=-3.6 vs. population median); unusually high service-concentration deviation from specialty peers (z=3.5 vs. population median)
1003019571,Hematology,FL,I,-0.12091760456730638,0,19.93,Low,0,0,unusually high multi-year payment trend (z=7.8 vs. population median); unusually high multi-year service-volume trend (z=6.4 vs. population median); unusually low year-over-year payment-per-service change (z=-5.4 vs. population median)
1003110008,Allergy/ Immunology,MN,I,-0.12096169673119034,0,19.92,Low,0,0,unusually high services per beneficiary (z=15.8 vs. population median); unusually low year-over-year payment-per-service change (z=-12.8 vs. population median); unusually high year-over-year service volume change (z=12.3 vs. population median)
1003066549,Physician Assistant,MD,I,-0.1209487382577975,0,19.92,Low,0,0,unusually high charge-per-service deviation from specialty peers (z=11.6 vs. population median); unusually high submitted charge per service (z=10.3 vs. population median); unusually high year-over-year payment change (z=4.4 vs. population median)
1003147687,Nurse Practitioner,HI,I,-0.12118060106232553,0,19.86,Low,0,0,unusually high standardized-amount-to-payment ratio (z=10.3 vs. population median); unusually low 5-year average payment-to-charge ratio (z=-1.3 vs. population median); unusually low payment-to-charge-ratio deviation from specialty peers (z=-1.2 vs. population median)
1003131509,Thoracic Surgery,ID,I,-0.12121326358362478,0,19.86,Low,1,0,unusually high 5-year average payment per service (z=10.3 vs. population median); unusually high payment per service (z=8.3 vs. population median); unusually high submitted charge per service (z=8.2 vs. population median)
1003060922,Anesthesiology,KY,I,-0.12150438566861066,0,19.79,Low,0,0,unusually high submitted charge per service (z=24.2 vs. population median); unusually high year-over-year payment change (z=5.5 vs. population median); unusually high year-over-year beneficiary count change (z=5.4 vs. population median)
1003057191,Chiropractic,CO,I,-0.12162380780066023,0,19.76,Low,0,0,unusually high services per beneficiary (z=23.5 vs. population median); unusually high 5-year average services per beneficiary (z=16.7 vs. population median); unusually high multi-year payment trend (z=7.2 vs. population median)
1003161993,Diagnostic Radiology,FL,I,-0.12215227939433232,0,19.63,Low,0,0,unusually high total beneficiaries served (z=10.7 vs. population median); unusually high total submitted charges (z=8.9 vs. population median); unusually high total services billed (z=5.6 vs. population median)
1003019373,Chiropractic,CA,I,-0.12222847232734829,0,19.61,Low,0,0,unusually high 5-year average services per beneficiary (z=12.3 vs. population median); unusually high services per beneficiary (z=10.2 vs. population median); unusually high 5-year average service concentration (HHI) (z=4.9 vs. population median)
1003034364,Licensed Clinical Social Worker,IN,I,-0.12234560121089755,0,19.58,Low,0,0,unusually high service concentration (HHI) across billing codes (z=4.8 vs. population median); unusually low payment-per-service deviation from specialty peers (z=-4.4 vs. population median); unusually high year-over-year payment-per-service change (z=3.8 vs. population median)
1003112475,Occupational Therapist in Private Practice,NY,I,-0.12265927478698985,0,19.51,Low,1,0,unusually high services per beneficiary (z=13.0 vs. population median); unusually high charge-per-service deviation from specialty peers (z=11.7 vs. population median); unusually high 5-year average services per beneficiary (z=8.5 vs. population median)
1003135310,Surgical Oncology,NY,I,-0.12271684452081771,0,19.49,Low,0,0,unusually high 5-year average payment per service (z=6.4 vs. population median); unusually high payment per service (z=5.2 vs. population median); unusually high payment-to-charge-ratio deviation from specialty peers (z=4.4 vs. population median)
1003140575,Nurse Practitioner,OH,I,-0.12297988854662573,0,19.43,Low,0,0,unusually high 5-year average service concentration (HHI) (z=4.9 vs. population median); unusually high service concentration (HHI) across billing codes (z=4.8 vs. population median); unusually high service-concentration deviation from specialty peers (z=4.0 vs. population median)
1003010463,Family Practice,NC,I,-0.12300981989651599,0,19.42,Low,0,0,unusually high total beneficiaries served (z=6.7 vs. population median); unusually high 5-year average total services (z=5.7 vs. population median); unusually high total services billed (z=5.5 vs. population median)
1003017252,Clinical Laboratory,KS,O,-0.12300516900077046,0,19.42,Low,0,0,unusually high 5-year average service concentration (HHI) (z=4.9 vs. population median); unusually high service concentration (HHI) across billing codes (z=4.8 vs. population median); unusually low 5-year average payment per service (z=-2.6 vs. population median)
1003092008,"Psychologist, Clinical",IL,I,-0.12307286702711179,0,19.41,Low,0,0,unusually high services per billing code (z=10.1 vs. population median); unusually high multi-year payment trend (z=9.2 vs. population median); unusually high total submitted charges (z=8.1 vs. population median)
1003098799,Surgical Oncology,FL,I,-0.12311626919593527,0,19.4,Low,0,0,unusually high services-per-beneficiary deviation from specialty peers (z=36.5 vs. population median); unusually high multi-year service-volume trend (z=14.0 vs. population median); unusually high multi-year payment trend (z=9.6 vs. population median)
1003158262,Emergency Medicine,AZ,I,-0.12315452985366748,0,19.39,Low,0,0,unusually high submitted charge per service (z=11.9 vs. population median); unusually high service-concentration deviation from specialty peers (z=3.7 vs. population median); unusually high 5-year average payment per service (z=3.2 vs. population median)
1003093535,Pathology,IL,I,-0.12316204632343303,0,19.39,Low,0,0,unusually high total beneficiaries served (z=7.4 vs. population median); unusually high total services billed (z=6.6 vs. population median); unusually high multi-year service-volume trend (z=5.4 vs. population median)
1003151945,Nurse Practitioner,LA,I,-0.12337703666091437,0,19.33,Low,0,0,unusually high charge-per-service deviation from specialty peers (z=9.8 vs. population median); unusually high submitted charge per service (z=6.2 vs. population median); unusually high payment-per-service deviation from specialty peers (z=2.8 vs. population median)
1003126442,Nurse Practitioner,CO,I,-0.12353556425393225,0,19.3,Low,0,0,unusually high multi-year service-volume trend (z=27.3 vs. population median); unusually high multi-year payment trend (z=20.4 vs. population median); unusually high year-over-year beneficiary count change (z=15.3 vs. population median)
1003051244,Licensed Clinical Social Worker,DE,I,-0.12352089807205069,0,19.3,Low,0,0,unusually high services per beneficiary (z=17.3 vs. population median); unusually high 5-year average services per beneficiary (z=10.7 vs. population median); unusually high service concentration (HHI) across billing codes (z=4.0 vs. population median)
1003130220,Certified Registered Nurse Anesthetist (CRNA),FL,I,-0.12356895276706809,0,19.29,Low,0,0,unusually high submitted charge per service (z=5.5 vs. population median); unusually high service concentration (HHI) across billing codes (z=4.8 vs. population median); unusually low year-over-year beneficiary count change (z=-3.2 vs. population median)
1003118712,Nurse Practitioner,FL,I,-0.12386535027971934,0,19.22,Low,0,0,unusually high multi-year payment trend (z=222.7 vs. population median); unusually high multi-year service-volume trend (z=185.5 vs. population median); unusually high services per billing code (z=2.6 vs. population median)
1003000829,Physical Therapist in Private Practice,CO,I,-0.12402449245123681,0,19.18,Low,0,0,unusually high services per beneficiary (z=60.9 vs. population median); unusually high 5-year average services per beneficiary (z=26.0 vs. population median); unusually high services per billing code (z=5.8 vs. population median)
1003108085,Diagnostic Radiology,FL,I,-0.12410824163390732,0,19.16,Low,0,0,unusually high multi-year payment trend (z=10.8 vs. population median); unusually high multi-year service-volume trend (z=7.4 vs. population median); unusually high services-per-beneficiary deviation from specialty peers (z=6.3 vs. population median)
1003065376,Anesthesiology,CA,I,-0.12409881683045254,0,19.16,Low,0,0,unusually high submitted charge per service (z=8.3 vs. population median); unusually high 5-year average service concentration (HHI) (z=4.9 vs. population median); unusually high service concentration (HHI) across billing codes (z=4.8 vs. population median)
1003064726,Podiatry,PA,I,-0.1241270735340349,0,19.15,Low,0,0,unusually high total services billed (z=6.9 vs. population median); unusually high services per billing code (z=4.7 vs. population median); unusually high year-over-year service volume change (z=4.3 vs. population median)
1003056300,General Surgery,OH,I,-0.1241994992233929,0,19.14,Low,0,0,unusually high service-concentration deviation from specialty peers (z=8.1 vs. population median); unusually high service concentration (HHI) across billing codes (z=4.8 vs. population median); unusually high year-over-year payment-per-service change (z=3.8 vs. population median)
1003103482,Marriage and Family Therapist,CA,I,-0.12422210744354772,0,19.13,Low,0,0,unusually high 5-year average service concentration (HHI) (z=4.9 vs. population median); unusually high service concentration (HHI) across billing codes (z=4.8 vs. population median); unusually high services per beneficiary (z=2.4 vs. population median)
1003130832,Pathology,WA,I,-0.12442196318914628,0,19.08,Low,0,0,unusually high payment-per-service deviation from specialty peers (z=3.4 vs. population median); unusually low standardized-amount-to-payment ratio (z=-3.1 vs. population median); unusually high payment-to-charge-ratio deviation from specialty peers (z=2.6 vs. population median)
1003160086,Nurse Practitioner,FL,I,-0.1244715815899684,0,19.07,Low,0,0,unusually high services per billing code (z=8.7 vs. population median); unusually high payment-to-charge-ratio deviation from specialty peers (z=4.2 vs. population median); unusually high payment-to-charge ratio (z=3.4 vs. population median)
1003038720,Licensed Clinical Social Worker,GA,I,-0.12457055029163838,0,19.05,Low,0,0,unusually high services per beneficiary (z=8.8 vs. population median); unusually high 5-year average services per beneficiary (z=8.6 vs. population median); unusually high 5-year average service concentration (HHI) (z=3.7 vs. population median)
1003078932,Urology,VT,I,-0.1247203931709081,0,19.01,Low,0,0,unusually high year-over-year beneficiary count change (z=24.1 vs. population median); unusually high year-over-year service volume change (z=22.6 vs. population median); unusually high year-over-year payment change (z=21.1 vs. population median)
1003036005,Physical Therapist in Private Practice,LA,I,-0.12477017730621892,0,19.0,Low,0,0,unusually high 5-year average services per beneficiary (z=52.6 vs. population median); unusually high services per beneficiary (z=47.5 vs. population median); unusually high services per billing code (z=13.7 vs. population median)
1003073289,Obstetrics & Gynecology,OR,I,-0.1248867671836898,0,18.97,Low,0,0,unusually high year-over-year payment change (z=17.1 vs. population median); unusually high year-over-year beneficiary count change (z=13.5 vs. population median); unusually high year-over-year service volume change (z=11.7 vs. population median)
1003016007,Audiologist,NY,I,-0.12489398914271638,0,18.97,Low,1,0,unusually high charge-per-service deviation from specialty peers (z=11.8 vs. population median); unusually high services-per-beneficiary deviation from specialty peers (z=7.9 vs. population median); unusually high multi-year service-volume trend (z=5.2 vs. population median)
1003055575,Physician Assistant,NC,I,-0.1249982498202421,0,18.94,Low,0,0,unusually high multi-year payment trend (z=222.5 vs. population median); unusually high multi-year service-volume trend (z=31.0 vs. population median); unusually high services-per-beneficiary deviation from specialty peers (z=6.9 vs. population median)
1003029653,Occupational Therapist in Private Practice,WY,I,-0.12501389016644782,0,18.94,Low,0,0,unusually high 5-year average services per beneficiary (z=33.3 vs. population median); unusually high services per beneficiary (z=31.7 vs. population median); unusually high year-over-year payment change (z=9.0 vs. population median)
1003025172,Optometry,TN,I,-0.12503307235526145,0,18.94,Low,0,0,unusually high standardized-amount-to-payment ratio (z=5.2 vs. population median); unusually high payment-to-charge ratio (z=5.0 vs. population median); unusually high allowed-to-charge ratio (z=4.8 vs. population median)
1003043837,Diagnostic Radiology,IN,I,-0.12508053582562267,0,18.93,Low,0,0,unusually high number of distinct billing codes (HCPCS) used (z=14.2 vs. population median); unusually high total beneficiaries served (z=13.2 vs. population median); unusually high 5-year average total services (z=10.5 vs. population median)
1003045220,Family Practice,CA,I,-0.1252591167261768,0,18.88,Low,0,0,unusually high standardized-amount-to-payment ratio (z=11.6 vs. population median); unusually high year-over-year beneficiary count change (z=1.8 vs. population median); unusually high year-over-year service volume change (z=1.7 vs. population median)
1003072034,Obstetrics & Gynecology,NJ,I,-0.12525601494843241,0,18.88,Low,0,0,unusually high 5-year average service concentration (HHI) (z=4.9 vs. population median); unusually high service concentration (HHI) across billing codes (z=4.8 vs. population median); unusually low standardized-amount-to-payment ratio (z=-3.9 vs. population median)
1003050493,Neurosurgery,OK,I,-0.12526228911817444,0,18.88,Low,0,0,unusually high 5-year average total payment (z=10.4 vs. population median); unusually high total Medicare payment received (z=8.1 vs. population median); unusually high total submitted charges (z=7.9 vs. population median)
1003130071,Emergency Medicine,FL,I,-0.12526824328356606,0,18.88,Low,0,0,unusually high service-concentration deviation from specialty peers (z=3.3 vs. population median); unusually high submitted charge per service (z=3.1 vs. population median); unusually high payment per service (z=3.0 vs. population median)
1003152166,Certified Registered Nurse Anesthetist (CRNA),FL,I,-0.12537094883082128,0,18.86,Low,0,0,unusually high submitted charge per service (z=12.5 vs. population median); unusually high 5-year average service concentration (HHI) (z=4.9 vs. population median); unusually high service concentration (HHI) across billing codes (z=4.8 vs. population median)
1003044934,Family Practice,PA,I,-0.12539083960763786,0,18.85,Low,0,0,unusually high year-over-year payment-per-service change (z=7.2 vs. population median); unusually high service-concentration deviation from specialty peers (z=6.7 vs. population median); unusually low year-over-year service volume change (z=-4.8 vs. population median)
1003002742,Physical Medicine and Rehabilitation,CA,I,-0.1254372516961791,0,18.84,Low,1,0,unusually high multi-year service-volume trend (z=20.8 vs. population median); unusually low year-over-year payment-per-service change (z=-5.6 vs. population median); unusually high multi-year payment trend (z=4.6 vs. population median)
1003127457,Clinical Cardiac Electrophysiology,AZ,I,-0.12546821854348028,0,18.83,Low,0,0,unusually high total Medicare payment received (z=9.6 vs. population median); unusually high total submitted charges (z=9.0 vs. population median); unusually high 5-year average total payment (z=7.6 vs. population median)
1003120692,Advanced Heart Failure and Transplant Cardiology,FL,I,-0.12547872638891072,0,18.83,Low,0,0,unusually high year-over-year payment-per-service change (z=8.0 vs. population median); unusually low year-over-year beneficiary count change (z=-5.4 vs. population median); unusually high services per beneficiary (z=4.8 vs. population median)
1003038746,Diagnostic Radiology,MO,I,-0.12558606685721058,0,18.8,Low,0,0,unusually high total beneficiaries served (z=10.5 vs. population median); unusually high 5-year average total services (z=10.5 vs. population median); unusually high number of distinct billing codes (HCPCS) used (z=9.5 vs. population median)
1003100819,General Surgery,TX,I,-0.12563727386094908,0,18.79,Low,0,0,unusually high submitted charge per service (z=7.1 vs. population median); unusually high charge-per-service deviation from specialty peers (z=6.2 vs. population median); unusually low year-over-year payment-per-service change (z=-5.9 vs. population median)
1003103367,Cardiology,NY,I,-0.1257411996664144,0,18.77,Low,0,0,unusually high multi-year payment trend (z=15.2 vs. population median); unusually high year-over-year beneficiary count change (z=9.2 vs. population median); unusually high year-over-year payment change (z=8.0 vs. population median)
1003135013,Neurosurgery,MN,I,-0.12578834537636685,0,18.75,Low,0,0,unusually high service-concentration deviation from specialty peers (z=11.3 vs. population median); unusually high 5-year average service concentration (HHI) (z=4.9 vs. population median); unusually high service concentration (HHI) across billing codes (z=4.8 vs. population median)
1003111303,Certified Registered Nurse Anesthetist (CRNA),TX,I,-0.12581885249528718,0,18.75,Low,0,0,unusually high submitted charge per service (z=19.6 vs. population median); unusually high charge-per-service deviation from specialty peers (z=6.0 vs. population median); unusually high year-over-year beneficiary count change (z=4.0 vs. population median)
1003133422,Internal Medicine,CA,I,-0.125953777378068,0,18.72,Low,0,0,unusually high total submitted charges (z=8.8 vs. population median); unusually high charge-per-service deviation from specialty peers (z=8.2 vs. population median); unusually high submitted charge per service (z=4.8 vs. population median)
1003047978,Family Practice,CA,I,-0.1260627479770246,0,18.69,Low,0,0,unusually high service-concentration deviation from specialty peers (z=6.0 vs. population median); unusually high allowed-to-charge ratio (z=4.5 vs. population median); unusually high services-per-beneficiary deviation from specialty peers (z=4.2 vs. population median)
1003043969,Psychiatry,CA,I,-0.12612660554484767,0,18.67,Low,0,0,unusually low year-over-year payment-per-service change (z=-5.9 vs. population median); unusually low standardized-amount-to-payment ratio (z=-2.6 vs. population median); unusually high charge-per-service deviation from specialty peers (z=2.2 vs. population median)
1003096819,Otolaryngology,TX,I,-0.12626902270948875,0,18.64,Low,0,0,unusually high services-per-beneficiary deviation from specialty peers (z=25.2 vs. population median); unusually high total services billed (z=7.7 vs. population median); unusually high services per beneficiary (z=7.6 vs. population median)
1003153628,Nurse Practitioner,TX,I,-0.1266691688712806,0,18.54,Low,0,0,unusually high services-per-beneficiary deviation from specialty peers (z=12.1 vs. population median); unusually high services per beneficiary (z=9.4 vs. population median); unusually high 5-year average services per beneficiary (z=8.5 vs. population median)
1003048026,Hospitalist,CA,I,-0.12670975033024,0,18.53,Low,0,0,unusually high 5-year average service concentration (HHI) (z=4.9 vs. population median); unusually high service concentration (HHI) across billing codes (z=4.8 vs. population median); unusually high service-concentration deviation from specialty peers (z=4.5 vs. population median)
1003007204,Cardiology,TX,I,-0.12673101959499294,0,18.53,Low,0,0,unusually high total submitted charges (z=13.1 vs. population median); unusually high total Medicare payment received (z=12.9 vs. population median); unusually high 5-year average total payment (z=10.5 vs. population median)
1003131970,Anesthesiology,NC,I,-0.126760854749062,0,18.52,Low,0,0,unusually high services-per-beneficiary deviation from specialty peers (z=34.2 vs. population median); unusually high submitted charge per service (z=5.4 vs. population median); unusually low year-over-year payment-per-service change (z=-1.9 vs. population median)
1003022591,Orthopedic Surgery,NC,I,-0.12685273050122775,0,18.5,Low,0,0,unusually high 5-year average payment per service (z=4.1 vs. population median); unusually low multi-year payment trend (z=-2.0 vs. population median); unusually low drug-payment-share deviation from specialty peers (z=-1.7 vs. population median)
1003048141,Marriage and Family Therapist,OR,I,-0.1268823493012598,0,18.49,Low,0,0,unusually high 5-year average service concentration (HHI) (z=4.9 vs. population median); unusually high service concentration (HHI) across billing codes (z=4.8 vs. population median); unusually low services per billing code (z=-1.4 vs. population median)
1003163932,Hospitalist,IL,I,-0.1269446025251047,0,18.48,Low,0,0,unusually high charge-per-service deviation from specialty peers (z=8.2 vs. population median); unusually high submitted charge per service (z=7.6 vs. population median); unusually high total submitted charges (z=6.1 vs. population median)
1003051780,Urology,CA,I,-0.1269605911992731,0,18.47,Low,0,0,unusually high 5-year average total payment (z=7.8 vs. population median); unusually high total Medicare payment received (z=6.8 vs. population median); unusually high total submitted charges (z=4.5 vs. population median)
1003157371,Certified Registered Nurse Anesthetist (CRNA),MN,I,-0.1269905447260386,0,18.47,Low,0,0,unusually high submitted charge per service (z=9.2 vs. population median); unusually high 5-year average service concentration (HHI) (z=4.9 vs. population median); unusually high service concentration (HHI) across billing codes (z=4.8 vs. population median)
1003042870,Physical Therapist in Private Practice,WV,I,-0.12698957496159707,0,18.47,Low,0,0,unusually high services per beneficiary (z=25.4 vs. population median); unusually high 5-year average services per beneficiary (z=23.2 vs. population median); unusually high services per billing code (z=10.3 vs. population median)
1003049289,Cardiology,PR,I,-0.12708412708648298,0,18.44,Low,0,0,unusually high payment-to-charge-ratio deviation from specialty peers (z=9.7 vs. population median); unusually high allowed-to-charge ratio (z=5.0 vs. population median); unusually high payment-to-charge ratio (z=4.9 vs. population median)
1003088279,Neurosurgery,IL,I,-0.1272112755158779,0,18.41,Low,1,0,unusually high multi-year payment trend (z=21.5 vs. population median); unusually high year-over-year payment-per-service change (z=7.9 vs. population median); unusually high submitted charge per service (z=7.3 vs. population median)
1003069725,Physical Therapist in Private Practice,WA,I,-0.1272549231513927,0,18.4,Low,0,0,unusually high services per beneficiary (z=14.8 vs. population median); unusually high 5-year average services per beneficiary (z=11.0 vs. population median); unusually high multi-year service-volume trend (z=9.6 vs. population median)
1003109943,Physical Therapist in Private Practice,MN,I,-0.12730805622557156,0,18.39,Low,1,0,unusually high services per beneficiary (z=15.9 vs. population median); unusually high service-concentration deviation from specialty peers (z=8.2 vs. population median); unusually high 5-year average services per beneficiary (z=7.0 vs. population median)
1003036427,Optometry,MN,I,-0.1273943961060771,0,18.37,Low,1,0,unusually high charge-per-service deviation from specialty peers (z=10.5 vs. population median); unusually low year-over-year payment-per-service change (z=-7.0 vs. population median); unusually low year-over-year payment change (z=-6.0 vs. population median)
1003016718,Orthopedic Surgery,TX,I,-0.12752575266323413,0,18.34,Low,0,0,unusually high multi-year service-volume trend (z=5.5 vs. population median); unusually high multi-year payment trend (z=2.7 vs. population median); unusually low payment per service (z=-1.3 vs. population median)
1003067224,Physical Therapist in Private Practice,MO,I,-0.12765832839867247,0,18.31,Low,0,0,unusually high 5-year average services per beneficiary (z=15.8 vs. population median); unusually high services per beneficiary (z=14.7 vs. population median); unusually low year-over-year beneficiary count change (z=-5.0 vs. population median)
1003044819,Diagnostic Radiology,IL,I,-0.12764969906268764,0,18.31,Low,0,0,unusually high number of distinct billing codes (HCPCS) used (z=8.0 vs. population median); unusually high total beneficiaries served (z=7.7 vs. population median); unusually high total submitted charges (z=5.8 vs. population median)
1003073461,Internal Medicine,SD,I,-0.12773103819667575,0,18.29,Low,0,0,unusually high payment-to-charge ratio (z=5.6 vs. population median); unusually high payment-to-charge-ratio deviation from specialty peers (z=5.6 vs. population median); unusually high 5-year average payment-to-charge ratio (z=5.2 vs. population median)
1003077439,Physical Therapist in Private Practice,MN,I,-0.12772778301829235,0,18.29,Low,0,0,unusually high 5-year average services per beneficiary (z=16.1 vs. population median); unusually high services per beneficiary (z=15.2 vs. population median); unusually high services per billing code (z=7.6 vs. population median)
1003131640,Medical Oncology,WA,I,-0.1278170089422243,0,18.27,Low,0,0,unusually high total Medicare payment received (z=4.0 vs. population median); unusually high total services billed (z=3.6 vs. population median); unusually high 5-year average total payment (z=3.5 vs. population median)
1003050261,Physician Assistant,HI,I,-0.1277947883768683,0,18.27,Low,0,0,unusually high year-over-year beneficiary count change (z=12.1 vs. population median); unusually high year-over-year service volume change (z=11.2 vs. population median); unusually high year-over-year payment change (z=6.0 vs. population median)
1003057126,Certified Registered Nurse Anesthetist (CRNA),MI,I,-0.12784542897916445,0,18.26,Low,0,0,unusually high services-per-beneficiary deviation from specialty peers (z=9.4 vs. population median); unusually high service concentration (HHI) across billing codes (z=4.8 vs. population median); unusually high submitted charge per service (z=3.6 vs. population median)
1003009952,Certified Registered Nurse Anesthetist (CRNA),NC,I,-0.1278458862168247,0,18.26,Low,0,0,unusually high submitted charge per service (z=12.2 vs. population median); unusually high service concentration (HHI) across billing codes (z=4.8 vs. population median); unusually high year-over-year payment change (z=4.3 vs. population median)
1003023284,Nurse Practitioner,MA,I,-0.1278267289971679,0,18.26,Low,0,0,unusually high multi-year payment trend (z=159.0 vs. population median); unusually high multi-year service-volume trend (z=24.7 vs. population median); unusually high year-over-year service volume change (z=3.7 vs. population median)
1003007360,Anesthesiology,CO,I,-0.1279624960498053,0,18.23,Low,0,0,unusually low standardized-amount-to-payment ratio (z=-6.8 vs. population median); unusually high 5-year average payment per service (z=5.9 vs. population median); unusually low year-over-year payment-per-service change (z=-5.6 vs. population median)
1003117227,Licensed Clinical Social Worker,AR,I,-0.12807888974386483,0,18.2,Low,0,0,unusually high services per beneficiary (z=12.6 vs. population median); unusually high 5-year average services per beneficiary (z=10.1 vs. population median); unusually high service concentration (HHI) across billing codes (z=4.8 vs. population median)
1003127242,Emergency Medicine,CA,I,-0.1281795064913992,0,18.18,Low,1,0,unusually high services-per-beneficiary deviation from specialty peers (z=99.5 vs. population median); unusually low year-over-year payment-per-service change (z=-5.3 vs. population median); unusually high payment-to-charge-ratio deviation from specialty peers (z=4.1 vs. population median)
1003051251,Physical Medicine and Rehabilitation,NY,I,-0.12819055064397777,0,18.18,Low,1,0,unusually high services per billing code (z=23.9 vs. population median); unusually high 5-year average services per beneficiary (z=8.4 vs. population median); unusually high services per beneficiary (z=8.2 vs. population median)
1003028812,Physical Medicine and Rehabilitation,VA,I,-0.12824104627043686,0,18.16,Low,0,0,unusually high total services billed (z=9.4 vs. population median); unusually high total Medicare payment received (z=7.9 vs. population median); unusually high 5-year average total services (z=6.6 vs. population median)
1003004151,Physician Assistant,TX,I,-0.12834568099636456,0,18.14,Low,0,0,unusually high charge-per-service deviation from specialty peers (z=6.5 vs. population median); unusually high submitted charge per service (z=5.9 vs. population median); unusually high payment-per-service deviation from specialty peers (z=5.5 vs. population median)
1003017518,Anesthesiology,PA,I,-0.12833198840257531,0,18.14,Low,0,0,unusually high submitted charge per service (z=25.1 vs. population median); unusually high charge-per-service deviation from specialty peers (z=5.2 vs. population median); unusually high services-per-beneficiary deviation from specialty peers (z=4.6 vs. population median)
1003022708,Interventional Cardiology,IA,I,-0.12838811305242337,0,18.13,Low,0,0,unusually high total beneficiaries served (z=12.4 vs. population median); unusually high multi-year payment trend (z=11.8 vs. population median); unusually high multi-year service-volume trend (z=10.0 vs. population median)
1003008095,Nurse Practitioner,KY,I,-0.12854225878090103,0,18.09,Low,0,0,unusually high year-over-year payment change (z=25.8 vs. population median); unusually high year-over-year service volume change (z=22.4 vs. population median); unusually high year-over-year beneficiary count change (z=17.1 vs. population median)
1003077082,Anesthesiology,IN,I,-0.12856935967879618,0,18.09,Low,0,0,unusually high year-over-year payment change (z=22.1 vs. population median); unusually high year-over-year payment-per-service change (z=12.3 vs. population median); unusually high year-over-year beneficiary count change (z=10.1 vs. population median)
1003025032,Gastroenterology,IA,I,-0.12856701776010332,0,18.09,Low,0,0,unusually high submitted charge per service (z=12.7 vs. population median); unusually high total submitted charges (z=8.0 vs. population median); unusually high charge-per-service deviation from specialty peers (z=7.5 vs. population median)
1003012949,Podiatry,GA,I,-0.12858056947441593,0,18.08,Low,0,0,unusually high year-over-year payment change (z=19.3 vs. population median); unusually high year-over-year service volume change (z=19.2 vs. population median); unusually high year-over-year beneficiary count change (z=15.8 vs. population median)
1003089350,Physical Therapist in Private Practice,IN,I,-0.12865352950339376,0,18.07,Low,0,0,unusually high services per beneficiary (z=20.2 vs. population median); unusually high 5-year average services per beneficiary (z=15.9 vs. population median); unusually high services per billing code (z=10.1 vs. population median)
1003055005,Nurse Practitioner,MS,I,-0.128708127625981,0,18.05,Low,0,0,unusually high 5-year average total services (z=8.6 vs. population median); unusually high total services billed (z=5.7 vs. population median); unusually high total beneficiaries served (z=4.1 vs. population median)
1003127861,Pulmonary Disease,FL,I,-0.12884354030295225,0,18.02,Low,0,0,unusually high payment-to-charge-ratio deviation from specialty peers (z=8.2 vs. population median); unusually high payment-to-charge ratio (z=5.2 vs. population median); unusually high allowed-to-charge ratio (z=5.0 vs. population median)
1003025214,Physical Therapist in Private Practice,ME,I,-0.12883837448590357,0,18.02,Low,0,0,unusually high services per beneficiary (z=25.9 vs. population median); unusually high 5-year average services per beneficiary (z=25.7 vs. population median); unusually high services per billing code (z=6.8 vs. population median)
1003053331,Physical Therapist in Private Practice,WY,I,-0.1290126987759656,0,17.98,Low,0,0,unusually high 5-year average services per beneficiary (z=17.5 vs. population median); unusually high services per beneficiary (z=17.4 vs. population median); unusually high services per billing code (z=8.5 vs. population median)
1003050519,Anesthesiology,NJ,I,-0.12901048677080218,0,17.98,Low,0,0,unusually high submitted charge per service (z=11.6 vs. population median); unusually low year-over-year beneficiary count change (z=-5.0 vs. population median); unusually high service concentration (HHI) across billing codes (z=4.8 vs. population median)
1003117292,Certified Registered Nurse Anesthetist (CRNA),CA,I,-0.1292154008705546,0,17.93,Low,0,0,unusually high 5-year average service concentration (HHI) (z=4.9 vs. population median); unusually high service concentration (HHI) across billing codes (z=4.8 vs. population median); unusually high submitted charge per service (z=3.5 vs. population median)
1003075433,Diagnostic Radiology,AL,I,-0.12921660114702838,0,17.93,Low,0,0,unusually high total beneficiaries served (z=14.7 vs. population median); unusually high 5-year average total services (z=11.7 vs. population median); unusually high number of distinct billing codes (HCPCS) used (z=10.5 vs. population median)
1003018748,Neurosurgery,AR,I,-0.12927247839074663,0,17.92,Low,0,0,unusually high 5-year average total payment (z=13.6 vs. population median); unusually high total Medicare payment received (z=12.2 vs. population median); unusually high total submitted charges (z=11.6 vs. population median)
1003149972,"Psychologist, Clinical",MA,I,-0.1292604426618919,0,17.92,Low,0,0,unusually high services per billing code (z=12.4 vs. population median); unusually high services per beneficiary (z=9.6 vs. population median); unusually high 5-year average services per beneficiary (z=8.7 vs. population median)
1003162314,"Psychologist, Clinical",WA,I,-0.1294271282160876,0,17.88,Low,0,0,unusually high charge-per-service deviation from specialty peers (z=7.2 vs. population median); unusually low payment-to-charge-ratio deviation from specialty peers (z=-3.1 vs. population median); unusually high submitted charge per service (z=1.8 vs. population median)
1003084591,Dermatology,WA,I,-0.12949948453503157,0,17.86,Low,0,0,unusually high year-over-year service volume change (z=9.3 vs. population median); unusually high multi-year service-volume trend (z=9.0 vs. population median); unusually high multi-year payment trend (z=8.6 vs. population median)
1003112590,Occupational Therapist in Private Practice,NJ,I,-0.12950816283838884,0,17.86,Low,0,0,unusually high 5-year average services per beneficiary (z=19.4 vs. population median); unusually high services per beneficiary (z=13.8 vs. population median); unusually high 5-year average total services (z=5.3 vs. population median)
1003055989,Chiropractic,MN,I,-0.1295949108594992,0,17.84,Low,0,0,unusually high services per beneficiary (z=13.6 vs. population median); unusually high 5-year average services per beneficiary (z=10.4 vs. population median); unusually high service concentration (HHI) across billing codes (z=3.9 vs. population median)
1003108168,Anesthesiology,NY,I,-0.1295895330678553,0,17.84,Low,1,0,unusually high multi-year payment trend (z=10.9 vs. population median); unusually low year-over-year payment-per-service change (z=-8.3 vs. population median); unusually high services-per-beneficiary deviation from specialty peers (z=7.3 vs. population median)
1003115478,Pulmonary Disease,TX,I,-0.12960734716418393,0,17.84,Low,0,0,unusually high service-concentration deviation from specialty peers (z=7.7 vs. population median); unusually high services-per-beneficiary deviation from specialty peers (z=7.0 vs. population median); unusually high services per beneficiary (z=6.2 vs. population median)
1003008517,Diagnostic Radiology,PR,I,-0.12963935405072186,0,17.83,Low,0,0,unusually high payment-to-charge-ratio deviation from specialty peers (z=8.6 vs. population median); unusually high allowed-to-charge ratio (z=4.7 vs. population median); unusually high 5-year average payment-to-charge ratio (z=4.6 vs. population median)
1003075011,Anesthesiology,MI,I,-0.12967152771052265,0,17.82,Low,0,0,unusually low year-over-year payment-per-service change (z=-7.7 vs. population median); unusually low year-over-year payment change (z=-5.1 vs. population median); unusually low year-over-year beneficiary count change (z=-4.0 vs. population median)
1003152323,Nurse Practitioner,NY,I,-0.12965963244471418,0,17.82,Low,0,0,unusually high 5-year average service concentration (HHI) (z=4.9 vs. population median); unusually high service concentration (HHI) across billing codes (z=4.8 vs. population median); unusually high charge-per-service deviation from specialty peers (z=4.8 vs. population median)
1003025743,Cardiology,CA,I,-0.12979966612713156,0,17.79,Low,0,0,unusually high standardized-amount-to-payment ratio (z=8.9 vs. population median); unusually high service-concentration deviation from specialty peers (z=7.4 vs. population median); unusually high multi-year service-volume trend (z=4.4 vs. population median)
1003018201,Clinical Cardiac Electrophysiology,MO,I,-0.12979835330362344,0,17.79,Low,1,0,unusually high multi-year service-volume trend (z=13.8 vs. population median); unusually high service-concentration deviation from specialty peers (z=13.1 vs. population median); unusually low year-over-year payment-per-service change (z=-7.6 vs. population median)
1003063801,Ambulance Service Provider,OH,O,-0.12985350244149624,0,17.78,Low,0,0,unusually high 5-year average services per beneficiary (z=22.8 vs. population median); unusually high services per beneficiary (z=20.5 vs. population median); unusually high 5-year average service concentration (HHI) (z=4.1 vs. population median)
1003021825,Orthopedic Surgery,FL,I,-0.12985278499179914,0,17.78,Low,0,0,unusually high 5-year average total services (z=4.6 vs. population median); unusually high total services billed (z=4.3 vs. population median); unusually high total submitted charges (z=3.8 vs. population median)
1003082967,Family Practice,FL,I,-0.1299751107192011,0,17.75,Low,0,0,unusually high multi-year service-volume trend (z=21.7 vs. population median); unusually high multi-year payment trend (z=17.4 vs. population median); unusually low year-over-year payment-per-service change (z=-4.2 vs. population median)
1003069147,Occupational Therapist in Private Practice,AR,I,-0.1299517835600001,0,17.75,Low,0,0,unusually high services per beneficiary (z=31.9 vs. population median); unusually high 5-year average services per beneficiary (z=14.7 vs. population median); unusually high service-concentration deviation from specialty peers (z=5.1 vs. population median)
1003097114,Pulmonary Disease,AL,I,-0.13004696899202628,0,17.73,Low,0,0,unusually high year-over-year payment change (z=20.2 vs. population median); unusually high year-over-year service volume change (z=19.3 vs. population median); unusually high year-over-year beneficiary count change (z=14.3 vs. population median)
1003141011,Optometry,CO,I,-0.13003143785387783,0,17.73,Low,0,0,unusually high service-concentration deviation from specialty peers (z=7.2 vs. population median); unusually high 5-year average service concentration (HHI) (z=4.9 vs. population median); unusually high service concentration (HHI) across billing codes (z=4.8 vs. population median)
1003013129,Interventional Radiology,PA,I,-0.13012649059286607,0,17.71,Low,0,0,unusually high number of distinct billing codes (HCPCS) used (z=11.5 vs. population median); unusually high total beneficiaries served (z=8.0 vs. population median); unusually high total services billed (z=4.4 vs. population median)
1003089624,Diagnostic Radiology,UT,I,-0.13020174516735433,0,17.69,Low,0,0,unusually high total beneficiaries served (z=12.9 vs. population median); unusually high number of distinct billing codes (HCPCS) used (z=11.0 vs. population median); unusually high 5-year average total services (z=9.7 vs. population median)
1003096116,General Surgery,ME,I,-0.1302092925800638,0,17.69,Low,0,0,unusually low year-over-year beneficiary count change (z=-6.5 vs. population median); unusually low year-over-year payment change (z=-6.1 vs. population median); unusually low year-over-year service volume change (z=-5.8 vs. population median)
1003097973,Chiropractic,ND,I,-0.1302540069935757,0,17.68,Low,0,0,unusually high 5-year average services per beneficiary (z=16.8 vs. population median); unusually high services per beneficiary (z=14.4 vs. population median); unusually high 5-year average service concentration (HHI) (z=4.6 vs. population median)
1003112566,Cardiology,VA,I,-0.1302592702881576,0,17.68,Low,0,0,unusually high service-concentration deviation from specialty peers (z=18.2 vs. population median); unusually high year-over-year payment-per-service change (z=8.6 vs. population median); unusually high service concentration (HHI) across billing codes (z=4.8 vs. population median)
1003085846,Plastic and Reconstructive Surgery,WI,I,-0.13023907912404742,0,17.68,Low,0,0,unusually high year-over-year payment change (z=11.2 vs. population median); unusually high year-over-year beneficiary count change (z=6.9 vs. population median); unusually high year-over-year service volume change (z=6.1 vs. population median)
1003070921,Family Practice,IA,I,-0.13030411082947024,0,17.67,Low,0,0,unusually high year-over-year payment-per-service change (z=12.0 vs. population median); unusually high service-concentration deviation from specialty peers (z=8.1 vs. population median); unusually low year-over-year beneficiary count change (z=-5.6 vs. population median)
1003029141,Anesthesiology,WI,I,-0.1303254482032296,0,17.66,Low,0,0,unusually high submitted charge per service (z=16.4 vs. population median); unusually high year-over-year payment-per-service change (z=12.1 vs. population median); unusually high charge-per-service deviation from specialty peers (z=2.9 vs. population median)
1003117136,Nurse Practitioner,NY,I,-0.13045638698722622,0,17.63,Low,0,0,unusually high charge-per-service deviation from specialty peers (z=5.4 vs. population median); unusually high service concentration (HHI) across billing codes (z=4.8 vs. population median); unusually low standardized-amount-to-payment ratio (z=-4.3 vs. population median)
1003036757,Nurse Practitioner,OR,I,-0.13051117280185875,0,17.62,Low,0,0,unusually low year-over-year payment-per-service change (z=-12.8 vs. population median); unusually low year-over-year payment change (z=-6.0 vs. population median); unusually high service concentration (HHI) across billing codes (z=4.8 vs. population median)
1003075821,Physician Assistant,CO,I,-0.13049902921036594,0,17.62,Low,0,0,unusually low year-over-year payment change (z=-4.7 vs. population median); unusually low year-over-year beneficiary count change (z=-4.2 vs. population median); unusually low year-over-year payment-per-service change (z=-4.1 vs. population median)
1003161266,Physical Therapist in Private Practice,GA,I,-0.13051508468443634,0,17.62,Low,0,0,unusually high services per beneficiary (z=37.9 vs. population median); unusually high 5-year average services per beneficiary (z=34.6 vs. population median); unusually high services per billing code (z=5.8 vs. population median)
1003139593,Nurse Practitioner,PA,I,-0.1304879416673247,0,17.62,Low,0,0,unusually high standardized-amount-to-payment ratio (z=5.7 vs. population median); unusually high payment-to-charge-ratio deviation from specialty peers (z=3.4 vs. population median); unusually high allowed-to-charge ratio (z=2.8 vs. population median)
1003067794,Physical Therapist in Private Practice,NJ,I,-0.13054140960514143,0,17.61,Low,0,0,unusually high services per beneficiary (z=21.1 vs. population median); unusually high 5-year average services per beneficiary (z=14.3 vs. population median); unusually high services per billing code (z=13.3 vs. population median)
1003102989,Gastroenterology,MN,I,-0.13072600271394796,0,17.57,Low,0,0,unusually high submitted charge per service (z=11.7 vs. population median); unusually high charge-per-service deviation from specialty peers (z=6.7 vs. population median); unusually high multi-year payment trend (z=3.2 vs. population median)
1003158908,Physical Medicine and Rehabilitation,SC,I,-0.1307612463027064,0,17.56,Low,0,0,unusually high services per billing code (z=10.0 vs. population median); unusually high total Medicare payment received (z=9.7 vs. population median); unusually high 5-year average total payment (z=9.4 vs. population median)
1003010265,General Surgery,HI,I,-0.130877710400795,0,17.53,Low,0,0,unusually high service-concentration deviation from specialty peers (z=8.1 vs. population median); unusually low year-over-year beneficiary count change (z=-5.7 vs. population median); unusually low year-over-year payment change (z=-5.6 vs. population median)
1003156498,Certified Registered Nurse Anesthetist (CRNA),FL,I,-0.13086935748078526,0,17.53,Low,0,0,unusually high submitted charge per service (z=10.1 vs. population median); unusually high 5-year average service concentration (HHI) (z=4.9 vs. population median); unusually high service concentration (HHI) across billing codes (z=4.8 vs. population median)
1003035213,Ambulance Service Provider,PA,O,-0.13094864670238499,0,17.51,Low,0,0,unusually high services per billing code (z=10.3 vs. population median); unusually high services per beneficiary (z=9.4 vs. population median); unusually high 5-year average services per beneficiary (z=9.2 vs. population median)
1003120338,Cardiology,NY,I,-0.1310226799154282,0,17.5,Low,0,0,unusually high total beneficiaries served (z=12.2 vs. population median); unusually high 5-year average total services (z=9.0 vs. population median); unusually high total services billed (z=8.8 vs. population median)
1003029323,Anesthesiology,SC,I,-0.13105090157033217,0,17.49,Low,0,0,unusually high submitted charge per service (z=28.6 vs. population median); unusually high charge-per-service deviation from specialty peers (z=6.2 vs. population median); unusually high total submitted charges (z=5.8 vs. population median)
1003129610,Optometry,NH,I,-0.13107562619907254,0,17.48,Low,0,0,unusually high total beneficiaries served (z=6.7 vs. population median); unusually high 5-year average total services (z=6.2 vs. population median); unusually high 5-year average total payment (z=5.5 vs. population median)
1003104837,Nurse Practitioner,OH,I,-0.13111369030083758,0,17.47,Low,0,0,unusually high year-over-year service volume change (z=7.9 vs. population median); unusually high year-over-year payment change (z=7.8 vs. population median); unusually high 5-year average service concentration (HHI) (z=4.9 vs. population median)
1003007295,Family Practice,TX,I,-0.13123098371663489,0,17.45,Low,0,0,unusually high service-concentration deviation from specialty peers (z=8.1 vs. population median); unusually high 5-year average service concentration (HHI) (z=4.9 vs. population median); unusually high service concentration (HHI) across billing codes (z=4.8 vs. population median)
1003027202,Anesthesiology,OH,I,-0.1313558113923699,0,17.42,Low,0,0,unusually high submitted charge per service (z=15.4 vs. population median); unusually high year-over-year payment-per-service change (z=7.2 vs. population median); unusually low year-over-year beneficiary count change (z=-4.9 vs. population median)
1003066580,Urology,IN,I,-0.13143998534325485,0,17.4,Low,0,0,unusually high submitted charge per service (z=6.9 vs. population median); unusually high charge-per-service deviation from specialty peers (z=6.1 vs. population median); unusually high 5-year average payment per service (z=5.7 vs. population median)
1003017468,Ophthalmology,GA,I,-0.13153829517917653,0,17.37,Low,0,0,unusually high total submitted charges (z=14.7 vs. population median); unusually high 5-year average total payment (z=13.4 vs. population median); unusually high total Medicare payment received (z=13.1 vs. population median)
1003053976,Physical Medicine and Rehabilitation,NJ,I,-0.13156374672322574,0,17.37,Low,1,0,unusually high services per billing code (z=24.5 vs. population median); unusually high total submitted charges (z=13.0 vs. population median); unusually high total services billed (z=11.0 vs. population median)
1003074097,Anesthesiology,NJ,I,-0.13157490089704243,0,17.36,Low,0,0,unusually high submitted charge per service (z=10.9 vs. population median); unusually high service concentration (HHI) across billing codes (z=4.8 vs. population median); unusually high service-concentration deviation from specialty peers (z=4.1 vs. population median)
1003040676,Cardiology,NY,I,-0.13162580930950152,0,17.35,Low,0,0,unusually high total submitted charges (z=8.6 vs. population median); unusually high charge-per-service deviation from specialty peers (z=8.0 vs. population median); unusually high submitted charge per service (z=6.3 vs. population median)
1003158213,Emergency Medicine,NY,I,-0.13217436986386155,0,17.22,Low,0,0,unusually high service-concentration deviation from specialty peers (z=8.4 vs. population median); unusually high 5-year average service concentration (HHI) (z=4.9 vs. population median); unusually high service concentration (HHI) across billing codes (z=4.8 vs. population median)
1003130691,Certified Registered Nurse Anesthetist (CRNA),AL,I,-0.1321940467280972,0,17.21,Low,0,0,unusually high submitted charge per service (z=7.5 vs. population median); unusually high services-per-beneficiary deviation from specialty peers (z=6.6 vs. population median); unusually low year-over-year beneficiary count change (z=-3.9 vs. population median)
1003159716,Emergency Medicine,OR,I,-0.13241410228460754,0,17.16,Low,0,0,unusually high service-concentration deviation from specialty peers (z=8.4 vs. population median); unusually high 5-year average service concentration (HHI) (z=4.9 vs. population median); unusually high service concentration (HHI) across billing codes (z=4.8 vs. population median)
1003118159,Ambulance Service Provider,OH,O,-0.13241575142449885,0,17.16,Low,0,0,unusually high services per beneficiary (z=21.3 vs. population median); unusually high 5-year average services per beneficiary (z=16.5 vs. population median); unusually high services per billing code (z=4.0 vs. population median)
1003075763,Cardiology,PA,I,-0.13241291692882623,0,17.16,Low,0,0,unusually low year-over-year payment-per-service change (z=-6.0 vs. population median); unusually low year-over-year payment change (z=-4.9 vs. population median); unusually low year-over-year beneficiary count change (z=-4.1 vs. population median)
1003130618,Nephrology,WA,I,-0.13244174310089185,0,17.15,Low,0,0,unusually high year-over-year beneficiary count change (z=15.5 vs. population median); unusually high year-over-year service volume change (z=8.3 vs. population median); unusually low year-over-year payment-per-service change (z=-5.2 vs. population median)
1003101932,Internal Medicine,MD,I,-0.13255245410593364,0,17.13,Low,0,0,unusually high charge-per-service deviation from specialty peers (z=12.8 vs. population median); unusually high total submitted charges (z=8.1 vs. population median); unusually high submitted charge per service (z=7.4 vs. population median)
1003137399,Hospitalist,MS,I,-0.13255941794597265,0,17.13,Low,0,0,unusually high number of distinct billing codes (HCPCS) used (z=2.5 vs. population median); unusually high total services billed (z=2.3 vs. population median); unusually low payment-per-service deviation from specialty peers (z=-2.3 vs. population median)
1003021791,Diagnostic Radiology,CA,I,-0.13261553203390886,0,17.11,Low,0,0,unusually high total beneficiaries served (z=12.3 vs. population median); unusually high number of distinct billing codes (HCPCS) used (z=9.8 vs. population median); unusually high 5-year average total services (z=9.2 vs. population median)
1003093097,Family Practice,WV,I,-0.1327561633314947,0,17.08,Low,0,0,unusually high year-over-year payment-per-service change (z=23.3 vs. population median); unusually high year-over-year payment change (z=8.3 vs. population median); unusually low payment-per-service deviation from specialty peers (z=-3.6 vs. population median)
1003117698,Family Practice,NM,I,-0.13299409023097852,0,17.02,Low,0,0,unusually high 5-year average total services (z=6.5 vs. population median); unusually high total services billed (z=4.7 vs. population median); unusually high total beneficiaries served (z=4.0 vs. population median)
1003106451,Psychiatry,WA,I,-0.1331866193761635,0,16.98,Low,0,0,unusually high services per beneficiary (z=7.7 vs. population median); unusually high 5-year average services per beneficiary (z=6.3 vs. population median); unusually high service concentration (HHI) across billing codes (z=4.8 vs. population median)
1003114521,Ambulance Service Provider,OH,O,-0.1332439830699918,0,16.96,Low,0,0,unusually high services per beneficiary (z=17.9 vs. population median); unusually high 5-year average services per beneficiary (z=16.7 vs. population median); unusually high services per billing code (z=9.1 vs. population median)
1003131939,Ophthalmology,FL,I,-0.13330809264627275,0,16.95,Low,0,0,unusually high allowed-to-charge ratio (z=2.6 vs. population median); unusually low year-over-year payment-per-service change (z=-2.2 vs. population median); unusually high payment-to-charge ratio (z=2.1 vs. population median)
1003008590,Internal Medicine,CA,I,-0.13332827046253837,0,16.94,Low,0,0,unusually low year-over-year beneficiary count change (z=-6.7 vs. population median); unusually low year-over-year payment change (z=-6.4 vs. population median); unusually low year-over-year service volume change (z=-6.0 vs. population median)
1003097593,Interventional Cardiology,TN,I,-0.13332155111259403,0,16.94,Low,0,0,unusually high submitted charge per service (z=5.3 vs. population median); unusually high 5-year average payment per service (z=5.2 vs. population median); unusually low year-over-year payment-per-service change (z=-5.1 vs. population median)
1003137217,Family Practice,MA,I,-0.1334294009639913,0,16.92,Low,0,0,unusually high standardized-amount-to-payment ratio (z=22.6 vs. population median); unusually low payment-to-charge-ratio deviation from specialty peers (z=-2.9 vs. population median); unusually high charge-per-service deviation from specialty peers (z=2.8 vs. population median)
1003012667,Nurse Practitioner,MN,I,-0.13346255801107598,0,16.91,Low,0,0,unusually high 5-year average service concentration (HHI) (z=4.9 vs. population median); unusually high service concentration (HHI) across billing codes (z=4.8 vs. population median); unusually high service-concentration deviation from specialty peers (z=4.0 vs. population median)
1003077009,Anesthesiology,VA,I,-0.133561336201452,0,16.89,Low,0,0,unusually high submitted charge per service (z=13.3 vs. population median); unusually low year-over-year payment-per-service change (z=-6.7 vs. population median); unusually low year-over-year payment change (z=-5.3 vs. population median)
1003162298,Physical Therapist in Private Practice,OH,I,-0.13368575459010923,0,16.86,Low,0,0,unusually high services per beneficiary (z=33.0 vs. population median); unusually high 5-year average services per beneficiary (z=30.0 vs. population median); unusually high services per billing code (z=6.8 vs. population median)
1003070749,Internal Medicine,NY,I,-0.1337914982646059,0,16.83,Low,0,0,unusually high services per billing code (z=7.7 vs. population median); unusually high service-concentration deviation from specialty peers (z=5.1 vs. population median); unusually high service concentration (HHI) across billing codes (z=4.8 vs. population median)
1003079112,Diagnostic Radiology,MN,I,-0.13380591672603442,0,16.83,Low,0,0,unusually high total beneficiaries served (z=10.1 vs. population median); unusually high number of distinct billing codes (HCPCS) used (z=8.8 vs. population median); unusually high 5-year average total services (z=8.2 vs. population median)
1003017799,Audiologist,ID,I,-0.13401066411963447,0,16.78,Low,0,0,unusually high payment-to-charge-ratio deviation from specialty peers (z=6.9 vs. population median); unusually low charge-per-service deviation from specialty peers (z=-5.4 vs. population median); unusually high multi-year service-volume trend (z=4.5 vs. population median)
1003075516,Psychiatry,AL,I,-0.13404040490037278,0,16.77,Low,0,0,unusually high services per beneficiary (z=13.4 vs. population median); unusually high total submitted charges (z=9.6 vs. population median); unusually high total Medicare payment received (z=8.5 vs. population median)
1003122235,Internal Medicine,MD,I,-0.1340622039675079,0,16.76,Low,0,0,unusually high service-concentration deviation from specialty peers (z=5.1 vs. population median); unusually high service concentration (HHI) across billing codes (z=4.8 vs. population median); unusually high payment-per-service deviation from specialty peers (z=4.4 vs. population median)
1003042672,Gastroenterology,NY,I,-0.1343244016472917,0,16.7,Low,0,0,unusually high payment-per-service deviation from specialty peers (z=6.2 vs. population median); unusually low standardized-amount-to-payment ratio (z=-4.3 vs. population median); unusually high payment per service (z=4.2 vs. population median)
1003001249,Physical Therapist in Private Practice,IL,I,-0.13436198310525865,0,16.69,Low,0,0,unusually high services per beneficiary (z=24.0 vs. population median); unusually high 5-year average services per beneficiary (z=22.9 vs. population median); unusually high services per billing code (z=9.4 vs. population median)
1003006768,Hospice and Palliative Care,ID,I,-0.13442177887906315,0,16.68,Low,0,0,unusually high multi-year service-volume trend (z=6.2 vs. population median); unusually high multi-year payment trend (z=6.0 vs. population median); unusually high year-over-year service volume change (z=4.1 vs. population median)
1003052739,Nephrology,CA,I,-0.13447611035576668,0,16.67,Low,0,0,unusually high total Medicare payment received (z=13.3 vs. population median); unusually high 5-year average total payment (z=12.3 vs. population median); unusually high total submitted charges (z=7.1 vs. population median)
1003103235,Emergency Medicine,CA,I,-0.13444298901156082,0,16.67,Low,0,0,unusually high year-over-year beneficiary count change (z=13.5 vs. population median); unusually high year-over-year service volume change (z=12.0 vs. population median); unusually high submitted charge per service (z=10.2 vs. population median)
1003007816,Ophthalmology,MD,I,-0.13459914495779252,0,16.64,Low,0,0,unusually high total beneficiaries served (z=15.8 vs. population median); unusually high total submitted charges (z=12.9 vs. population median); unusually high total Medicare payment received (z=11.5 vs. population median)
1003074667,Internal Medicine,MA,I,-0.1346037809104766,0,16.63,Low,0,0,unusually high service-concentration deviation from specialty peers (z=5.1 vs. population median); unusually high service concentration (HHI) across billing codes (z=4.8 vs. population median); unusually high payment-per-service deviation from specialty peers (z=4.5 vs. population median)
1003013533,Ophthalmology,NY,I,-0.13470209445772063,0,16.61,Low,0,0,unusually high total submitted charges (z=14.5 vs. population median); unusually high total Medicare payment received (z=8.5 vs. population median); unusually high total beneficiaries served (z=8.4 vs. population median)
1003031691,Pulmonary Disease,NC,I,-0.13475709648150808,0,16.6,Low,0,0,unusually high total submitted charges (z=9.8 vs. population median); unusually high total beneficiaries served (z=9.2 vs. population median); unusually high total services billed (z=5.5 vs. population median)
1003084195,Psychiatry,NJ,I,-0.13491258863065853,0,16.56,Low,0,0,unusually high payment-to-charge ratio (z=4.7 vs. population median); unusually high allowed-to-charge ratio (z=4.4 vs. population median); unusually high 5-year average payment-to-charge ratio (z=4.1 vs. population median)
1003048976,Gastroenterology,WI,I,-0.13496019803395903,0,16.55,Low,0,0,unusually high service-concentration deviation from specialty peers (z=22.3 vs. population median); unusually low year-over-year payment-per-service change (z=-6.5 vs. population median); unusually high service concentration (HHI) across billing codes (z=4.8 vs. population median)
1003131798,Anesthesiology,OH,I,-0.13513967909225505,0,16.51,Low,0,0,unusually low year-over-year payment-per-service change (z=-3.9 vs. population median); unusually high submitted charge per service (z=3.6 vs. population median); unusually low standardized-amount-to-payment ratio (z=-3.2 vs. population median)
1003141292,Anesthesiology Assistant,GA,I,-0.13529829419126543,0,16.47,Low,0,0,unusually high 5-year average service concentration (HHI) (z=3.1 vs. population median); unusually high service concentration (HHI) across billing codes (z=3.0 vs. population median); unusually high services per billing code (z=2.2 vs. population median)
1003131285,Psychiatry,AZ,I,-0.13537893168307852,0,16.45,Low,0,0,unusually high multi-year service-volume trend (z=5.8 vs. population median); unusually high multi-year payment trend (z=5.6 vs. population median); unusually high payment-to-charge ratio (z=2.1 vs. population median)
1003027335,Anesthesiology,TX,I,-0.13537733980504213,0,16.45,Low,0,0,unusually high submitted charge per service (z=15.0 vs. population median); unusually high multi-year payment trend (z=4.8 vs. population median); unusually high payment per service (z=4.2 vs. population median)
1003130949,Anesthesiology,WA,I,-0.13539344674813175,0,16.44,Low,0,0,unusually low standardized-amount-to-payment ratio (z=-6.9 vs. population median); unusually high multi-year payment trend (z=6.9 vs. population median); unusually high multi-year service-volume trend (z=2.4 vs. population median)
1003101288,General Practice,FL,I,-0.13549185652767742,0,16.42,Low,0,0,unusually high charge-per-service deviation from specialty peers (z=13.1 vs. population median); unusually high submitted charge per service (z=5.7 vs. population median); unusually high year-over-year beneficiary count change (z=4.4 vs. population median)
1003137308,Physical Therapist in Private Practice,TN,I,-0.1355080419434373,0,16.42,Low,0,0,unusually high services per beneficiary (z=33.1 vs. population median); unusually high 5-year average services per beneficiary (z=30.2 vs. population median); unusually high services per billing code (z=6.5 vs. population median)
1003016585,Anesthesiology,IN,I,-0.13558662851046077,0,16.4,Low,0,0,unusually high year-over-year beneficiary count change (z=9.9 vs. population median); unusually high year-over-year service volume change (z=9.0 vs. population median); unusually low year-over-year payment-per-service change (z=-7.7 vs. population median)
1003151077,Physical Therapist in Private Practice,CO,I,-0.13562979806567366,0,16.39,Low,0,0,unusually high services per beneficiary (z=22.7 vs. population median); unusually high 5-year average services per beneficiary (z=20.6 vs. population median); unusually high 5-year average total services (z=10.4 vs. population median)
1003151085,Family Practice,CA,I,-0.135651737140509,0,16.38,Low,0,0,unusually high services-per-beneficiary deviation from specialty peers (z=3.8 vs. population median); unusually high number of distinct billing codes (HCPCS) used (z=3.2 vs. population median); unusually high total services billed (z=3.0 vs. population median)
1003045972,Nurse Practitioner,NY,I,-0.13566633376228765,0,16.38,Low,0,0,unusually high service concentration (HHI) across billing codes (z=4.8 vs. population median); unusually high service-concentration deviation from specialty peers (z=4.0 vs. population median); unusually high 5-year average service concentration (HHI) (z=3.8 vs. population median)
1003131871,Internal Medicine,IN,I,-0.13574203022226078,0,16.36,Low,0,0,unusually low year-over-year payment change (z=-4.4 vs. population median); unusually low year-over-year beneficiary count change (z=-4.2 vs. population median); unusually low year-over-year service volume change (z=-4.0 vs. population median)
1003076621,Anesthesiology,CA,I,-0.13574098314608551,0,16.36,Low,0,0,unusually high submitted charge per service (z=18.2 vs. population median); unusually high year-over-year payment-per-service change (z=4.2 vs. population median); unusually high charge-per-service deviation from specialty peers (z=3.4 vs. population median)
1003114257,Nurse Practitioner,MS,I,-0.1358826999528968,0,16.33,Low,0,0,unusually high standardized-amount-to-payment ratio (z=6.4 vs. population median); unusually low year-over-year beneficiary count change (z=-5.4 vs. population median); unusually low year-over-year payment change (z=-5.0 vs. population median)
1003100280,Interventional Cardiology,IL,I,-0.13592445645089907,0,16.32,Low,0,0,unusually high submitted charge per service (z=4.9 vs. population median); unusually high charge-per-service deviation from specialty peers (z=4.2 vs. population median); unusually low standardized-amount-to-payment ratio (z=-4.2 vs. population median)
1003098161,Internal Medicine,AZ,I,-0.1358917357480494,0,16.32,Low,0,0,unusually high service-concentration deviation from specialty peers (z=5.1 vs. population median); unusually high service concentration (HHI) across billing codes (z=4.8 vs. population median); unusually low year-over-year payment change (z=-3.8 vs. population median)
1003083031,Cardiology,CA,I,-0.13596511238968167,0,16.31,Low,1,0,unusually high total beneficiaries served (z=10.6 vs. population median); unusually high year-over-year service volume change (z=9.9 vs. population median); unusually high year-over-year payment change (z=9.1 vs. population median)
1003112426,Anesthesiology,NJ,I,-0.13605028623332405,0,16.29,Low,0,0,unusually high submitted charge per service (z=13.8 vs. population median); unusually high services-per-beneficiary deviation from specialty peers (z=4.8 vs. population median); unusually high total submitted charges (z=3.2 vs. population median)
1003044355,Optometry,AR,I,-0.1360638628025191,0,16.28,Low,0,0,unusually high year-over-year payment change (z=16.0 vs. population median); unusually high year-over-year payment-per-service change (z=12.6 vs. population median); unusually high multi-year payment trend (z=7.8 vs. population median)
1003076142,Pathology,WI,I,-0.13613278106136206,0,16.27,Low,0,0,unusually high total beneficiaries served (z=8.7 vs. population median); unusually high 5-year average total services (z=8.6 vs. population median); unusually high total submitted charges (z=7.6 vs. population median)
1003043415,Hematology,WA,I,-0.13618108080979868,0,16.26,Low,0,0,unusually high multi-year service-volume trend (z=25.4 vs. population median); unusually high multi-year payment trend (z=5.8 vs. population median); unusually high year-over-year payment-per-service change (z=2.9 vs. population median)
1003042888,Optometry,GA,I,-0.13617048962662975,0,16.26,Low,0,0,unusually high payment-to-charge ratio (z=4.8 vs. population median); unusually high allowed-to-charge ratio (z=4.7 vs. population median); unusually high 5-year average payment-to-charge ratio (z=4.6 vs. population median)
1003006610,Nurse Practitioner,IA,I,-0.13614644817898486,0,16.26,Low,0,0,unusually high payment-to-charge-ratio deviation from specialty peers (z=3.8 vs. population median); unusually high payment-to-charge ratio (z=3.1 vs. population median); unusually high allowed-to-charge ratio (z=2.8 vs. population median)
1003048802,General Surgery,PA,I,-0.136174255415225,0,16.26,Low,0,0,unusually high service-concentration deviation from specialty peers (z=8.1 vs. population median); unusually high service concentration (HHI) across billing codes (z=4.8 vs. population median); unusually low year-over-year beneficiary count change (z=-3.3 vs. population median)
1003034612,Occupational Therapist in Private Practice,NJ,I,-0.13619958041296204,0,16.25,Low,0,0,unusually high services per beneficiary (z=61.4 vs. population median); unusually high 5-year average services per beneficiary (z=55.3 vs. population median); unusually high services per billing code (z=6.5 vs. population median)
1003131061,Podiatry,WI,I,-0.13629671859335257,0,16.23,Low,0,0,unusually high 5-year average total services (z=4.0 vs. population median); unusually high total services billed (z=3.2 vs. population median); unusually low payment-per-service deviation from specialty peers (z=-2.6 vs. population median)
1003025727,Nurse Practitioner,VA,I,-0.13628414109092346,0,16.23,Low,0,0,unusually high service concentration (HHI) across billing codes (z=4.8 vs. population median); unusually high 5-year average service concentration (HHI) (z=4.1 vs. population median); unusually low year-over-year payment change (z=-4.0 vs. population median)
1003053109,Anesthesiology,UT,I,-0.13650965628098238,0,16.18,Low,0,0,unusually high submitted charge per service (z=7.7 vs. population median); unusually high 5-year average service concentration (HHI) (z=4.9 vs. population median); unusually high service concentration (HHI) across billing codes (z=4.8 vs. population median)
1003131038,Pathology,NJ,I,-0.1365238556044947,0,16.17,Low,1,0,unusually high multi-year payment trend (z=12.7 vs. population median); unusually high multi-year service-volume trend (z=10.3 vs. population median); unusually high year-over-year payment-per-service change (z=5.6 vs. population median)
1003070061,Pathology,CA,I,-0.13657525932065318,0,16.16,Low,0,0,unusually high charge-per-service deviation from specialty peers (z=11.3 vs. population median); unusually high payment-per-service deviation from specialty peers (z=3.6 vs. population median); unusually high submitted charge per service (z=3.3 vs. population median)
1003107137,Licensed Clinical Social Worker,IA,I,-0.1365747196950392,0,16.16,Low,0,0,unusually high charge-per-service deviation from specialty peers (z=4.1 vs. population median); unusually low payment-per-service deviation from specialty peers (z=-2.3 vs. population median); unusually low payment-to-charge-ratio deviation from specialty peers (z=-2.1 vs. population median)
1003155730,Internal Medicine,NY,I,-0.13670044448486757,0,16.13,Low,0,0,unusually low standardized-amount-to-payment ratio (z=-3.2 vs. population median); unusually high total submitted charges (z=2.4 vs. population median); unusually high total Medicare payment received (z=2.0 vs. population median)
1003062795,Psychiatry,MN,I,-0.136872880302298,0,16.09,Low,0,0,unusually high year-over-year beneficiary count change (z=6.5 vs. population median); unusually high year-over-year service volume change (z=5.9 vs. population median); unusually high year-over-year payment change (z=5.9 vs. population median)
1003049776,General Surgery,FL,I,-0.13689009867628277,0,16.08,Low,0,0,unusually high year-over-year payment-per-service change (z=38.7 vs. population median); unusually high payment per service (z=4.7 vs. population median); unusually high payment-per-service deviation from specialty peers (z=4.0 vs. population median)
1003146689,Certified Registered Nurse Anesthetist (CRNA),MS,I,-0.13699071364849041,0,16.06,Low,0,0,unusually high submitted charge per service (z=6.8 vs. population median); unusually high services-per-beneficiary deviation from specialty peers (z=6.6 vs. population median); unusually high 5-year average service concentration (HHI) (z=4.9 vs. population median)
1003136276,Family Practice,IL,I,-0.1369931767903324,0,16.06,Low,0,0,unusually high total beneficiaries served (z=2.5 vs. population median); unusually high number of distinct billing codes (HCPCS) used (z=2.0 vs. population median); unusually high total Medicare payment received (z=1.5 vs. population median)
1003138868,Radiation Oncology,PA,I,-0.13698107257694647,0,16.06,Low,0,0,unusually high payment-per-service deviation from specialty peers (z=5.6 vs. population median); unusually high 5-year average payment per service (z=3.8 vs. population median); unusually high payment per service (z=3.7 vs. population median)
1003016304,Optometry,PA,I,-0.137026992355538,0,16.05,Low,0,0,unusually high total beneficiaries served (z=8.4 vs. population median); unusually high allowed-to-charge ratio (z=5.2 vs. population median); unusually high total Medicare payment received (z=5.1 vs. population median)
1003127895,Hospitalist,IL,I,-0.13707905671010268,0,16.04,Low,0,0,unusually high total Medicare payment received (z=6.7 vs. population median); unusually high total services billed (z=4.4 vs. population median); unusually high total beneficiaries served (z=3.9 vs. population median)
1003010810,Chiropractic,MN,I,-0.13711545016280535,0,16.03,Low,0,0,unusually high 5-year average services per beneficiary (z=8.2 vs. population median); unusually high services per beneficiary (z=7.8 vs. population median); unusually high allowed-to-charge ratio (z=2.6 vs. population median)
1003078684,Family Practice,FL,I,-0.13713598470005545,0,16.03,Low,1,1,unusually high 5-year average total payment (z=18.5 vs. population median); unusually high 5-year average total services (z=12.4 vs. population median); unusually high services-per-beneficiary deviation from specialty peers (z=6.6 vs. population median)
1003021783,Diagnostic Radiology,TN,I,-0.13709769410124567,0,16.03,Low,0,0,unusually high total beneficiaries served (z=12.7 vs. population median); unusually high 5-year average total services (z=9.1 vs. population median); unusually high total submitted charges (z=7.5 vs. population median)
1003077017,Audiologist,TX,I,-0.13709791042890718,0,16.03,Low,0,0,unusually low year-over-year beneficiary count change (z=-5.8 vs. population median); unusually low year-over-year payment change (z=-5.8 vs. population median); unusually low year-over-year service volume change (z=-5.2 vs. population median)
1003137480,Ophthalmology,DC,I,-0.13716278567473367,0,16.02,Low,0,0,unusually high service-concentration deviation from specialty peers (z=11.3 vs. population median); unusually high 5-year average service concentration (HHI) (z=4.9 vs. population median); unusually high service concentration (HHI) across billing codes (z=4.8 vs. population median)
1003119322,Nurse Practitioner,FL,I,-0.13728166424823635,0,15.99,Low,0,0,unusually high 5-year average service concentration (HHI) (z=4.9 vs. population median); unusually high service concentration (HHI) across billing codes (z=4.8 vs. population median); unusually high charge-per-service deviation from specialty peers (z=4.1 vs. population median)
1003163403,Anesthesiology,OH,I,-0.1374110845635475,0,15.96,Low,0,0,unusually high services-per-beneficiary deviation from specialty peers (z=22.9 vs. population median); unusually high total submitted charges (z=2.9 vs. population median); unusually high number of distinct billing codes (HCPCS) used (z=2.5 vs. population median)
1003154782,Nurse Practitioner,PA,I,-0.1374539443661657,0,15.95,Low,0,0,unusually high services-per-beneficiary deviation from specialty peers (z=19.1 vs. population median); unusually high services per beneficiary (z=14.9 vs. population median); unusually high 5-year average services per beneficiary (z=13.5 vs. population median)
1003041054,Critical Care (Intensivists),CA,I,-0.13753616515325157,0,15.93,Low,0,0,unusually high submitted charge per service (z=5.1 vs. population median); unusually high 5-year average payment per service (z=4.2 vs. population median); unusually high payment per service (z=3.9 vs. population median)
1003083163,Interventional Radiology,MA,I,-0.1375228934758096,0,15.93,Low,0,0,unusually high year-over-year payment change (z=9.6 vs. population median); unusually high number of distinct billing codes (HCPCS) used (z=9.0 vs. population median); unusually high year-over-year beneficiary count change (z=7.6 vs. population median)
1003104431,"Psychologist, Clinical",CO,I,-0.13757183738682965,0,15.92,Low,0,0,unusually high services per beneficiary (z=7.5 vs. population median); unusually high 5-year average services per beneficiary (z=7.3 vs. population median); unusually high service concentration (HHI) across billing codes (z=4.8 vs. population median)
1003018177,Anesthesiology,IL,I,-0.13759211880404548,0,15.92,Low,0,0,unusually high year-over-year beneficiary count change (z=11.7 vs. population median); unusually high submitted charge per service (z=11.3 vs. population median); unusually high year-over-year payment change (z=10.4 vs. population median)
1003084302,Obstetrics & Gynecology,NY,I,-0.13759317472719912,0,15.92,Low,0,0,unusually high year-over-year beneficiary count change (z=6.3 vs. population median); unusually high year-over-year service volume change (z=5.7 vs. population median); unusually high year-over-year payment change (z=5.5 vs. population median)
1003043670,Registered Dietitian or Nutrition Professional,NJ,I,-0.13781524876046924,0,15.86,Low,0,0,unusually high services per beneficiary (z=10.4 vs. population median); unusually high 5-year average services per beneficiary (z=9.3 vs. population median); unusually high payment-to-charge ratio (z=3.9 vs. population median)
1003058264,Anesthesiology,PA,I,-0.1378666316961365,0,15.85,Low,0,0,unusually high services-per-beneficiary deviation from specialty peers (z=60.6 vs. population median); unusually high payment-to-charge-ratio deviation from specialty peers (z=3.7 vs. population median); unusually high 5-year average payment per service (z=3.0 vs. population median)
1003109935,Internal Medicine,OR,I,-0.13785641207990695,0,15.85,Low,0,0,unusually high standardized-amount-to-payment ratio (z=13.3 vs. population median); unusually high multi-year payment trend (z=12.0 vs. population median); unusually high multi-year service-volume trend (z=5.3 vs. population median)
1003134446,Emergency Medicine,OH,I,-0.13795080772676926,0,15.83,Low,0,0,unusually high submitted charge per service (z=11.9 vs. population median); unusually high total submitted charges (z=4.1 vs. population median); unusually high charge-per-service deviation from specialty peers (z=3.2 vs. population median)
1003116526,General Surgery,CO,I,-0.13794444425467184,0,15.83,Low,0,0,unusually high 5-year average payment per service (z=5.5 vs. population median); unusually high payment per service (z=5.1 vs. population median); unusually high payment-per-service deviation from specialty peers (z=4.4 vs. population median)
1003132077,Surgical Oncology,TN,I,-0.13796072052000619,0,15.83,Low,0,0,unusually low year-over-year payment-per-service change (z=-8.3 vs. population median); unusually high service-concentration deviation from specialty peers (z=5.7 vs. population median); unusually low year-over-year payment change (z=-5.0 vs. population median)
1003067786,Physician Assistant,FL,I,-0.13797024297427224,0,15.82,Low,0,0,unusually high multi-year payment trend (z=12.9 vs. population median); unusually high multi-year service-volume trend (z=9.7 vs. population median); unusually high total beneficiaries served (z=7.1 vs. population median)
1003033697,Physical Therapist in Private Practice,GA,I,-0.13804905486709274,0,15.81,Low,0,0,unusually high services per beneficiary (z=34.8 vs. population median); unusually high 5-year average services per beneficiary (z=31.3 vs. population median); unusually high services per billing code (z=9.1 vs. population median)
1003090424,Cardiac Surgery,TN,I,-0.1380117692931775,0,15.81,Low,0,0,unusually high payment per service (z=3.0 vs. population median); unusually high 5-year average payment per service (z=2.6 vs. population median); unusually high year-over-year payment change (z=2.1 vs. population median)
1003017187,Physical Therapist in Private Practice,AL,I,-0.13809350629774797,0,15.8,Low,0,0,unusually high services per beneficiary (z=16.9 vs. population median); unusually high 5-year average services per beneficiary (z=7.5 vs. population median); unusually low year-over-year beneficiary count change (z=-4.9 vs. population median)
1003080763,Pathology,AR,I,-0.13806063728723855,0,15.8,Low,0,0,unusually high 5-year average total services (z=7.7 vs. population median); unusually high services-per-beneficiary deviation from specialty peers (z=6.0 vs. population median); unusually high services per beneficiary (z=5.1 vs. population median)
1003151564,Certified Registered Nurse Anesthetist (CRNA),ND,I,-0.13806729322823097,0,15.8,Low,0,0,unusually high services-per-beneficiary deviation from specialty peers (z=11.9 vs. population median); unusually high 5-year average service concentration (HHI) (z=4.9 vs. population median); unusually high service concentration (HHI) across billing codes (z=4.8 vs. population median)
1003050642,Neurosurgery,MA,I,-0.13813583304939264,0,15.78,Low,0,0,unusually high submitted charge per service (z=7.2 vs. population median); unusually high total submitted charges (z=7.1 vs. population median); unusually high 5-year average payment per service (z=5.9 vs. population median)
1003132887,General Surgery,FL,I,-0.1381808298598573,0,15.77,Low,0,0,unusually high total Medicare payment received (z=5.4 vs. population median); unusually high 5-year average total payment (z=4.4 vs. population median); unusually high payment per service (z=4.1 vs. population median)
1003064155,Audiologist,KY,I,-0.13829050428393985,0,15.75,Low,0,0,unusually high service-concentration deviation from specialty peers (z=10.9 vs. population median); unusually high service concentration (HHI) across billing codes (z=4.8 vs. population median); unusually high year-over-year payment-per-service change (z=3.9 vs. population median)
1003128125,Anesthesiology,MS,I,-0.13858688848578665,0,15.68,Low,0,0,unusually high services-per-beneficiary deviation from specialty peers (z=55.9 vs. population median); unusually high submitted charge per service (z=3.9 vs. population median); unusually high payment-to-charge-ratio deviation from specialty peers (z=3.4 vs. population median)
1003136789,Family Practice,CO,I,-0.13858011423715993,0,15.68,Low,0,0,unusually high standardized-amount-to-payment ratio (z=16.8 vs. population median); unusually low payment-to-charge-ratio deviation from specialty peers (z=-3.1 vs. population median); unusually high charge-per-service deviation from specialty peers (z=2.5 vs. population median)
1003035338,Anesthesiology,AR,I,-0.13861229765347416,0,15.67,Low,1,0,unusually high services-per-beneficiary deviation from specialty peers (z=9.7 vs. population median); unusually low standardized-amount-to-payment ratio (z=-7.3 vs. population median); unusually high submitted charge per service (z=6.6 vs. population median)
1003074501,Hospitalist,CO,I,-0.13868746328160808,0,15.65,Low,0,0,unusually high service concentration (HHI) across billing codes (z=4.8 vs. population median); unusually high service-concentration deviation from specialty peers (z=4.5 vs. population median); unusually low year-over-year beneficiary count change (z=-3.6 vs. population median)
1003045915,Hospitalist,CA,I,-0.13877275174276416,0,15.63,Low,0,0,unusually high service concentration (HHI) across billing codes (z=4.8 vs. population median); unusually high service-concentration deviation from specialty peers (z=4.5 vs. population median); unusually high 5-year average payment per service (z=3.8 vs. population median)
1003102211,Gastroenterology,TX,I,-0.13887037644853584,0,15.61,Low,0,0,unusually high services-per-beneficiary deviation from specialty peers (z=11.2 vs. population median); unusually high 5-year average total payment (z=4.6 vs. population median); unusually high 5-year average total services (z=4.4 vs. population median)
1003065202,Chiropractic,FL,I,-0.13893438211853737,0,15.59,Low,0,0,unusually high services per beneficiary (z=19.4 vs. population median); unusually high 5-year average services per beneficiary (z=16.5 vs. population median); unusually high services per billing code (z=4.1 vs. population median)
1003137506,Vascular Surgery,WA,I,-0.13904220040647053,0,15.57,Low,0,0,unusually high service-concentration deviation from specialty peers (z=35.6 vs. population median); unusually high 5-year average service concentration (HHI) (z=4.9 vs. population median); unusually high service concentration (HHI) across billing codes (z=4.8 vs. population median)
1003038530,Anesthesiology,NY,I,-0.13901482070665583,0,15.57,Low,0,0,unusually high submitted charge per service (z=20.1 vs. population median); unusually high total submitted charges (z=6.0 vs. population median); unusually high charge-per-service deviation from specialty peers (z=3.9 vs. population median)
1003065673,General Surgery,OH,I,-0.13912670321191495,0,15.55,Low,0,0,unusually high service-concentration deviation from specialty peers (z=8.1 vs. population median); unusually low year-over-year payment change (z=-6.1 vs. population median); unusually low year-over-year beneficiary count change (z=-5.8 vs. population median)
1003057068,Internal Medicine,TN,I,-0.13924428093129892,0,15.52,Low,0,0,unusually high 5-year average services per beneficiary (z=12.1 vs. population median); unusually high services-per-beneficiary deviation from specialty peers (z=11.7 vs. population median); unusually high services per beneficiary (z=10.5 vs. population median)
1003162736,Nurse Practitioner,NM,I,-0.13926999679229735,0,15.51,Low,0,0,unusually high services-per-beneficiary deviation from specialty peers (z=12.6 vs. population median); unusually high services per beneficiary (z=9.8 vs. population median); unusually high 5-year average services per beneficiary (z=8.8 vs. population median)
1003159153,Anesthesiology,IL,I,-0.13937801084591445,0,15.49,Low,0,0,unusually high submitted charge per service (z=13.1 vs. population median); unusually low standardized-amount-to-payment ratio (z=-2.6 vs. population median); unusually low 5-year average payment-to-charge ratio (z=-2.3 vs. population median)
1003057621,Physician Assistant,GA,I,-0.13939787607474868,0,15.48,Low,0,0,unusually high 5-year average service concentration (HHI) (z=4.9 vs. population median); unusually high service concentration (HHI) across billing codes (z=4.8 vs. population median); unusually high service-concentration deviation from specialty peers (z=4.1 vs. population median)
1003070855,Physical Therapist in Private Practice,NH,I,-0.1395273313781607,0,15.45,Low,0,0,unusually high 5-year average services per beneficiary (z=36.7 vs. population median); unusually high services per beneficiary (z=23.2 vs. population median); unusually low year-over-year payment change (z=-2.6 vs. population median)
1003115759,Otolaryngology,MI,I,-0.13968438142422246,0,15.41,Low,0,0,unusually high service-concentration deviation from specialty peers (z=4.2 vs. population median); unusually high multi-year service-volume trend (z=3.5 vs. population median); unusually high allowed-to-charge ratio (z=3.2 vs. population median)
1003083247,Dermatology,FL,I,-0.13975150636501643,0,15.4,Low,0,0,unusually high 5-year average total payment (z=10.6 vs. population median); unusually high total Medicare payment received (z=8.5 vs. population median); unusually high 5-year average total services (z=6.5 vs. population median)
1003076522,Thoracic Surgery,MA,I,-0.13973941487394292,0,15.4,Low,0,0,unusually high total submitted charges (z=8.3 vs. population median); unusually high multi-year payment trend (z=8.2 vs. population median); unusually high submitted charge per service (z=7.3 vs. population median)
1003093600,Cardiology,GA,I,-0.1400756983894132,0,15.32,Low,0,0,unusually high total submitted charges (z=13.2 vs. population median); unusually high total Medicare payment received (z=13.0 vs. population median); unusually high 5-year average total payment (z=12.8 vs. population median)
1003158254,Internal Medicine,TX,I,-0.14016918265705985,0,15.3,Low,0,0,unusually high charge-per-service deviation from specialty peers (z=6.8 vs. population median); unusually high payment-per-service deviation from specialty peers (z=4.5 vs. population median); unusually high submitted charge per service (z=4.0 vs. population median)
1003027608,Unknown Supplier/Provider Specialty,NH,I,-0.1401624399505666,0,15.3,Low,0,0,unusually high year-over-year payment change (z=7.0 vs. population median); unusually high 5-year average services per beneficiary (z=7.0 vs. population median); unusually high year-over-year beneficiary count change (z=6.9 vs. population median)
1003090952,Critical Care (Intensivists),MO,I,-0.1402001015543018,0,15.29,Low,0,0,unusually high year-over-year payment change (z=8.8 vs. population median); unusually high year-over-year service volume change (z=8.2 vs. population median); unusually high year-over-year beneficiary count change (z=5.8 vs. population median)
1003044272,Family Practice,MA,I,-0.14022484326576617,0,15.28,Low,0,0,unusually high standardized-amount-to-payment ratio (z=10.9 vs. population median); unusually high number of distinct billing codes (HCPCS) used (z=3.0 vs. population median); unusually low payment-per-service deviation from specialty peers (z=-2.7 vs. population median)
1003126996,Pulmonary Disease,KY,I,-0.14031026298652705,0,15.26,Low,0,0,unusually low year-over-year payment-per-service change (z=-4.1 vs. population median); unusually high payment-to-charge-ratio deviation from specialty peers (z=2.9 vs. population median); unusually high total beneficiaries served (z=2.7 vs. population median)
1003117672,Certified Registered Nurse Anesthetist (CRNA),TN,I,-0.1403892227565931,0,15.24,Low,0,0,unusually high year-over-year beneficiary count change (z=17.6 vs. population median); unusually high year-over-year service volume change (z=15.7 vs. population median); unusually high year-over-year payment change (z=12.4 vs. population median)
1003047804,Certified Registered Nurse Anesthetist (CRNA),LA,I,-0.14043892129330432,0,15.23,Low,0,0,unusually high submitted charge per service (z=10.8 vs. population median); unusually high year-over-year payment change (z=9.4 vs. population median); unusually high year-over-year payment-per-service change (z=8.2 vs. population median)
1003109745,Psychiatry,AZ,I,-0.1405144247505825,0,15.21,Low,0,0,unusually high year-over-year beneficiary count change (z=5.9 vs. population median); unusually high standardized-amount-to-payment ratio (z=5.2 vs. population median); unusually low multi-year service-volume trend (z=-2.8 vs. population median)
1003016205,Plastic and Reconstructive Surgery,OH,I,-0.14051243226461996,0,15.21,Low,0,0,unusually high multi-year payment trend (z=3.5 vs. population median); unusually high year-over-year beneficiary count change (z=2.8 vs. population median); unusually high multi-year service-volume trend (z=2.8 vs. population median)
1003149899,Certified Registered Nurse Anesthetist (CRNA),IN,I,-0.14052952032912225,0,15.21,Low,0,0,unusually high submitted charge per service (z=7.3 vs. population median); unusually high 5-year average service concentration (HHI) (z=4.9 vs. population median); unusually high service concentration (HHI) across billing codes (z=4.8 vs. population median)
1003160623,Internal Medicine,NJ,I,-0.1405749453949376,0,15.2,Low,0,0,unusually high total Medicare payment received (z=5.5 vs. population median); unusually high 5-year average total payment (z=5.3 vs. population median); unusually high total beneficiaries served (z=5.1 vs. population median)
1003007980,Interventional Cardiology,AL,I,-0.14065554485577209,0,15.18,Low,0,0,unusually high 5-year average total payment (z=5.0 vs. population median); unusually high number of distinct billing codes (HCPCS) used (z=4.8 vs. population median); unusually high total beneficiaries served (z=4.3 vs. population median)
1003048687,Infectious Disease,FL,I,-0.14063994869245522,0,15.18,Low,0,0,unusually high total Medicare payment received (z=5.6 vs. population median); unusually high multi-year service-volume trend (z=5.2 vs. population median); unusually high multi-year payment trend (z=4.9 vs. population median)
1003011982,Gastroenterology,NY,I,-0.14074362383634997,0,15.16,Low,0,0,unusually high total submitted charges (z=10.7 vs. population median); unusually high submitted charge per service (z=5.8 vs. population median); unusually high total Medicare payment received (z=5.1 vs. population median)
1003062175,Anesthesiology,IL,I,-0.14106191621074082,0,15.08,Low,1,0,unusually high services-per-beneficiary deviation from specialty peers (z=105.2 vs. population median); unusually low year-over-year payment-per-service change (z=-7.0 vs. population median); unusually low year-over-year payment change (z=-4.5 vs. population median)
1003159088,Pathology,OH,I,-0.14109430708633552,0,15.07,Low,0,0,unusually high total services billed (z=7.8 vs. population median); unusually high 5-year average total services (z=7.8 vs. population median); unusually high total beneficiaries served (z=7.0 vs. population median)
1003137613,Emergency Medicine,PA,I,-0.14118346064924275,0,15.05,Low,0,0,unusually high service-concentration deviation from specialty peers (z=4.9 vs. population median); unusually high payment-to-charge-ratio deviation from specialty peers (z=4.4 vs. population median); unusually high 5-year average service concentration (HHI) (z=3.1 vs. population median)
1003054123,Chiropractic,TN,I,-0.14122158014510122,0,15.04,Low,0,0,unusually low year-over-year payment change (z=-2.8 vs. population median); unusually high 5-year average services per beneficiary (z=2.5 vs. population median); unusually low year-over-year service volume change (z=-2.3 vs. population median)
1003115700,Hematology-Oncology,NY,I,-0.14137843254818067,0,15.01,Low,0,0,unusually high service-concentration deviation from specialty peers (z=5.3 vs. population median); unusually high charge-per-service deviation from specialty peers (z=4.7 vs. population median); unusually high 5-year average services per beneficiary (z=4.3 vs. population median)
1003011339,Neurosurgery,FL,I,-0.14139670326048703,0,15.0,Low,1,0,unusually high multi-year payment trend (z=10.6 vs. population median); unusually high multi-year service-volume trend (z=9.5 vs. population median); unusually low year-over-year payment-per-service change (z=-7.3 vs. population median)
1003149568,Pulmonary Disease,WI,I,-0.14153495800910326,0,14.97,Low,0,0,unusually high service-concentration deviation from specialty peers (z=5.1 vs. population median); unusually high payment-to-charge-ratio deviation from specialty peers (z=3.2 vs. population median); unusually high payment-to-charge ratio (z=2.1 vs. population median)
1003082272,Diagnostic Radiology,GA,I,-0.14152096502022848,0,14.97,Low,0,0,unusually high multi-year service-volume trend (z=7.0 vs. population median); unusually high number of distinct billing codes (HCPCS) used (z=6.5 vs. population median); unusually high 5-year average total services (z=5.2 vs. population median)
1003077421,Nephrology,FL,I,-0.14151194195739408,0,14.97,Low,0,0,unusually high services per beneficiary (z=8.5 vs. population median); unusually high total Medicare payment received (z=8.2 vs. population median); unusually high services-per-beneficiary deviation from specialty peers (z=7.2 vs. population median)
1003159146,Anesthesiology,CO,I,-0.1415171330705678,0,14.97,Low,0,0,unusually high submitted charge per service (z=5.2 vs. population median); unusually high 5-year average service concentration (HHI) (z=4.9 vs. population median); unusually high service concentration (HHI) across billing codes (z=4.8 vs. population median)
1003089129,Nurse Practitioner,FL,I,-0.14177184307214546,0,14.91,Low,0,0,unusually high year-over-year payment-per-service change (z=13.9 vs. population median); unusually low year-over-year beneficiary count change (z=-5.7 vs. population median); unusually low year-over-year service volume change (z=-5.7 vs. population median)
1003096934,Physician Assistant,NC,I,-0.14178108797461986,0,14.91,Low,0,0,unusually high year-over-year beneficiary count change (z=18.4 vs. population median); unusually high year-over-year payment change (z=10.5 vs. population median); unusually high year-over-year service volume change (z=9.4 vs. population median)
1003073636,Neurology,WI,I,-0.14181458591789808,0,14.9,Low,0,0,unusually high year-over-year payment change (z=18.0 vs. population median); unusually high year-over-year service volume change (z=12.8 vs. population median); unusually high year-over-year beneficiary count change (z=12.3 vs. population median)
1003141318,Podiatry,CA,I,-0.1421253732400239,0,14.83,Low,0,0,unusually high total services billed (z=7.0 vs. population median); unusually high 5-year average total services (z=7.0 vs. population median); unusually high total Medicare payment received (z=5.8 vs. population median)
1003119009,Nurse Practitioner,WA,I,-0.14214818896199283,0,14.82,Low,0,0,unusually high service concentration (HHI) across billing codes (z=4.8 vs. population median); unusually high 5-year average service concentration (HHI) (z=4.1 vs. population median); unusually high service-concentration deviation from specialty peers (z=4.0 vs. population median)
1003124520,Licensed Professional Counselor,MA,I,-0.14225678114630225,0,14.79,Low,0,0,unusually high payment-to-charge-ratio deviation from specialty peers (z=25.1 vs. population median); unusually high services per beneficiary (z=12.4 vs. population median); unusually high 5-year average services per beneficiary (z=11.3 vs. population median)
1003134198,Anesthesiology,TX,I,-0.1423108315450996,0,14.78,Low,0,0,unusually high services-per-beneficiary deviation from specialty peers (z=12.0 vs. population median); unusually high total submitted charges (z=10.5 vs. population median); unusually high submitted charge per service (z=8.1 vs. population median)
1003144973,Certified Registered Nurse Anesthetist (CRNA),AL,I,-0.1423513353586724,0,14.77,Low,0,0,unusually high submitted charge per service (z=6.5 vs. population median); unusually high 5-year average service concentration (HHI) (z=4.9 vs. population median); unusually high service concentration (HHI) across billing codes (z=4.8 vs. population median)
1003002106,Psychiatry,FL,I,-0.1424534086199249,0,14.75,Low,0,0,unusually high multi-year service-volume trend (z=27.6 vs. population median); unusually high multi-year payment trend (z=20.1 vs. population median); unusually high year-over-year service volume change (z=3.8 vs. population median)
1003161373,Nurse Practitioner,MS,I,-0.14244899591428617,0,14.75,Low,0,0,unusually high standardized-amount-to-payment ratio (z=2.8 vs. population median); unusually high payment-to-charge-ratio deviation from specialty peers (z=2.6 vs. population median); unusually high payment-to-charge ratio (z=2.1 vs. population median)
1003102617,Radiation Oncology,TX,I,-0.14247368410718997,0,14.74,Low,0,0,unusually high total submitted charges (z=17.6 vs. population median); unusually high total Medicare payment received (z=9.7 vs. population median); unusually high total services billed (z=8.8 vs. population median)
1003131012,Surgical Oncology,TX,I,-0.1424968252930724,0,14.74,Low,0,0,unusually high submitted charge per service (z=2.8 vs. population median); unusually high 5-year average payment per service (z=2.2 vs. population median); unusually high year-over-year beneficiary count change (z=2.1 vs. population median)
1003130808,Hospice and Palliative Care,FL,I,-0.14258170468423048,0,14.72,Low,0,0,unusually high year-over-year beneficiary count change (z=6.5 vs. population median); unusually high 5-year average service concentration (HHI) (z=1.9 vs. population median); unusually low standardized-amount-to-payment ratio (z=-1.8 vs. population median)
1003091679,Certified Registered Nurse Anesthetist (CRNA),AL,I,-0.14258488160759109,0,14.71,Low,0,0,unusually high year-over-year payment-per-service change (z=6.5 vs. population median); unusually high service concentration (HHI) across billing codes (z=4.8 vs. population median); unusually high 5-year average service concentration (HHI) (z=4.0 vs. population median)
1003085390,Family Practice,FL,I,-0.14281025501591083,0,14.66,Low,0,0,unusually high 5-year average total payment (z=15.2 vs. population median); unusually high 5-year average total services (z=11.0 vs. population median); unusually high total Medicare payment received (z=9.7 vs. population median)
1003080896,Neurology,TX,I,-0.1429919635892486,0,14.62,Low,0,0,unusually low year-over-year payment change (z=-3.8 vs. population median); unusually low year-over-year beneficiary count change (z=-3.4 vs. population median); unusually low year-over-year service volume change (z=-3.2 vs. population median)
1003011941,Radiation Oncology,CA,I,-0.1430070891235644,0,14.61,Low,1,0,unusually high services per beneficiary (z=6.9 vs. population median); unusually high 5-year average total payment (z=5.4 vs. population median); unusually high total submitted charges (z=5.2 vs. population median)
1003075946,Family Practice,PA,I,-0.14308908892878786,0,14.59,Low,0,0,unusually high multi-year payment trend (z=5.1 vs. population median); unusually high multi-year service-volume trend (z=2.7 vs. population median); unusually high payment-to-charge ratio (z=1.9 vs. population median)
1003102898,Pain Management,GA,I,-0.14311640842223633,0,14.59,Low,0,0,unusually high 5-year average total payment (z=10.3 vs. population median); unusually high total submitted charges (z=8.9 vs. population median); unusually high 5-year average total services (z=7.7 vs. population median)
1003105727,Nurse Practitioner,GA,I,-0.1432793003117524,0,14.55,Low,0,0,unusually high 5-year average service concentration (HHI) (z=4.9 vs. population median); unusually low year-over-year payment change (z=-4.8 vs. population median); unusually high service concentration (HHI) across billing codes (z=4.8 vs. population median)
1003059981,Internal Medicine,NY,I,-0.1432529552127652,0,14.55,Low,0,0,unusually low year-over-year payment-per-service change (z=-5.2 vs. population median); unusually low year-over-year payment change (z=-3.9 vs. population median); unusually low year-over-year beneficiary count change (z=-3.9 vs. population median)
1003061789,Certified Registered Nurse Anesthetist (CRNA),AL,I,-0.1433506575723963,0,14.53,Low,0,0,unusually low year-over-year payment change (z=-3.5 vs. population median); unusually low year-over-year beneficiary count change (z=-3.4 vs. population median); unusually low year-over-year service volume change (z=-3.1 vs. population median)
1003067414,Hospitalist,MD,I,-0.14341004409786945,0,14.52,Low,0,0,unusually high service concentration (HHI) across billing codes (z=4.8 vs. population median); unusually high service-concentration deviation from specialty peers (z=4.5 vs. population median); unusually high 5-year average payment per service (z=3.8 vs. population median)
1003101064,Physical Therapist in Private Practice,GA,I,-0.1434955043329018,0,14.5,Low,0,0,unusually high services per beneficiary (z=31.4 vs. population median); unusually high 5-year average services per beneficiary (z=23.5 vs. population median); unusually high services per billing code (z=7.2 vs. population median)
1003101585,Diagnostic Radiology,TX,I,-0.14355287304860204,0,14.48,Low,0,0,unusually high number of distinct billing codes (HCPCS) used (z=5.0 vs. population median); unusually high charge-per-service deviation from specialty peers (z=4.7 vs. population median); unusually high total submitted charges (z=3.9 vs. population median)
1003043324,Family Practice,GA,I,-0.14383475622855857,0,14.41,Low,0,0,unusually high multi-year payment trend (z=5.4 vs. population median); unusually high payment-per-service deviation from specialty peers (z=2.5 vs. population median); unusually high multi-year service-volume trend (z=1.7 vs. population median)
1003009283,Emergency Medicine,HI,I,-0.14388482069494146,0,14.4,Low,0,0,unusually high year-over-year beneficiary count change (z=10.8 vs. population median); unusually high year-over-year service volume change (z=10.0 vs. population median); unusually high year-over-year payment change (z=8.3 vs. population median)
1003153529,Nurse Practitioner,NJ,I,-0.14388560418886392,0,14.4,Low,0,0,unusually high 5-year average total services (z=10.6 vs. population median); unusually high total services billed (z=10.6 vs. population median); unusually high total beneficiaries served (z=8.7 vs. population median)
1003161951,Physical Therapist in Private Practice,IL,I,-0.14400081446604018,0,14.37,Low,0,0,unusually high services per beneficiary (z=33.0 vs. population median); unusually high 5-year average services per beneficiary (z=30.1 vs. population median); unusually high services per billing code (z=8.8 vs. population median)
1003006198,Neurology,VA,I,-0.14403812683414458,0,14.37,Low,1,0,unusually high 5-year average services per beneficiary (z=31.2 vs. population median); unusually high multi-year service-volume trend (z=8.3 vs. population median); unusually low year-over-year payment-per-service change (z=-5.4 vs. population median)
1003017666,Cardiology,CA,I,-0.1440535457638129,0,14.36,Low,0,0,unusually high year-over-year beneficiary count change (z=4.4 vs. population median); unusually high year-over-year service volume change (z=3.9 vs. population median); unusually low year-over-year payment-per-service change (z=-3.7 vs. population median)
1003136813,Internal Medicine,CA,I,-0.14410317002245815,0,14.35,Low,0,0,unusually high service-concentration deviation from specialty peers (z=5.1 vs. population median); unusually high 5-year average service concentration (HHI) (z=4.9 vs. population median); unusually high service concentration (HHI) across billing codes (z=4.8 vs. population median)
1003030693,Cardiology,AL,I,-0.14419514520630028,0,14.33,Low,0,0,unusually high total submitted charges (z=11.5 vs. population median); unusually high total Medicare payment received (z=7.9 vs. population median); unusually high total beneficiaries served (z=7.6 vs. population median)
1003157165,Licensed Professional Counselor,TX,I,-0.144262479138411,0,14.31,Low,0,0,unusually high services per beneficiary (z=11.6 vs. population median); unusually high 5-year average services per beneficiary (z=10.5 vs. population median); unusually high services per billing code (z=5.4 vs. population median)
1003082587,"Psychologist, Clinical",VA,I,-0.1443508126037905,0,14.29,Low,0,0,unusually high services per beneficiary (z=11.4 vs. population median); unusually high 5-year average services per beneficiary (z=8.2 vs. population median); unusually high standardized-amount-to-payment ratio (z=4.0 vs. population median)
1003161894,Certified Clinical Nurse Specialist,TX,I,-0.14439933599564658,0,14.28,Low,0,0,unusually low 5-year average service concentration (HHI) (z=-1.2 vs. population median); unusually low service concentration (HHI) across billing codes (z=-1.1 vs. population median); unusually high number of distinct billing codes (HCPCS) used (z=1.0 vs. population median)
1003137290,Nurse Practitioner,WI,I,-0.14442236920087165,0,14.27,Low,0,0,unusually high charge-per-service deviation from specialty peers (z=3.9 vs. population median); unusually high submitted charge per service (z=2.3 vs. population median); unusually low payment-to-charge-ratio deviation from specialty peers (z=-1.6 vs. population median)
1003043167,Pathology,IL,I,-0.1444915506422732,0,14.26,Low,0,0,unusually high total submitted charges (z=8.7 vs. population median); unusually high total services billed (z=6.0 vs. population median); unusually high 5-year average total services (z=5.0 vs. population median)
1003161522,Psychiatry,CA,I,-0.1445072179322941,0,14.25,Low,0,0,unusually high services per billing code (z=12.3 vs. population median); unusually high services per beneficiary (z=8.3 vs. population median); unusually high 5-year average services per beneficiary (z=7.5 vs. population median)
1003039199,Allergy/ Immunology,MI,I,-0.14457761835125893,0,14.24,Low,0,0,unusually high services per beneficiary (z=30.2 vs. population median); unusually high 5-year average services per beneficiary (z=25.6 vs. population median); unusually high services per billing code (z=3.9 vs. population median)
1003015173,Dermatology,NH,I,-0.14455839017828526,0,14.24,Low,0,0,unusually high multi-year payment trend (z=11.8 vs. population median); unusually high total beneficiaries served (z=10.0 vs. population median); unusually high total services billed (z=9.8 vs. population median)
1003026410,Internal Medicine,TX,I,-0.14461397225069844,0,14.23,Low,0,0,unusually high total services billed (z=7.6 vs. population median); unusually high services-per-beneficiary deviation from specialty peers (z=6.9 vs. population median); unusually high services per beneficiary (z=6.4 vs. population median)
1003057886,Emergency Medicine,CA,I,-0.14461500255956666,0,14.23,Low,0,0,unusually high year-over-year beneficiary count change (z=12.2 vs. population median); unusually high year-over-year service volume change (z=11.3 vs. population median); unusually high year-over-year payment change (z=9.4 vs. population median)
1003078254,Internal Medicine,PA,I,-0.14471445045549042,0,14.2,Low,0,0,unusually high year-over-year beneficiary count change (z=6.9 vs. population median); unusually high total Medicare payment received (z=3.9 vs. population median); unusually high year-over-year payment change (z=3.3 vs. population median)
1003041617,Certified Registered Nurse Anesthetist (CRNA),MI,I,-0.14476004752860505,0,14.19,Low,0,0,unusually high submitted charge per service (z=8.1 vs. population median); unusually high service concentration (HHI) across billing codes (z=4.8 vs. population median); unusually low 5-year average payment-to-charge ratio (z=-2.6 vs. population median)
1003127028,Family Practice,MI,I,-0.14480659253551165,0,14.18,Low,0,0,unusually high standardized-amount-to-payment ratio (z=23.7 vs. population median); unusually high year-over-year payment change (z=4.4 vs. population median); unusually high year-over-year service volume change (z=4.0 vs. population median)
1003155755,Nurse Practitioner,SC,I,-0.14487746106757726,0,14.16,Low,0,0,unusually high services-per-beneficiary deviation from specialty peers (z=8.7 vs. population median); unusually high services per beneficiary (z=6.8 vs. population median); unusually high 5-year average services per beneficiary (z=6.0 vs. population median)
1003042516,Osteopathic Manipulative Medicine,MI,I,-0.14494142261707216,0,14.15,Low,0,0,unusually low year-over-year payment-per-service change (z=-1.9 vs. population median); unusually high year-over-year beneficiary count change (z=1.5 vs. population median); unusually high year-over-year service volume change (z=1.5 vs. population median)
1003163684,Diagnostic Radiology,DC,I,-0.1450958444356381,0,14.11,Low,0,0,unusually high total beneficiaries served (z=11.4 vs. population median); unusually high number of distinct billing codes (HCPCS) used (z=6.5 vs. population median); unusually high total services billed (z=6.1 vs. population median)
1003106014,Dermatology,CA,I,-0.14512812568285338,0,14.1,Low,0,0,unusually high 5-year average total services (z=8.8 vs. population median); unusually high total services billed (z=6.9 vs. population median); unusually low standardized-amount-to-payment ratio (z=-6.3 vs. population median)
1003086166,Emergency Medicine,GA,I,-0.14523917863099356,0,14.08,Low,0,0,unusually high submitted charge per service (z=9.8 vs. population median); unusually high service-concentration deviation from specialty peers (z=4.4 vs. population median); unusually low year-over-year beneficiary count change (z=-3.9 vs. population median)
1003075037,Neurology,CA,I,-0.14527276733264227,0,14.07,Low,0,0,unusually high services-per-beneficiary deviation from specialty peers (z=10.2 vs. population median); unusually high services per beneficiary (z=7.5 vs. population median); unusually high 5-year average services per beneficiary (z=6.8 vs. population median)
1003092065,Physician Assistant,NC,I,-0.14531389460899036,0,14.06,Low,0,0,unusually high services-per-beneficiary deviation from specialty peers (z=19.3 vs. population median); unusually high services per beneficiary (z=11.2 vs. population median); unusually high 5-year average services per beneficiary (z=7.7 vs. population median)
1003013160,Family Practice,TN,I,-0.14529025564770215,0,14.06,Low,0,0,unusually high services-per-beneficiary deviation from specialty peers (z=3.5 vs. population median); unusually high standardized-amount-to-payment ratio (z=3.5 vs. population median); unusually high allowed-to-charge ratio (z=2.9 vs. population median)
1003155722,Nurse Practitioner,OH,I,-0.14540002991040024,0,14.04,Low,0,0,unusually high services-per-beneficiary deviation from specialty peers (z=7.4 vs. population median); unusually high services per beneficiary (z=5.7 vs. population median); unusually high 5-year average services per beneficiary (z=5.1 vs. population median)
1003044702,Interventional Cardiology,IN,I,-0.1455088747993119,0,14.01,Low,0,0,unusually high total beneficiaries served (z=7.9 vs. population median); unusually high number of distinct billing codes (HCPCS) used (z=6.8 vs. population median); unusually high 5-year average total services (z=6.2 vs. population median)
1003090358,Critical Care (Intensivists),MN,I,-0.14553479901529703,0,14.01,Low,0,0,unusually high submitted charge per service (z=6.3 vs. population median); unusually high service concentration (HHI) across billing codes (z=4.8 vs. population median); unusually high service-concentration deviation from specialty peers (z=4.3 vs. population median)
1003044256,Internal Medicine,MA,I,-0.145580790961219,0,13.99,Low,0,0,unusually high standardized-amount-to-payment ratio (z=14.8 vs. population median); unusually high multi-year service-volume trend (z=5.5 vs. population median); unusually low year-over-year payment-per-service change (z=-3.8 vs. population median)
1003159781,Infectious Disease,AL,I,-0.14562824149790016,0,13.98,Low,0,0,unusually high 5-year average service concentration (HHI) (z=4.9 vs. population median); unusually high service concentration (HHI) across billing codes (z=4.8 vs. population median); unusually high service-concentration deviation from specialty peers (z=4.0 vs. population median)
1003093832,Allergy/ Immunology,SC,I,-0.14566284157732534,0,13.97,Low,0,0,unusually high 5-year average services per beneficiary (z=14.1 vs. population median); unusually high services per beneficiary (z=13.6 vs. population median); unusually high 5-year average total services (z=9.9 vs. population median)
1003059379,General Surgery,MN,I,-0.14573730557731068,0,13.96,Low,0,0,unusually high year-over-year payment-per-service change (z=8.3 vs. population median); unusually high year-over-year payment change (z=6.5 vs. population median); unusually high submitted charge per service (z=4.6 vs. population median)
1003079989,Pathology,TX,I,-0.14573866307325484,0,13.96,Low,0,0,unusually high year-over-year payment-per-service change (z=8.1 vs. population median); unusually high 5-year average total services (z=4.4 vs. population median); unusually low year-over-year service volume change (z=-4.3 vs. population median)
1003041930,Diagnostic Radiology,FL,I,-0.14574937201014082,0,13.95,Low,0,0,unusually high total beneficiaries served (z=10.0 vs. population median); unusually high number of distinct billing codes (HCPCS) used (z=8.0 vs. population median); unusually high total services billed (z=5.5 vs. population median)
1003044348,Audiologist,TX,I,-0.14580857417162502,0,13.94,Low,1,0,unusually high charge-per-service deviation from specialty peers (z=7.3 vs. population median); unusually high payment-per-service deviation from specialty peers (z=6.2 vs. population median); unusually high services-per-beneficiary deviation from specialty peers (z=5.7 vs. population median)
1003135914,Anesthesiology,TX,I,-0.14586871417656028,0,13.93,Low,0,0,unusually high submitted charge per service (z=10.4 vs. population median); unusually high total submitted charges (z=3.0 vs. population median); unusually low 5-year average payment-to-charge ratio (z=-2.6 vs. population median)
1003046624,Internal Medicine,DE,I,-0.14589866998352835,0,13.92,Low,0,0,unusually high standardized-amount-to-payment ratio (z=22.8 vs. population median); unusually high total beneficiaries served (z=4.6 vs. population median); unusually low year-over-year payment-per-service change (z=-3.9 vs. population median)
1003119132,Nurse Practitioner,MI,I,-0.14594487299047743,0,13.91,Low,0,0,unusually high year-over-year payment-per-service change (z=5.4 vs. population median); unusually low multi-year payment trend (z=-2.9 vs. population median); unusually low payment-per-service deviation from specialty peers (z=-2.3 vs. population median)
1003104969,Nurse Practitioner,IA,I,-0.1462036679469252,0,13.84,Low,0,0,unusually high services-per-beneficiary deviation from specialty peers (z=6.8 vs. population median); unusually high services per beneficiary (z=5.3 vs. population median); unusually high payment-to-charge-ratio deviation from specialty peers (z=5.2 vs. population median)
1003121427,Physical Therapist in Private Practice,IL,I,-0.14622557249988705,0,13.84,Low,0,0,unusually high services per billing code (z=17.0 vs. population median); unusually high services per beneficiary (z=11.2 vs. population median); unusually high 5-year average services per beneficiary (z=10.0 vs. population median)
1003046996,Nurse Practitioner,MN,I,-0.14629019844370544,0,13.82,Low,0,0,unusually high year-over-year beneficiary count change (z=4.1 vs. population median); unusually high year-over-year payment change (z=3.4 vs. population median); unusually high service concentration (HHI) across billing codes (z=2.5 vs. population median)
1003107269,Physical Therapist in Private Practice,NY,I,-0.14645165501200402,0,13.78,Low,0,0,unusually high services per beneficiary (z=30.0 vs. population median); unusually high 5-year average services per beneficiary (z=28.7 vs. population median); unusually high services per billing code (z=13.7 vs. population median)
1003088840,Family Practice,CO,I,-0.14645516885233312,0,13.78,Low,0,0,unusually high total beneficiaries served (z=5.2 vs. population median); unusually high number of distinct billing codes (HCPCS) used (z=3.8 vs. population median); unusually high total Medicare payment received (z=3.7 vs. population median)
1003012733,Internal Medicine,CA,I,-0.14651334792475967,0,13.77,Low,0,0,unusually high standardized-amount-to-payment ratio (z=8.2 vs. population median); unusually high multi-year service-volume trend (z=6.1 vs. population median); unusually high multi-year payment trend (z=4.9 vs. population median)
1003130030,Internal Medicine,WA,I,-0.14653350815861055,0,13.77,Low,0,0,unusually high year-over-year beneficiary count change (z=2.8 vs. population median); unusually high total Medicare payment received (z=2.0 vs. population median); unusually high year-over-year service volume change (z=1.8 vs. population median)
1003103060,Sports Medicine,FL,I,-0.1465154663691723,0,13.77,Low,0,0,unusually high multi-year payment trend (z=12.2 vs. population median); unusually high multi-year service-volume trend (z=8.5 vs. population median); unusually low year-over-year payment change (z=-1.4 vs. population median)
1003121302,Nurse Practitioner,KY,I,-0.14656471897048118,0,13.76,Low,0,0,unusually high total beneficiaries served (z=3.5 vs. population median); unusually high payment-to-charge-ratio deviation from specialty peers (z=3.4 vs. population median); unusually high number of distinct billing codes (HCPCS) used (z=3.0 vs. population median)
1003038555,Dermatology,FL,I,-0.1465786003038418,0,13.75,Low,0,0,unusually high total services billed (z=15.0 vs. population median); unusually high 5-year average total services (z=10.1 vs. population median); unusually high total beneficiaries served (z=8.2 vs. population median)
1003010828,Anesthesiology,NC,I,-0.1466573095395607,0,13.74,Low,0,0,unusually low year-over-year payment-per-service change (z=-7.9 vs. population median); unusually high service concentration (HHI) across billing codes (z=4.8 vs. population median); unusually high service-concentration deviation from specialty peers (z=4.1 vs. population median)
1003010182,Certified Registered Nurse Anesthetist (CRNA),CA,I,-0.14670616140885567,0,13.72,Low,0,0,unusually high service concentration (HHI) across billing codes (z=4.8 vs. population median); unusually high submitted charge per service (z=4.3 vs. population median); unusually high year-over-year payment-per-service change (z=4.3 vs. population median)
1003071341,Anesthesiology,WA,I,-0.1468551127485649,0,13.69,Low,0,0,unusually low year-over-year payment-per-service change (z=-8.6 vs. population median); unusually low year-over-year payment change (z=-5.0 vs. population median); unusually high service concentration (HHI) across billing codes (z=4.8 vs. population median)
1003131954,Certified Registered Nurse Anesthetist (CRNA),CO,I,-0.14692455484851463,0,13.67,Low,0,0,unusually high submitted charge per service (z=3.7 vs. population median); unusually low 5-year average payment-to-charge ratio (z=-2.2 vs. population median); unusually low allowed-to-charge ratio (z=-2.1 vs. population median)
1003100025,Vascular Surgery,CA,I,-0.1469222561045464,0,13.67,Low,0,0,unusually high multi-year service-volume trend (z=11.4 vs. population median); unusually high multi-year payment trend (z=5.8 vs. population median); unusually high total submitted charges (z=5.2 vs. population median)
1003022641,Family Practice,MI,I,-0.1469960739526452,0,13.65,Low,0,0,unusually high service-concentration deviation from specialty peers (z=8.1 vs. population median); unusually low year-over-year beneficiary count change (z=-5.0 vs. population median); unusually high service concentration (HHI) across billing codes (z=4.8 vs. population median)
1003083148,Neurosurgery,NC,I,-0.14704335023374226,0,13.64,Low,0,0,unusually high 5-year average payment per service (z=5.5 vs. population median); unusually low year-over-year payment-per-service change (z=-4.8 vs. population median); unusually high payment per service (z=3.6 vs. population median)
1003129917,Internal Medicine,KY,I,-0.14709579275771434,0,13.63,Low,0,0,unusually high year-over-year payment change (z=5.7 vs. population median); unusually high year-over-year beneficiary count change (z=4.4 vs. population median); unusually high year-over-year service volume change (z=4.1 vs. population median)
1003059239,Gastroenterology,MA,I,-0.1471217317108247,0,13.62,Low,0,0,unusually high total submitted charges (z=8.3 vs. population median); unusually high multi-year payment trend (z=8.0 vs. population median); unusually high multi-year service-volume trend (z=5.7 vs. population median)
1003115890,Emergency Medicine,TX,I,-0.14724012886458515,0,13.6,Low,0,0,unusually high submitted charge per service (z=6.1 vs. population median); unusually low 5-year average payment-to-charge ratio (z=-2.0 vs. population median); unusually low allowed-to-charge ratio (z=-1.8 vs. population median)
1003130592,Nurse Practitioner,FL,I,-0.14727890395759052,0,13.59,Low,0,0,unusually high multi-year service-volume trend (z=6.0 vs. population median); unusually high multi-year payment trend (z=5.4 vs. population median); unusually high total submitted charges (z=2.2 vs. population median)
1003015363,Optometry,ID,I,-0.14736338510641106,0,13.57,Low,0,0,unusually high allowed-to-charge ratio (z=4.6 vs. population median); unusually high payment-to-charge ratio (z=4.3 vs. population median); unusually high 5-year average payment-to-charge ratio (z=3.9 vs. population median)
1003029026,Ophthalmology,OH,I,-0.14738112328696956,0,13.56,Low,0,0,unusually high total submitted charges (z=6.7 vs. population median); unusually low standardized-amount-to-payment ratio (z=-4.4 vs. population median); unusually high services-per-beneficiary deviation from specialty peers (z=4.4 vs. population median)
1003055179,Interventional Cardiology,IL,I,-0.14747329079566462,0,13.54,Low,0,0,unusually high total beneficiaries served (z=11.1 vs. population median); unusually high total services billed (z=8.5 vs. population median); unusually high 5-year average total payment (z=7.2 vs. population median)
1003020520,Physical Therapist in Private Practice,WA,I,-0.14744943059822851,0,13.54,Low,0,0,unusually high services per beneficiary (z=20.7 vs. population median); unusually high 5-year average services per beneficiary (z=16.8 vs. population median); unusually high services per billing code (z=7.4 vs. population median)
1003137126,Family Practice,IN,I,-0.14749228298397288,0,13.53,Low,0,0,unusually high allowed-to-charge ratio (z=2.2 vs. population median); unusually high total beneficiaries served (z=1.9 vs. population median); unusually high payment-to-charge ratio (z=1.9 vs. population median)
1003158544,Dermatology,CA,I,-0.14763963259478802,0,13.5,Low,0,0,unusually high total services billed (z=4.9 vs. population median); unusually high 5-year average total services (z=4.9 vs. population median); unusually high total Medicare payment received (z=4.0 vs. population median)
1003137332,Family Practice,PA,I,-0.1477215762828918,0,13.48,Low,0,0,unusually high payment-to-charge ratio (z=1.8 vs. population median); unusually high payment-per-service deviation from specialty peers (z=1.7 vs. population median); unusually high 5-year average payment-to-charge ratio (z=1.5 vs. population median)
1003159484,Anesthesiology,CA,I,-0.14776576062035113,0,13.47,Low,0,0,unusually high submitted charge per service (z=5.6 vs. population median); unusually high total submitted charges (z=3.2 vs. population median); unusually high number of distinct billing codes (HCPCS) used (z=3.0 vs. population median)
1003158403,Anesthesiology,IL,I,-0.14777489491014,0,13.47,Low,0,0,unusually high submitted charge per service (z=11.7 vs. population median); unusually low 5-year average payment-to-charge ratio (z=-2.5 vs. population median); unusually low payment-to-charge ratio (z=-2.3 vs. population median)
1003083395,Anesthesiology,TX,I,-0.14784267066467704,0,13.45,Low,0,0,unusually high submitted charge per service (z=12.3 vs. population median); unusually high total submitted charges (z=3.8 vs. population median); unusually low 5-year average payment-to-charge ratio (z=-2.5 vs. population median)
1003093790,Nurse Practitioner,OH,I,-0.14786858798783736,0,13.44,Low,0,0,unusually high multi-year service-volume trend (z=5.8 vs. population median); unusually high number of distinct billing codes (HCPCS) used (z=3.5 vs. population median); unusually high total beneficiaries served (z=3.1 vs. population median)
1003074907,Internal Medicine,LA,I,-0.1478704441479482,0,13.44,Low,0,0,unusually high total beneficiaries served (z=5.1 vs. population median); unusually high 5-year average total payment (z=4.8 vs. population median); unusually high total Medicare payment received (z=4.8 vs. population median)
1003107772,Anesthesiology,IL,I,-0.14792055140752808,0,13.43,Low,0,0,unusually high submitted charge per service (z=14.4 vs. population median); unusually high payment per service (z=3.1 vs. population median); unusually low standardized-amount-to-payment ratio (z=-2.5 vs. population median)
1003009861,Cardiology,AZ,I,-0.14794254761763492,0,13.43,Low,0,0,unusually high 5-year average total payment (z=8.4 vs. population median); unusually high 5-year average total services (z=6.4 vs. population median); unusually high total Medicare payment received (z=6.3 vs. population median)
1003106378,Ophthalmology,WI,I,-0.1479810032281294,0,13.42,Low,0,0,unusually high multi-year payment trend (z=7.3 vs. population median); unusually high multi-year service-volume trend (z=7.3 vs. population median); unusually low year-over-year payment-per-service change (z=-5.6 vs. population median)
1003052945,Nephrology,FL,I,-0.14798514433254673,0,13.42,Low,0,0,unusually low year-over-year payment-per-service change (z=-3.8 vs. population median); unusually high services per beneficiary (z=3.2 vs. population median); unusually high multi-year service-volume trend (z=3.0 vs. population median)
1003134131,Neurology,TX,I,-0.148035638192347,0,13.4,Low,0,0,unusually high total Medicare payment received (z=3.9 vs. population median); unusually high 5-year average total payment (z=3.0 vs. population median); unusually high number of distinct billing codes (HCPCS) used (z=3.0 vs. population median)
1003127051,Interventional Radiology,MA,I,-0.1480368369431792,0,13.4,Low,0,0,unusually high total beneficiaries served (z=9.3 vs. population median); unusually high number of distinct billing codes (HCPCS) used (z=8.8 vs. population median); unusually high 5-year average total services (z=5.7 vs. population median)
1003088642,Internal Medicine,GA,I,-0.14811600057547913,0,13.38,Low,0,0,unusually high service-concentration deviation from specialty peers (z=5.1 vs. population median); unusually high 5-year average service concentration (HHI) (z=4.9 vs. population median); unusually high service concentration (HHI) across billing codes (z=4.8 vs. population median)
1003130675,Emergency Medicine,VA,I,-0.14812107789238776,0,13.38,Low,0,0,unusually high submitted charge per service (z=4.1 vs. population median); unusually high total submitted charges (z=3.8 vs. population median); unusually high services per billing code (z=2.0 vs. population median)
1003078007,Internal Medicine,KS,I,-0.1481693876920449,0,13.37,Low,0,0,unusually high standardized-amount-to-payment ratio (z=27.2 vs. population median); unusually low year-over-year payment-per-service change (z=-4.0 vs. population median); unusually low payment-per-service deviation from specialty peers (z=-3.0 vs. population median)
1003115387,Advanced Heart Failure and Transplant Cardiology,NJ,I,-0.14815599973384969,0,13.37,Low,0,0,unusually high 5-year average total payment (z=2.5 vs. population median); unusually high 5-year average total services (z=2.4 vs. population median); unusually low multi-year service-volume trend (z=-2.3 vs. population median)
1003129685,Endocrinology,PA,I,-0.14820317502959834,0,13.36,Low,0,0,unusually low standardized-amount-to-payment ratio (z=-2.3 vs. population median); unusually high total Medicare payment received (z=2.2 vs. population median); unusually high total beneficiaries served (z=2.0 vs. population median)
1003076159,Internal Medicine,CO,I,-0.14828076541819224,0,13.34,Low,0,0,unusually low year-over-year payment-per-service change (z=-6.7 vs. population median); unusually low year-over-year payment change (z=-4.0 vs. population median); unusually low multi-year payment trend (z=-2.8 vs. population median)
1003142985,Internal Medicine,CA,I,-0.1483034911416381,0,13.34,Low,0,0,unusually high service-concentration deviation from specialty peers (z=5.1 vs. population median); unusually high 5-year average service concentration (HHI) (z=4.9 vs. population median); unusually high service concentration (HHI) across billing codes (z=4.8 vs. population median)
1003037300,Gastroenterology,MA,I,-0.14834767559894918,0,13.33,Low,0,0,unusually high payment-to-charge-ratio deviation from specialty peers (z=6.3 vs. population median); unusually high total beneficiaries served (z=2.9 vs. population median); unusually low standardized-amount-to-payment ratio (z=-2.9 vs. population median)
1003043563,Licensed Clinical Social Worker,MD,I,-0.14833144033941992,0,13.33,Low,0,0,unusually high services per beneficiary (z=15.7 vs. population median); unusually high 5-year average services per beneficiary (z=13.2 vs. population median); unusually high 5-year average payment-to-charge ratio (z=1.7 vs. population median)
1003135989,Diagnostic Radiology,CA,I,-0.14832955750297128,0,13.33,Low,0,0,unusually high total beneficiaries served (z=14.7 vs. population median); unusually high total services billed (z=8.0 vs. population median); unusually high 5-year average total services (z=8.0 vs. population median)
1003132234,Neurology,CA,I,-0.1483351356792339,0,13.33,Low,0,0,unusually high year-over-year payment-per-service change (z=5.9 vs. population median); unusually high payment per service (z=3.3 vs. population median); unusually high 5-year average payment per service (z=2.6 vs. population median)
1003115718,Nurse Practitioner,MI,I,-0.14840495442419305,0,13.32,Low,0,0,unusually low year-over-year payment change (z=-5.6 vs. population median); unusually low year-over-year service volume change (z=-4.9 vs. population median); unusually low year-over-year beneficiary count change (z=-4.4 vs. population median)
1003066788,Occupational Therapist in Private Practice,CA,I,-0.14837303900575693,0,13.32,Low,0,0,unusually high services per beneficiary (z=21.2 vs. population median); unusually high 5-year average services per beneficiary (z=19.1 vs. population median); unusually high charge-per-service deviation from specialty peers (z=3.2 vs. population median)
1003076647,Emergency Medicine,LA,I,-0.14846948802378646,0,13.3,Low,0,0,unusually high total submitted charges (z=12.4 vs. population median); unusually high submitted charge per service (z=9.5 vs. population median); unusually high services per billing code (z=3.6 vs. population median)
1003063173,Thoracic Surgery,IL,I,-0.14855039124150615,0,13.28,Low,0,0,unusually high 5-year average payment per service (z=6.5 vs. population median); unusually high submitted charge per service (z=6.4 vs. population median); unusually high year-over-year payment-per-service change (z=5.3 vs. population median)
1003137415,Physical Therapist in Private Practice,NJ,I,-0.14866855915635102,0,13.25,Low,0,0,unusually high services per beneficiary (z=30.1 vs. population median); unusually high 5-year average services per beneficiary (z=27.4 vs. population median); unusually high services per billing code (z=5.0 vs. population median)
1003056441,Certified Registered Nurse Anesthetist (CRNA),VA,I,-0.1487052467102578,0,13.24,Low,0,0,unusually high year-over-year beneficiary count change (z=10.2 vs. population median); unusually high year-over-year service volume change (z=9.4 vs. population median); unusually high year-over-year payment change (z=8.9 vs. population median)
1003092776,Anesthesiology,GA,I,-0.14877182270446432,0,13.23,Low,0,0,unusually high year-over-year payment-per-service change (z=14.4 vs. population median); unusually high year-over-year payment change (z=8.7 vs. population median); unusually high multi-year payment trend (z=5.7 vs. population median)
1003083478,Certified Registered Nurse Anesthetist (CRNA),GA,I,-0.14878100460641464,0,13.22,Low,0,0,unusually high services-per-beneficiary deviation from specialty peers (z=54.8 vs. population median); unusually high submitted charge per service (z=5.1 vs. population median); unusually high 5-year average payment per service (z=3.4 vs. population median)
1003121674,Nurse Practitioner,TX,I,-0.14885588290239032,0,13.21,Low,0,0,unusually high standardized-amount-to-payment ratio (z=8.6 vs. population median); unusually high services-per-beneficiary deviation from specialty peers (z=7.5 vs. population median); unusually high services per beneficiary (z=5.8 vs. population median)
1003009309,Audiologist,GA,I,-0.1488579335999322,0,13.21,Low,0,0,unusually high multi-year payment trend (z=31.9 vs. population median); unusually high multi-year service-volume trend (z=29.4 vs. population median); unusually high services-per-beneficiary deviation from specialty peers (z=5.8 vs. population median)
1003086182,Interventional Cardiology,IL,I,-0.14894353437626923,0,13.19,Low,0,0,unusually high total submitted charges (z=6.7 vs. population median); unusually low payment-to-charge-ratio deviation from specialty peers (z=-4.4 vs. population median); unusually high total beneficiaries served (z=4.3 vs. population median)
1003028069,Physical Therapist in Private Practice,NC,I,-0.1491380889834547,0,13.14,Low,0,0,unusually high services per beneficiary (z=17.7 vs. population median); unusually high 5-year average services per beneficiary (z=15.8 vs. population median); unusually high services per billing code (z=11.9 vs. population median)
1003081241,Family Practice,OR,I,-0.14918259305485598,0,13.13,Low,0,0,unusually high number of distinct billing codes (HCPCS) used (z=4.0 vs. population median); unusually high multi-year payment trend (z=3.0 vs. population median); unusually high year-over-year payment-per-service change (z=2.6 vs. population median)
1003076696,Nurse Practitioner,VA,I,-0.14921143416158622,0,13.12,Low,0,0,unusually high 5-year average service concentration (HHI) (z=4.9 vs. population median); unusually high service concentration (HHI) across billing codes (z=4.8 vs. population median); unusually high multi-year service-volume trend (z=4.3 vs. population median)
1003143926,Certified Clinical Nurse Specialist,MN,I,-0.14921754996247194,0,13.12,Low,0,0,unusually high submitted charge per service (z=1.9 vs. population median); unusually high 5-year average service concentration (HHI) (z=1.5 vs. population median); unusually high service concentration (HHI) across billing codes (z=1.5 vs. population median)
1003041468,Advanced Heart Failure and Transplant Cardiology,WA,I,-0.14928874413460608,0,13.1,Low,0,0,unusually high number of distinct billing codes (HCPCS) used (z=3.5 vs. population median); unusually high total beneficiaries served (z=2.9 vs. population median); unusually low year-over-year payment-per-service change (z=-2.8 vs. population median)
1003043902,Otolaryngology,FL,I,-0.1493544225602193,0,13.09,Low,0,0,unusually high multi-year service-volume trend (z=8.6 vs. population median); unusually high multi-year payment trend (z=7.7 vs. population median); unusually high year-over-year service volume change (z=4.5 vs. population median)
1003033119,Orthopedic Surgery,RI,I,-0.1493988190965711,0,13.08,Low,0,0,unusually high total beneficiaries served (z=2.0 vs. population median); unusually high 5-year average total services (z=1.3 vs. population median); unusually high total services billed (z=1.2 vs. population median)
1003158502,Nurse Practitioner,NJ,I,-0.14950472522474895,0,13.05,Low,0,0,unusually high total Medicare payment received (z=5.4 vs. population median); unusually high 5-year average total payment (z=5.2 vs. population median); unusually high services per billing code (z=5.0 vs. population median)
1003076704,Physician Assistant,TX,I,-0.14955753530719224,0,13.04,Low,0,0,unusually high total services billed (z=7.9 vs. population median); unusually high 5-year average total services (z=7.9 vs. population median); unusually high total beneficiaries served (z=6.1 vs. population median)
1003103516,Endocrinology,MS,I,-0.1496288435055222,0,13.02,Low,0,0,unusually high multi-year service-volume trend (z=9.2 vs. population median); unusually high total beneficiaries served (z=6.4 vs. population median); unusually high total services billed (z=5.0 vs. population median)
1003122441,Pulmonary Disease,KY,I,-0.14965753152087108,0,13.01,Low,0,0,unusually high multi-year service-volume trend (z=18.2 vs. population median); unusually high multi-year payment trend (z=8.9 vs. population median); unusually high total Medicare payment received (z=5.6 vs. population median)
1003115155,Diagnostic Radiology,FL,I,-0.14965865705400927,0,13.01,Low,0,0,unusually high charge-per-service deviation from specialty peers (z=6.9 vs. population median); unusually high total submitted charges (z=4.8 vs. population median); unusually high submitted charge per service (z=3.1 vs. population median)
1003037037,Family Practice,WA,I,-0.14977673822711185,0,12.99,Low,0,0,unusually high service-concentration deviation from specialty peers (z=8.1 vs. population median); unusually high services-per-beneficiary deviation from specialty peers (z=5.1 vs. population median); unusually high service concentration (HHI) across billing codes (z=4.8 vs. population median)
1003121278,Physical Therapist in Private Practice,NJ,I,-0.1497545507314192,0,12.99,Low,0,0,unusually high 5-year average services per beneficiary (z=20.4 vs. population median); unusually high services per beneficiary (z=11.6 vs. population median); unusually high total services billed (z=10.5 vs. population median)
1003016270,Hospitalist,CT,I,-0.14986214447867352,0,12.96,Low,0,0,unusually high number of distinct billing codes (HCPCS) used (z=3.8 vs. population median); unusually low service-concentration deviation from specialty peers (z=-2.4 vs. population median); unusually low payment-per-service deviation from specialty peers (z=-2.1 vs. population median)
1003010299,Anesthesiology,FL,I,-0.14993990048274197,0,12.95,Low,0,0,unusually high submitted charge per service (z=11.6 vs. population median); unusually high 5-year average payment per service (z=4.7 vs. population median); unusually high multi-year service-volume trend (z=4.3 vs. population median)
1003104357,Pathology,WA,I,-0.14994332765193585,0,12.94,Low,0,0,unusually high year-over-year payment-per-service change (z=7.8 vs. population median); unusually low year-over-year service volume change (z=-3.3 vs. population median); unusually high payment-per-service deviation from specialty peers (z=3.2 vs. population median)
1003080052,Allergy/ Immunology,CA,I,-0.1499440456092731,0,12.94,Low,0,0,unusually high services per beneficiary (z=15.2 vs. population median); unusually high 5-year average services per beneficiary (z=9.9 vs. population median); unusually low standardized-amount-to-payment ratio (z=-5.5 vs. population median)
1003088113,Diagnostic Radiology,TN,I,-0.1500285219466172,0,12.92,Low,0,0,unusually high total beneficiaries served (z=11.5 vs. population median); unusually high 5-year average total services (z=6.6 vs. population median); unusually high number of distinct billing codes (HCPCS) used (z=6.2 vs. population median)
1003133224,Endocrinology,AR,I,-0.15004527328588946,0,12.92,Low,0,0,unusually high year-over-year beneficiary count change (z=13.8 vs. population median); unusually high year-over-year service volume change (z=12.9 vs. population median); unusually high multi-year service-volume trend (z=6.4 vs. population median)
1003085523,Optometry,ND,I,-0.150097988151136,0,12.91,Low,0,0,unusually high standardized-amount-to-payment ratio (z=6.7 vs. population median); unusually low year-over-year payment change (z=-5.1 vs. population median); unusually low year-over-year beneficiary count change (z=-5.0 vs. population median)
1003063140,Internal Medicine,CO,I,-0.15009831266107437,0,12.91,Low,0,0,unusually high standardized-amount-to-payment ratio (z=9.9 vs. population median); unusually low year-over-year payment-per-service change (z=-4.3 vs. population median); unusually high year-over-year service volume change (z=4.1 vs. population median)
1003007592,Physician Assistant,PA,I,-0.15015406560902955,0,12.89,Low,0,0,unusually low year-over-year payment-per-service change (z=-6.5 vs. population median); unusually low year-over-year payment change (z=-6.0 vs. population median); unusually low year-over-year beneficiary count change (z=-5.8 vs. population median)
1003070095,Anesthesiology,WI,I,-0.1501646033625425,0,12.89,Low,0,0,unusually high year-over-year payment change (z=10.3 vs. population median); unusually high submitted charge per service (z=8.0 vs. population median); unusually high year-over-year beneficiary count change (z=7.8 vs. population median)
1003062969,Physical Therapist in Private Practice,OR,I,-0.15017967433264967,0,12.89,Low,0,0,unusually high 5-year average services per beneficiary (z=18.3 vs. population median); unusually high services per beneficiary (z=18.3 vs. population median); unusually high services per billing code (z=14.7 vs. population median)
1003017369,Psychiatry,MO,I,-0.15017400880291343,0,12.89,Low,0,0,unusually high service concentration (HHI) across billing codes (z=4.8 vs. population median); unusually high allowed-to-charge ratio (z=3.1 vs. population median); unusually low year-over-year beneficiary count change (z=-3.0 vs. population median)
1003109554,Family Practice,FL,I,-0.15018070146132845,0,12.89,Low,0,0,unusually high multi-year service-volume trend (z=9.5 vs. population median); unusually high total services billed (z=2.6 vs. population median); unusually high number of distinct billing codes (HCPCS) used (z=2.5 vs. population median)
1003008525,Physical Therapist in Private Practice,MN,I,-0.15021617729849857,0,12.88,Low,0,0,unusually high services per beneficiary (z=10.6 vs. population median); unusually high 5-year average services per beneficiary (z=9.0 vs. population median); unusually high service-concentration deviation from specialty peers (z=5.2 vs. population median)
1003072943,Critical Care (Intensivists),OH,I,-0.15026832904496545,0,12.87,Low,0,0,unusually high 5-year average total payment (z=4.1 vs. population median); unusually high payment-to-charge-ratio deviation from specialty peers (z=4.1 vs. population median); unusually high number of distinct billing codes (HCPCS) used (z=3.8 vs. population median)
1003024746,Gynecological Oncology,AL,I,-0.1502466045933057,0,12.87,Low,0,0,unusually high year-over-year payment-per-service change (z=4.4 vs. population median); unusually high year-over-year payment change (z=2.5 vs. population median); unusually high standardized-amount-to-payment ratio (z=1.7 vs. population median)
1003094582,Interventional Cardiology,PA,I,-0.1502936012419171,0,12.86,Low,0,0,unusually high total beneficiaries served (z=10.7 vs. population median); unusually high total services billed (z=8.4 vs. population median); unusually high total Medicare payment received (z=6.9 vs. population median)
1003142555,Internal Medicine,FL,I,-0.15039831450962277,0,12.84,Low,0,0,unusually high number of distinct billing codes (HCPCS) used (z=3.2 vs. population median); unusually high total services billed (z=3.2 vs. population median); unusually high 5-year average total services (z=3.2 vs. population median)
1003020538,Physician Assistant,NJ,I,-0.15043353761933265,0,12.83,Low,0,0,unusually high year-over-year payment-per-service change (z=6.9 vs. population median); unusually low year-over-year beneficiary count change (z=-3.6 vs. population median); unusually low year-over-year service volume change (z=-3.1 vs. population median)
1003091414,Neurosurgery,FL,I,-0.15042524201420143,0,12.83,Low,0,0,unusually high services-per-beneficiary deviation from specialty peers (z=12.8 vs. population median); unusually high services per billing code (z=7.8 vs. population median); unusually high total Medicare payment received (z=5.1 vs. population median)
1003083205,Emergency Medicine,LA,I,-0.15047919203731291,0,12.82,Low,0,0,unusually high services-per-beneficiary deviation from specialty peers (z=22.7 vs. population median); unusually high payment-to-charge-ratio deviation from specialty peers (z=6.3 vs. population median); unusually high year-over-year payment-per-service change (z=3.2 vs. population median)
1003112954,Internal Medicine,NY,I,-0.15051018887191248,0,12.81,Low,0,0,unusually high charge-per-service deviation from specialty peers (z=6.6 vs. population median); unusually low standardized-amount-to-payment ratio (z=-4.5 vs. population median); unusually high submitted charge per service (z=3.8 vs. population median)
1003129651,Urology,LA,I,-0.15052249364973325,0,12.81,Low,0,0,unusually high payment-to-charge-ratio deviation from specialty peers (z=3.3 vs. population median); unusually low year-over-year payment-per-service change (z=-3.2 vs. population median); unusually high service-concentration deviation from specialty peers (z=3.1 vs. population median)
1003055302,Hematology-Oncology,WI,I,-0.15052497750894306,0,12.81,Low,0,0,unusually high total submitted charges (z=9.4 vs. population median); unusually high 5-year average total payment (z=8.1 vs. population median); unusually high total services billed (z=7.7 vs. population median)
1003146945,Nurse Practitioner,NY,I,-0.15056378150142596,0,12.8,Low,0,0,unusually high services-per-beneficiary deviation from specialty peers (z=15.6 vs. population median); unusually high services per beneficiary (z=12.2 vs. population median); unusually high 5-year average services per beneficiary (z=11.0 vs. population median)
1003098310,Critical Care (Intensivists),TX,I,-0.1505271635799612,0,12.8,Low,0,0,unusually high submitted charge per service (z=10.1 vs. population median); unusually high total submitted charges (z=5.3 vs. population median); unusually high charge-per-service deviation from specialty peers (z=3.9 vs. population median)
1003027905,Neurosurgery,GA,I,-0.15057162056112533,0,12.79,Low,0,0,unusually high 5-year average payment per service (z=5.4 vs. population median); unusually high submitted charge per service (z=5.3 vs. population median); unusually high total submitted charges (z=5.3 vs. population median)
1003142316,Nurse Practitioner,MA,I,-0.15064761302946245,0,12.78,Low,0,0,unusually high standardized-amount-to-payment ratio (z=3.1 vs. population median); unusually high number of distinct billing codes (HCPCS) used (z=2.5 vs. population median); unusually low service-concentration deviation from specialty peers (z=-1.8 vs. population median)
1003109539,Certified Registered Nurse Anesthetist (CRNA),NC,I,-0.1506468194573236,0,12.78,Low,0,0,unusually high submitted charge per service (z=12.0 vs. population median); unusually high services-per-beneficiary deviation from specialty peers (z=6.1 vs. population median); unusually high charge-per-service deviation from specialty peers (z=2.9 vs. population median)
1003064429,Physical Therapist in Private Practice,SD,I,-0.15067698024509607,0,12.77,Low,0,0,unusually high services per beneficiary (z=54.2 vs. population median); unusually high 5-year average services per beneficiary (z=30.2 vs. population median); unusually high services per billing code (z=4.8 vs. population median)
1003156738,Physical Therapist in Private Practice,NC,I,-0.1507355892793339,0,12.75,Low,0,0,unusually high services per beneficiary (z=21.5 vs. population median); unusually high 5-year average services per beneficiary (z=19.5 vs. population median); unusually high services per billing code (z=3.3 vs. population median)
1003131590,Internal Medicine,TN,I,-0.15079462219913575,0,12.74,Low,0,0,unusually low multi-year service-volume trend (z=-2.3 vs. population median); unusually low multi-year payment trend (z=-2.2 vs. population median); unusually high payment-to-charge ratio (z=1.6 vs. population median)
1003111642,Diagnostic Radiology,CA,I,-0.15092271048213207,0,12.71,Low,0,0,unusually high year-over-year payment-per-service change (z=12.7 vs. population median); unusually low year-over-year beneficiary count change (z=-5.3 vs. population median); unusually low year-over-year service volume change (z=-4.6 vs. population median)
1003110016,Nurse Practitioner,TN,I,-0.1509211966319367,0,12.71,Low,0,0,unusually high year-over-year payment change (z=13.6 vs. population median); unusually high year-over-year payment-per-service change (z=7.9 vs. population median); unusually high year-over-year beneficiary count change (z=7.2 vs. population median)
1003037615,Internal Medicine,KS,I,-0.15095304746039545,0,12.7,Low,0,0,unusually high standardized-amount-to-payment ratio (z=24.6 vs. population median); unusually high multi-year service-volume trend (z=4.4 vs. population median); unusually low year-over-year payment-per-service change (z=-4.3 vs. population median)
1003015066,Emergency Medicine,OH,I,-0.15100091590589743,0,12.69,Low,0,0,unusually high submitted charge per service (z=11.1 vs. population median); unusually high total submitted charges (z=5.5 vs. population median); unusually high charge-per-service deviation from specialty peers (z=2.8 vs. population median)
1003063728,Anesthesiology Assistant,OH,I,-0.15107920280266152,0,12.67,Low,0,0,unusually high submitted charge per service (z=4.9 vs. population median); unusually high multi-year service-volume trend (z=4.6 vs. population median); unusually high multi-year payment trend (z=4.1 vs. population median)
1003000597,Urology,OK,I,-0.15108878512992868,0,12.67,Low,0,0,unusually high total beneficiaries served (z=7.1 vs. population median); unusually high 5-year average total payment (z=5.9 vs. population median); unusually high total submitted charges (z=5.5 vs. population median)
1003059437,Internal Medicine,DC,I,-0.15113815337780873,0,12.66,Low,0,0,unusually high multi-year payment trend (z=5.9 vs. population median); unusually high multi-year service-volume trend (z=4.4 vs. population median); unusually low standardized-amount-to-payment ratio (z=-3.4 vs. population median)
1003105255,Internal Medicine,HI,I,-0.15122828917232856,0,12.64,Low,0,0,unusually high multi-year payment trend (z=30.1 vs. population median); unusually high multi-year service-volume trend (z=27.6 vs. population median); unusually high year-over-year beneficiary count change (z=3.9 vs. population median)
1003059338,Physician Assistant,MD,I,-0.1513092172803014,0,12.62,Low,0,0,unusually high year-over-year payment-per-service change (z=7.5 vs. population median); unusually high charge-per-service deviation from specialty peers (z=6.7 vs. population median); unusually high submitted charge per service (z=6.0 vs. population median)
1003072406,"Psychologist, Clinical",VA,I,-0.15139305345606952,0,12.6,Low,0,0,unusually high multi-year service-volume trend (z=6.4 vs. population median); unusually high multi-year payment trend (z=4.8 vs. population median); unusually high services per beneficiary (z=3.3 vs. population median)
1003127135,Critical Care (Intensivists),PA,I,-0.15144689777622533,0,12.58,Low,0,0,unusually high total submitted charges (z=5.1 vs. population median); unusually high submitted charge per service (z=4.8 vs. population median); unusually low year-over-year payment-per-service change (z=-4.1 vs. population median)
1003124348,Emergency Medicine,ME,I,-0.1515107388098949,0,12.57,Low,0,0,unusually high services-per-beneficiary deviation from specialty peers (z=35.5 vs. population median); unusually high payment-to-charge-ratio deviation from specialty peers (z=3.5 vs. population median); unusually low payment-per-service deviation from specialty peers (z=-2.9 vs. population median)
1003104118,Internal Medicine,CA,I,-0.15155580820943104,0,12.56,Low,0,0,unusually high year-over-year payment change (z=6.0 vs. population median); unusually high year-over-year beneficiary count change (z=4.5 vs. population median); unusually high total submitted charges (z=4.4 vs. population median)
1003101957,Internal Medicine,OH,I,-0.15154604471384653,0,12.56,Low,0,0,unusually high standardized-amount-to-payment ratio (z=21.9 vs. population median); unusually low payment-per-service deviation from specialty peers (z=-3.0 vs. population median); unusually low year-over-year payment-per-service change (z=-2.3 vs. population median)
1003148768,Certified Registered Nurse Anesthetist (CRNA),FL,I,-0.1516378808615501,0,12.54,Low,0,0,unusually high services-per-beneficiary deviation from specialty peers (z=11.0 vs. population median); unusually high submitted charge per service (z=10.9 vs. population median); unusually high charge-per-service deviation from specialty peers (z=2.4 vs. population median)
1003078726,Ophthalmology,OH,I,-0.15166707042378813,0,12.53,Low,0,0,unusually high total submitted charges (z=12.9 vs. population median); unusually high total Medicare payment received (z=8.9 vs. population median); unusually high 5-year average total payment (z=8.4 vs. population median)
1003055161,"Psychologist, Clinical",FL,I,-0.15168042278097676,0,12.53,Low,0,0,unusually high services per billing code (z=9.8 vs. population median); unusually high total Medicare payment received (z=5.0 vs. population median); unusually high 5-year average total payment (z=4.8 vs. population median)
1003158494,Obstetrics & Gynecology,OH,I,-0.15176951907369834,0,12.51,Low,0,0,unusually high 5-year average service concentration (HHI) (z=4.9 vs. population median); unusually high service concentration (HHI) across billing codes (z=4.8 vs. population median); unusually high standardized-amount-to-payment ratio (z=4.4 vs. population median)
1003156126,Physical Therapist in Private Practice,CA,I,-0.15179643640064833,0,12.5,Low,0,0,unusually high services per beneficiary (z=17.4 vs. population median); unusually high 5-year average services per beneficiary (z=15.8 vs. population median); unusually high services per billing code (z=6.7 vs. population median)
1003052135,Emergency Medicine,CT,I,-0.15181309376070817,0,12.5,Low,0,0,unusually high submitted charge per service (z=13.8 vs. population median); unusually high total submitted charges (z=5.6 vs. population median); unusually high charge-per-service deviation from specialty peers (z=4.0 vs. population median)
1003131616,Critical Care (Intensivists),TX,I,-0.1519262670160364,0,12.47,Low,0,0,unusually low year-over-year payment change (z=-2.8 vs. population median); unusually low year-over-year beneficiary count change (z=-2.5 vs. population median); unusually low year-over-year service volume change (z=-2.5 vs. population median)
1003143256,Family Practice,MN,I,-0.1519696807410127,0,12.46,Low,0,0,unusually high services per billing code (z=4.4 vs. population median); unusually high total beneficiaries served (z=3.5 vs. population median); unusually high total services billed (z=3.0 vs. population median)
1003043621,Obstetrics & Gynecology,RI,I,-0.1519546414318974,0,12.46,Low,0,0,unusually high year-over-year beneficiary count change (z=14.3 vs. population median); unusually high year-over-year payment change (z=13.1 vs. population median); unusually high year-over-year service volume change (z=12.5 vs. population median)
1003015140,Nurse Practitioner,MN,I,-0.15195049155233215,0,12.46,Low,0,0,unusually low year-over-year payment-per-service change (z=-7.5 vs. population median); unusually low year-over-year payment change (z=-6.1 vs. population median); unusually low year-over-year beneficiary count change (z=-6.0 vs. population median)
1003159856,Family Practice,TX,I,-0.15198328157089486,0,12.45,Low,0,0,unusually high total Medicare payment received (z=5.7 vs. population median); unusually high 5-year average total payment (z=5.4 vs. population median); unusually high services-per-beneficiary deviation from specialty peers (z=5.1 vs. population median)
1003099953,Hospitalist,IL,I,-0.15202975681245234,0,12.44,Low,0,0,unusually high service concentration (HHI) across billing codes (z=4.8 vs. population median); unusually high service-concentration deviation from specialty peers (z=4.5 vs. population median); unusually high 5-year average service concentration (HHI) (z=3.7 vs. population median)
1003087248,Emergency Medicine,KY,I,-0.15214056727756936,0,12.42,Low,0,0,unusually high total submitted charges (z=11.8 vs. population median); unusually high submitted charge per service (z=10.1 vs. population median); unusually high total Medicare payment received (z=3.4 vs. population median)
1003088436,Registered Dietitian or Nutrition Professional,WI,I,-0.15211248079054496,0,12.42,Low,0,0,unusually high service-concentration deviation from specialty peers (z=5.8 vs. population median); unusually high service concentration (HHI) across billing codes (z=4.8 vs. population median); unusually high 5-year average service concentration (HHI) (z=3.9 vs. population median)
1003045410,Nurse Practitioner,MS,I,-0.15214539445111808,0,12.42,Low,0,0,unusually high multi-year service-volume trend (z=8.6 vs. population median); unusually high year-over-year payment-per-service change (z=5.5 vs. population median); unusually high multi-year payment trend (z=5.2 vs. population median)
1003098989,Hospitalist,WI,I,-0.15216584319463267,0,12.41,Low,0,0,unusually high charge-per-service deviation from specialty peers (z=5.9 vs. population median); unusually high submitted charge per service (z=5.7 vs. population median); unusually high service concentration (HHI) across billing codes (z=3.1 vs. population median)
1003132663,Pathology,TX,I,-0.15220353304998813,0,12.4,Low,0,0,unusually high 5-year average total services (z=3.8 vs. population median); unusually high total services billed (z=3.5 vs. population median); unusually high total submitted charges (z=3.3 vs. population median)
1003116674,Internal Medicine,CA,I,-0.15226189431663778,0,12.39,Low,0,0,unusually high total beneficiaries served (z=6.9 vs. population median); unusually high total Medicare payment received (z=6.3 vs. population median); unusually high 5-year average total payment (z=5.4 vs. population median)
1003121237,Anesthesiology,TX,I,-0.15230782688087513,0,12.38,Low,0,0,unusually high year-over-year payment change (z=10.6 vs. population median); unusually high year-over-year service volume change (z=7.0 vs. population median); unusually high year-over-year beneficiary count change (z=6.9 vs. population median)
1003130972,Ophthalmology,NY,I,-0.15258138407281113,0,12.31,Low,0,0,unusually high service-concentration deviation from specialty peers (z=3.5 vs. population median); unusually low standardized-amount-to-payment ratio (z=-2.9 vs. population median); unusually low payment-per-service deviation from specialty peers (z=-1.8 vs. population median)
1003048083,Registered Dietitian or Nutrition Professional,PA,I,-0.15259635295660617,0,12.31,Low,0,0,unusually high service-concentration deviation from specialty peers (z=5.8 vs. population median); unusually high service concentration (HHI) across billing codes (z=4.8 vs. population median); unusually high 5-year average service concentration (HHI) (z=4.2 vs. population median)
1003005430,"Psychologist, Clinical",IL,I,-0.15264111897991445,0,12.3,Low,0,0,unusually high 5-year average services per beneficiary (z=15.2 vs. population median); unusually high services per beneficiary (z=13.8 vs. population median); unusually high 5-year average service concentration (HHI) (z=3.5 vs. population median)
1003107855,Family Practice,OK,I,-0.15265047004379612,0,12.29,Low,0,0,unusually low year-over-year beneficiary count change (z=-4.5 vs. population median); unusually low year-over-year payment change (z=-4.3 vs. population median); unusually low year-over-year service volume change (z=-3.9 vs. population median)
1003131657,Ophthalmology,IL,I,-0.15272071262121933,0,12.28,Low,0,0,unusually low multi-year payment trend (z=-2.9 vs. population median); unusually low year-over-year beneficiary count change (z=-2.9 vs. population median); unusually low multi-year service-volume trend (z=-2.8 vs. population median)
1003109752,Family Practice,CA,I,-0.15276425524706339,0,12.27,Low,0,0,unusually high payment-to-charge-ratio deviation from specialty peers (z=4.4 vs. population median); unusually high allowed-to-charge ratio (z=4.1 vs. population median); unusually high payment-to-charge ratio (z=4.0 vs. population median)
1003028101,Podiatry,NY,I,-0.15275861590989176,0,12.27,Low,0,0,unusually high services per beneficiary (z=5.8 vs. population median); unusually high 5-year average services per beneficiary (z=4.4 vs. population median); unusually high 5-year average payment-to-charge ratio (z=4.3 vs. population median)
1003127291,Emergency Medicine,PA,I,-0.1527385787116613,0,12.27,Low,0,0,unusually high submitted charge per service (z=10.7 vs. population median); unusually high total submitted charges (z=7.7 vs. population median); unusually high 5-year average payment per service (z=2.6 vs. population median)
1003059445,Family Practice,GA,I,-0.15289313276690975,0,12.24,Low,0,0,unusually high service-concentration deviation from specialty peers (z=8.1 vs. population median); unusually high service concentration (HHI) across billing codes (z=4.8 vs. population median); unusually high 5-year average service concentration (HHI) (z=3.4 vs. population median)
1003077058,Emergency Medicine,FL,I,-0.15289047319245197,0,12.24,Low,0,0,unusually high submitted charge per service (z=8.1 vs. population median); unusually high year-over-year payment-per-service change (z=5.3 vs. population median); unusually high service-concentration deviation from specialty peers (z=3.6 vs. population median)
1003159435,Physical Therapist in Private Practice,CO,I,-0.1528888302122074,0,12.24,Low,0,0,unusually high charge-per-service deviation from specialty peers (z=6.1 vs. population median); unusually high payment-per-service deviation from specialty peers (z=5.1 vs. population median); unusually low services-per-beneficiary deviation from specialty peers (z=-2.2 vs. population median)
1003003609,Nephrology,TX,I,-0.15295831948403799,0,12.22,Low,0,0,unusually high 5-year average total payment (z=7.1 vs. population median); unusually high total Medicare payment received (z=6.0 vs. population median); unusually high total services billed (z=4.3 vs. population median)
1003111519,Endocrinology,CA,I,-0.15298264644621157,0,12.21,Low,0,0,unusually high multi-year service-volume trend (z=14.4 vs. population median); unusually high multi-year payment trend (z=12.5 vs. population median); unusually high total submitted charges (z=4.5 vs. population median)
1003083759,Family Practice,FL,I,-0.1530367452493731,0,12.2,Low,0,0,unusually high charge-per-service deviation from specialty peers (z=7.5 vs. population median); unusually high service-concentration deviation from specialty peers (z=5.1 vs. population median); unusually high submitted charge per service (z=3.9 vs. population median)
1003118654,Certified Registered Nurse Anesthetist (CRNA),TX,I,-0.15303829744857173,0,12.2,Low,0,0,unusually high services-per-beneficiary deviation from specialty peers (z=17.6 vs. population median); unusually high submitted charge per service (z=6.4 vs. population median); unusually high year-over-year beneficiary count change (z=4.9 vs. population median)
1003143934,"Psychologist, Clinical",NY,I,-0.15311418737227755,0,12.18,Low,0,0,unusually high services per beneficiary (z=5.0 vs. population median); unusually high 5-year average services per beneficiary (z=4.4 vs. population median); unusually high allowed-to-charge ratio (z=3.8 vs. population median)
1003042342,Pulmonary Disease,CA,I,-0.15313587564303105,0,12.18,Low,0,0,unusually high total Medicare payment received (z=13.1 vs. population median); unusually high 5-year average total payment (z=10.4 vs. population median); unusually high total submitted charges (z=10.1 vs. population median)
1003112145,Clinical Laboratory,AL,O,-0.15311115154416838,0,12.18,Low,0,0,unusually low 5-year average payment per service (z=-2.5 vs. population median); unusually low payment per service (z=-2.3 vs. population median); unusually high total beneficiaries served (z=2.0 vs. population median)
1003124280,Gastroenterology,IL,I,-0.15321134411884757,0,12.16,Low,0,0,unusually high submitted charge per service (z=10.5 vs. population median); unusually high total submitted charges (z=6.6 vs. population median); unusually high charge-per-service deviation from specialty peers (z=5.7 vs. population median)
1003150715,Gastroenterology,FL,I,-0.15330022184471143,0,12.14,Low,0,0,unusually high total submitted charges (z=5.1 vs. population median); unusually high total Medicare payment received (z=3.7 vs. population median); unusually high 5-year average total payment (z=3.5 vs. population median)
1003132978,Diagnostic Radiology,OK,I,-0.15333732798291616,0,12.13,Low,0,0,unusually high payment-per-service deviation from specialty peers (z=5.1 vs. population median); unusually high number of distinct billing codes (HCPCS) used (z=4.0 vs. population median); unusually low year-over-year beneficiary count change (z=-2.2 vs. population median)
1003036765,Physical Therapist in Private Practice,CA,I,-0.15341662185942712,0,12.11,Low,0,0,unusually high 5-year average services per beneficiary (z=19.9 vs. population median); unusually high services per beneficiary (z=17.9 vs. population median); unusually high total services billed (z=3.7 vs. population median)
1003050972,Pulmonary Disease,TN,I,-0.15340908250498358,0,12.11,Low,0,0,unusually high charge-per-service deviation from specialty peers (z=6.7 vs. population median); unusually high submitted charge per service (z=5.3 vs. population median); unusually low payment-to-charge-ratio deviation from specialty peers (z=-3.4 vs. population median)
1003027582,Radiation Oncology,ND,I,-0.15347279714353745,0,12.1,Low,0,0,unusually high services per beneficiary (z=6.7 vs. population median); unusually high total submitted charges (z=6.2 vs. population median); unusually high 5-year average services per beneficiary (z=4.8 vs. population median)
1003100645,Family Practice,CA,I,-0.153475975798314,0,12.1,Low,0,0,unusually high year-over-year payment change (z=4.1 vs. population median); unusually high year-over-year beneficiary count change (z=3.5 vs. population median); unusually high year-over-year service volume change (z=3.2 vs. population median)
1003155847,Hospice and Palliative Care,CO,I,-0.1534649164904729,0,12.1,Low,0,0,unusually high services-per-beneficiary deviation from specialty peers (z=7.9 vs. population median); unusually low payment-per-service deviation from specialty peers (z=-3.4 vs. population median); unusually low payment-to-charge-ratio deviation from specialty peers (z=-2.6 vs. population median)
1003010406,Geriatric Medicine,NY,I,-0.15345406904923353,0,12.1,Low,0,0,unusually low year-over-year payment-per-service change (z=-3.4 vs. population median); unusually high year-over-year beneficiary count change (z=3.3 vs. population median); unusually high year-over-year service volume change (z=3.3 vs. population median)
1003007170,Cardiology,IL,I,-0.15349263778275035,0,12.09,Low,0,0,unusually high total beneficiaries served (z=6.1 vs. population median); unusually high number of distinct billing codes (HCPCS) used (z=5.0 vs. population median); unusually high total Medicare payment received (z=4.4 vs. population median)
1003127101,Psychiatry,DE,I,-0.1535380614394909,0,12.08,Low,0,0,unusually high 5-year average services per beneficiary (z=14.6 vs. population median); unusually high services per beneficiary (z=13.4 vs. population median); unusually high year-over-year beneficiary count change (z=11.0 vs. population median)
1003135781,Nurse Practitioner,PA,I,-0.15380693565540648,0,12.02,Low,0,0,unusually high 5-year average service concentration (HHI) (z=4.9 vs. population median); unusually high service concentration (HHI) across billing codes (z=4.8 vs. population median); unusually high service-concentration deviation from specialty peers (z=4.0 vs. population median)
1003129123,Optometry,PA,I,-0.1537804964784114,0,12.02,Low,0,0,unusually high allowed-to-charge ratio (z=2.8 vs. population median); unusually low multi-year service-volume trend (z=-2.3 vs. population median); unusually high payment-to-charge ratio (z=2.2 vs. population median)
1003121104,"Psychologist, Clinical",IN,I,-0.15384092015968648,0,12.01,Low,0,0,unusually high multi-year service-volume trend (z=20.5 vs. population median); unusually high multi-year payment trend (z=15.5 vs. population median); unusually high services per beneficiary (z=7.3 vs. population median)
1003096959,Physician Assistant,WY,I,-0.15381423891497115,0,12.01,Low,0,0,unusually high charge-per-service deviation from specialty peers (z=9.3 vs. population median); unusually high submitted charge per service (z=8.3 vs. population median); unusually low payment-to-charge-ratio deviation from specialty peers (z=-2.8 vs. population median)
1003149162,Nurse Practitioner,CA,I,-0.15388594468000744,0,12.0,Low,0,0,unusually high 5-year average service concentration (HHI) (z=4.9 vs. population median); unusually high service concentration (HHI) across billing codes (z=4.8 vs. population median); unusually high service-concentration deviation from specialty peers (z=4.0 vs. population median)
1003073776,Internal Medicine,RI,I,-0.15386376126952672,0,12.0,Low,0,0,unusually high payment-per-service deviation from specialty peers (z=5.5 vs. population median); unusually high 5-year average payment per service (z=3.9 vs. population median); unusually high payment per service (z=3.6 vs. population median)
1003075060,Physical Medicine and Rehabilitation,IL,I,-0.15390188287136458,0,11.99,Low,0,0,unusually high 5-year average total payment (z=11.6 vs. population median); unusually high 5-year average total services (z=8.2 vs. population median); unusually high total Medicare payment received (z=7.5 vs. population median)
1003079757,Dermatology,PR,I,-0.15389974528614142,0,11.99,Low,0,0,unusually high allowed-to-charge ratio (z=4.8 vs. population median); unusually high payment-to-charge ratio (z=3.5 vs. population median); unusually high 5-year average payment-to-charge ratio (z=3.4 vs. population median)
1003158767,Cardiology,FL,I,-0.15390054980660078,0,11.99,Low,0,0,unusually high total beneficiaries served (z=5.3 vs. population median); unusually high total Medicare payment received (z=3.8 vs. population median); unusually high 5-year average total payment (z=3.6 vs. population median)
1003014077,Podiatry,OK,I,-0.15394635723499972,0,11.98,Low,0,0,unusually high multi-year payment trend (z=10.0 vs. population median); unusually high year-over-year service volume change (z=8.3 vs. population median); unusually high multi-year service-volume trend (z=8.2 vs. population median)
1003141029,Podiatry,MA,I,-0.15395589549072441,0,11.98,Low,0,0,unusually high allowed-to-charge ratio (z=2.5 vs. population median); unusually high service-concentration deviation from specialty peers (z=2.3 vs. population median); unusually low payment-per-service deviation from specialty peers (z=-2.2 vs. population median)
1003118068,Hospitalist,NY,I,-0.15399236923625104,0,11.97,Low,0,0,unusually high year-over-year service volume change (z=2.6 vs. population median); unusually high year-over-year beneficiary count change (z=2.6 vs. population median); unusually high payment per service (z=1.9 vs. population median)
1003160888,Physician Assistant,CA,I,-0.1539857018961367,0,11.97,Low,0,0,unusually low standardized-amount-to-payment ratio (z=-10.8 vs. population median); unusually high charge-per-service deviation from specialty peers (z=3.9 vs. population median); unusually high submitted charge per service (z=3.6 vs. population median)
1003077355,Surgical Oncology,TX,I,-0.15400430762656264,0,11.97,Low,0,0,unusually high submitted charge per service (z=5.5 vs. population median); unusually high payment per service (z=4.5 vs. population median); unusually high 5-year average payment per service (z=4.2 vs. population median)
1003159419,Thoracic Surgery,PA,I,-0.15403348712887294,0,11.96,Low,0,0,unusually low charge-per-service deviation from specialty peers (z=-3.5 vs. population median); unusually high number of distinct billing codes (HCPCS) used (z=3.0 vs. population median); unusually low 5-year average service concentration (HHI) (z=-1.8 vs. population median)
1003158122,Nurse Practitioner,MA,I,-0.15406458255937705,0,11.95,Low,0,0,unusually high 5-year average service concentration (HHI) (z=4.9 vs. population median); unusually high service concentration (HHI) across billing codes (z=4.8 vs. population median); unusually high service-concentration deviation from specialty peers (z=4.0 vs. population median)
1003000530,Internal Medicine,PA,I,-0.15409618233249528,0,11.95,Low,0,0,unusually high total beneficiaries served (z=4.1 vs. population median); unusually high total Medicare payment received (z=4.1 vs. population median); unusually high 5-year average total payment (z=3.6 vs. population median)
1003113242,Physical Therapist in Private Practice,IN,I,-0.1540665966249532,0,11.95,Low,0,0,unusually high services per beneficiary (z=17.1 vs. population median); unusually high 5-year average services per beneficiary (z=15.5 vs. population median); unusually high services per billing code (z=6.5 vs. population median)
1003035122,Family Practice,IL,I,-0.15413750231290074,0,11.94,Low,0,0,unusually high year-over-year service volume change (z=3.5 vs. population median); unusually high multi-year service-volume trend (z=3.5 vs. population median); unusually high services-per-beneficiary deviation from specialty peers (z=3.3 vs. population median)
1003135245,Psychiatry,OH,I,-0.1541197185788148,0,11.94,Low,0,0,unusually low year-over-year payment change (z=-4.9 vs. population median); unusually high service concentration (HHI) across billing codes (z=4.8 vs. population median); unusually low year-over-year service volume change (z=-4.4 vs. population median)
1003062258,Vascular Surgery,KY,I,-0.15414814910278885,0,11.93,Low,1,0,unusually low year-over-year payment-per-service change (z=-8.3 vs. population median); unusually high services-per-beneficiary deviation from specialty peers (z=5.3 vs. population median); unusually high 5-year average total payment (z=4.4 vs. population median)
1003020777,Physical Therapist in Private Practice,IL,I,-0.15421327046947098,0,11.92,Low,0,0,unusually high 5-year average services per beneficiary (z=36.8 vs. population median); unusually high services per beneficiary (z=22.0 vs. population median); unusually high services per billing code (z=5.6 vs. population median)
1003034760,Surgical Oncology,FL,I,-0.15437602077803614,0,11.88,Low,0,0,unusually high 5-year average payment per service (z=5.0 vs. population median); unusually low standardized-amount-to-payment ratio (z=-4.8 vs. population median); unusually low year-over-year payment-per-service change (z=-4.1 vs. population median)
1003092198,"Psychologist, Clinical",IN,I,-0.15445161953259728,0,11.86,Low,0,0,unusually high 5-year average payment-to-charge ratio (z=3.3 vs. population median); unusually high payment-to-charge ratio (z=3.1 vs. population median); unusually high allowed-to-charge ratio (z=3.0 vs. population median)
1003147786,Certified Registered Nurse Anesthetist (CRNA),TX,I,-0.1545413813906259,0,11.84,Low,0,0,unusually high submitted charge per service (z=5.4 vs. population median); unusually low 5-year average payment-to-charge ratio (z=-2.5 vs. population median); unusually low payment-to-charge ratio (z=-2.3 vs. population median)
1003019621,Pulmonary Disease,OR,I,-0.15459220108883343,0,11.83,Low,0,0,unusually low year-over-year payment change (z=-4.5 vs. population median); unusually high service-concentration deviation from specialty peers (z=4.4 vs. population median); unusually low year-over-year beneficiary count change (z=-4.2 vs. population median)
1003160516,Emergency Medicine,FL,I,-0.1545731209013007,0,11.83,Low,0,0,unusually high submitted charge per service (z=6.3 vs. population median); unusually high 5-year average payment per service (z=3.6 vs. population median); unusually high payment per service (z=3.4 vs. population median)
1003042961,Nurse Practitioner,AZ,I,-0.15473098705792754,0,11.79,Low,0,0,unusually high charge-per-service deviation from specialty peers (z=7.1 vs. population median); unusually low standardized-amount-to-payment ratio (z=-5.1 vs. population median); unusually high submitted charge per service (z=4.4 vs. population median)
1003064791,Anesthesiology,FL,I,-0.15480661798230633,0,11.78,Low,0,0,unusually high multi-year payment trend (z=12.5 vs. population median); unusually high multi-year service-volume trend (z=10.2 vs. population median); unusually high submitted charge per service (z=6.4 vs. population median)
1003140179,Certified Registered Nurse Anesthetist (CRNA),TN,I,-0.1548256341630027,0,11.77,Low,0,0,unusually high services-per-beneficiary deviation from specialty peers (z=25.4 vs. population median); unusually high submitted charge per service (z=4.4 vs. population median); unusually high total submitted charges (z=2.0 vs. population median)
1003132549,Urology,IL,I,-0.1549221081268627,0,11.75,Low,0,0,unusually high total submitted charges (z=5.7 vs. population median); unusually high number of distinct billing codes (HCPCS) used (z=5.0 vs. population median); unusually high total beneficiaries served (z=4.7 vs. population median)
1003055617,Nurse Practitioner,MS,I,-0.1549484151616844,0,11.74,Low,0,0,unusually high year-over-year payment-per-service change (z=10.9 vs. population median); unusually high multi-year payment trend (z=6.9 vs. population median); unusually high payment-per-service deviation from specialty peers (z=3.9 vs. population median)
1003056516,Ophthalmology,CA,I,-0.155006667386983,0,11.73,Low,0,0,unusually high total Medicare payment received (z=7.7 vs. population median); unusually high total beneficiaries served (z=6.6 vs. population median); unusually high 5-year average total payment (z=5.7 vs. population median)
1003034034,Ophthalmology,NJ,I,-0.1550918642030512,0,11.71,Low,0,0,unusually high total submitted charges (z=10.9 vs. population median); unusually high total Medicare payment received (z=10.6 vs. population median); unusually high 5-year average total payment (z=9.0 vs. population median)
1003075920,Pathology,NY,I,-0.15507467983612439,0,11.71,Low,0,0,unusually high multi-year payment trend (z=4.6 vs. population median); unusually high multi-year service-volume trend (z=4.2 vs. population median); unusually high total services billed (z=3.8 vs. population median)
1003110677,Mammography Center,NC,O,-0.15508548328769844,0,11.71,Low,0,0,unusually high submitted charge per service (z=2.6 vs. population median); unusually high services per billing code (z=2.0 vs. population median); unusually low allowed-to-charge ratio (z=-1.6 vs. population median)
1003043340,Dermatology,CA,I,-0.1551712619631837,0,11.69,Low,0,0,unusually high total services billed (z=8.6 vs. population median); unusually high total beneficiaries served (z=7.8 vs. population median); unusually high total Medicare payment received (z=7.4 vs. population median)
1003015728,Anesthesiology,GA,I,-0.15514230429575143,0,11.69,Low,0,0,unusually high submitted charge per service (z=10.0 vs. population median); unusually high total submitted charges (z=2.5 vs. population median); unusually low 5-year average payment-to-charge ratio (z=-2.4 vs. population median)
1003011636,Optometry,MD,I,-0.15534900363194193,0,11.64,Low,0,0,unusually low year-over-year payment-per-service change (z=-3.9 vs. population median); unusually low year-over-year payment change (z=-3.3 vs. population median); unusually high allowed-to-charge ratio (z=3.2 vs. population median)
1003009580,Nurse Practitioner,TX,I,-0.1553569261226722,0,11.64,Low,1,0,unusually high 5-year average services per beneficiary (z=22.6 vs. population median); unusually high year-over-year payment-per-service change (z=9.0 vs. population median); unusually high 5-year average total services (z=5.1 vs. population median)
1003044017,Internal Medicine,NY,I,-0.1553640750799547,0,11.64,Low,0,0,unusually high year-over-year beneficiary count change (z=6.2 vs. population median); unusually high year-over-year service volume change (z=5.5 vs. population median); unusually high charge-per-service deviation from specialty peers (z=5.5 vs. population median)
1003158130,Internal Medicine,NY,I,-0.1554238108374309,0,11.63,Low,0,0,unusually low standardized-amount-to-payment ratio (z=-4.1 vs. population median); unusually high payment-per-service deviation from specialty peers (z=3.0 vs. population median); unusually high charge-per-service deviation from specialty peers (z=2.3 vs. population median)
1003128216,Certified Registered Nurse Anesthetist (CRNA),DE,I,-0.15544131580243936,0,11.62,Low,0,0,unusually high submitted charge per service (z=6.3 vs. population median); unusually low year-over-year beneficiary count change (z=-5.3 vs. population median); unusually high service concentration (HHI) across billing codes (z=4.8 vs. population median)
1003154337,Cardiology,VA,I,-0.15546030912015646,0,11.62,Low,0,0,unusually high total beneficiaries served (z=5.4 vs. population median); unusually high number of distinct billing codes (HCPCS) used (z=3.8 vs. population median); unusually high total Medicare payment received (z=3.1 vs. population median)
1003082785,Internal Medicine,OH,I,-0.15545388021234852,0,11.62,Low,0,0,unusually high total Medicare payment received (z=9.8 vs. population median); unusually high 5-year average total payment (z=8.8 vs. population median); unusually high services per billing code (z=6.6 vs. population median)
1003135229,Physician Assistant,NE,I,-0.15554496519260586,0,11.6,Low,0,0,unusually high total services billed (z=6.3 vs. population median); unusually high total beneficiaries served (z=6.3 vs. population median); unusually high 5-year average total services (z=5.8 vs. population median)
1003147976,Nurse Practitioner,NJ,I,-0.15573094526302267,0,11.55,Low,0,0,unusually high charge-per-service deviation from specialty peers (z=8.2 vs. population median); unusually high submitted charge per service (z=5.2 vs. population median); unusually high payment-per-service deviation from specialty peers (z=2.4 vs. population median)
1003049792,Psychiatry,IL,I,-0.15579827473986374,0,11.54,Low,0,0,unusually high 5-year average services per beneficiary (z=7.3 vs. population median); unusually high services per beneficiary (z=5.8 vs. population median); unusually high payment-to-charge ratio (z=3.7 vs. population median)
1003097155,Nurse Practitioner,TX,I,-0.15581281184328477,0,11.53,Low,0,0,unusually high services-per-beneficiary deviation from specialty peers (z=13.0 vs. population median); unusually high services per beneficiary (z=10.1 vs. population median); unusually high 5-year average services per beneficiary (z=7.6 vs. population median)
1003100629,Internal Medicine,IL,I,-0.15588233705101157,0,11.52,Low,0,0,unusually high multi-year payment trend (z=6.6 vs. population median); unusually high multi-year service-volume trend (z=4.8 vs. population median); unusually high total Medicare payment received (z=3.0 vs. population median)
1003058454,Nurse Practitioner,IN,I,-0.15600708356546372,0,11.49,Low,0,0,unusually high service concentration (HHI) across billing codes (z=4.8 vs. population median); unusually high 5-year average service concentration (HHI) (z=4.5 vs. population median); unusually high service-concentration deviation from specialty peers (z=4.0 vs. population median)
1003094772,Certified Registered Nurse Anesthetist (CRNA),OH,I,-0.15614206543095338,0,11.45,Low,0,0,unusually high submitted charge per service (z=11.2 vs. population median); unusually high multi-year service-volume trend (z=7.8 vs. population median); unusually high multi-year payment trend (z=7.3 vs. population median)
1003063538,Nurse Practitioner,FL,I,-0.15615675993302963,0,11.45,Low,0,0,unusually high multi-year service-volume trend (z=6.4 vs. population median); unusually high multi-year payment trend (z=3.6 vs. population median); unusually low year-over-year payment change (z=-3.3 vs. population median)
1003100652,Nurse Practitioner,MD,I,-0.1562375798640459,0,11.43,Low,0,0,unusually high standardized-amount-to-payment ratio (z=8.7 vs. population median); unusually high 5-year average total services (z=4.3 vs. population median); unusually low year-over-year beneficiary count change (z=-3.7 vs. population median)
1003092032,Anesthesiology,VA,I,-0.1563389008772995,0,11.41,Low,0,0,unusually high submitted charge per service (z=10.5 vs. population median); unusually high total submitted charges (z=4.1 vs. population median); unusually low 5-year average payment-to-charge ratio (z=-2.5 vs. population median)
1003129925,Nurse Practitioner,CA,I,-0.1563402721223227,0,11.41,Low,0,0,unusually high charge-per-service deviation from specialty peers (z=6.4 vs. population median); unusually high submitted charge per service (z=4.0 vs. population median); unusually high multi-year payment trend (z=3.8 vs. population median)
1003038738,Psychiatry,FL,I,-0.15630528128952997,0,11.41,Low,0,0,unusually high 5-year average services per beneficiary (z=4.0 vs. population median); unusually high 5-year average service concentration (HHI) (z=3.4 vs. population median); unusually high services per beneficiary (z=3.2 vs. population median)
1003038647,Certified Registered Nurse Anesthetist (CRNA),FL,I,-0.15635208544493606,0,11.4,Low,0,0,unusually high services-per-beneficiary deviation from specialty peers (z=8.5 vs. population median); unusually high submitted charge per service (z=5.0 vs. population median); unusually high service concentration (HHI) across billing codes (z=4.8 vs. population median)
1003139445,Internal Medicine,CA,I,-0.1564049164079691,0,11.39,Low,0,0,unusually high total Medicare payment received (z=4.7 vs. population median); unusually high 5-year average total payment (z=4.5 vs. population median); unusually low standardized-amount-to-payment ratio (z=-3.3 vs. population median)
1003042920,Diagnostic Radiology,OH,I,-0.15646337221618722,0,11.38,Low,0,0,unusually high total beneficiaries served (z=9.9 vs. population median); unusually high 5-year average total services (z=8.9 vs. population median); unusually high total services billed (z=6.4 vs. population median)
1003042490,Nephrology,NJ,I,-0.15653482023176168,0,11.36,Low,0,0,unusually high total Medicare payment received (z=10.9 vs. population median); unusually high 5-year average total payment (z=9.9 vs. population median); unusually high total submitted charges (z=8.6 vs. population median)
1003075276,Nephrology,OH,I,-0.15654348537924978,0,11.36,Low,0,0,unusually high charge-per-service deviation from specialty peers (z=7.4 vs. population median); unusually high submitted charge per service (z=4.1 vs. population median); unusually low payment-to-charge-ratio deviation from specialty peers (z=-2.8 vs. population median)
1003047689,Physical Therapist in Private Practice,CA,I,-0.15653514622733455,0,11.36,Low,0,0,unusually high services per beneficiary (z=17.2 vs. population median); unusually high 5-year average services per beneficiary (z=16.4 vs. population median); unusually high payment-per-service deviation from specialty peers (z=2.7 vs. population median)
1003013723,Internal Medicine,OK,I,-0.15652076005157145,0,11.36,Low,0,0,unusually high total beneficiaries served (z=4.6 vs. population median); unusually high total Medicare payment received (z=3.6 vs. population median); unusually high number of distinct billing codes (HCPCS) used (z=3.5 vs. population median)
1003117516,Nurse Practitioner,CO,I,-0.1565583147928049,0,11.35,Low,0,0,unusually low payment-per-service deviation from specialty peers (z=-2.5 vs. population median); unusually low payment-to-charge-ratio deviation from specialty peers (z=-2.2 vs. population median); unusually low 5-year average payment per service (z=-2.0 vs. population median)
1003158353,Nurse Practitioner,CA,I,-0.15656187074961353,0,11.35,Low,0,0,unusually high 5-year average service concentration (HHI) (z=4.9 vs. population median); unusually high service concentration (HHI) across billing codes (z=4.8 vs. population median); unusually high service-concentration deviation from specialty peers (z=4.0 vs. population median)
1003158460,Physician Assistant,CT,I,-0.15656649748089035,0,11.35,Low,0,0,unusually high total beneficiaries served (z=2.9 vs. population median); unusually high total services billed (z=2.3 vs. population median); unusually high 5-year average total services (z=2.3 vs. population median)
1003131889,Obstetrics & Gynecology,KY,I,-0.15665021097575044,0,11.33,Low,0,0,unusually high year-over-year beneficiary count change (z=3.8 vs. population median); unusually high year-over-year service volume change (z=3.4 vs. population median); unusually high year-over-year payment change (z=3.0 vs. population median)
1003009358,Interventional Cardiology,FL,I,-0.15671115672288793,0,11.32,Low,0,0,unusually high multi-year payment trend (z=13.6 vs. population median); unusually high multi-year service-volume trend (z=6.8 vs. population median); unusually high number of distinct billing codes (HCPCS) used (z=4.5 vs. population median)
1003122714,Physical Medicine and Rehabilitation,FL,I,-0.15677711588708504,0,11.3,Low,0,0,unusually high services per billing code (z=18.0 vs. population median); unusually high total Medicare payment received (z=10.8 vs. population median); unusually high total services billed (z=8.0 vs. population median)
1003107749,Certified Registered Nurse Anesthetist (CRNA),TX,I,-0.15680628931296547,0,11.29,Low,0,0,unusually high services-per-beneficiary deviation from specialty peers (z=16.9 vs. population median); unusually high submitted charge per service (z=7.6 vs. population median); unusually high multi-year service-volume trend (z=5.3 vs. population median)
1003132267,Obstetrics & Gynecology,WI,I,-0.156884954515834,0,11.28,Low,0,0,unusually high year-over-year payment change (z=6.9 vs. population median); unusually high year-over-year service volume change (z=6.5 vs. population median); unusually high year-over-year beneficiary count change (z=5.8 vs. population median)
1003163486,Internal Medicine,CO,I,-0.1569445242518553,0,11.26,Low,0,0,unusually high charge-per-service deviation from specialty peers (z=4.5 vs. population median); unusually high submitted charge per service (z=2.7 vs. population median); unusually high payment-per-service deviation from specialty peers (z=2.1 vs. population median)
1003103813,Anesthesiology,MA,I,-0.15700748024503164,0,11.25,Low,0,0,unusually high services-per-beneficiary deviation from specialty peers (z=43.9 vs. population median); unusually high submitted charge per service (z=4.5 vs. population median); unusually high 5-year average payment per service (z=2.8 vs. population median)
1003158247,Infectious Disease,NJ,I,-0.15705052394415076,0,11.24,Low,0,0,unusually high services per billing code (z=3.9 vs. population median); unusually high total Medicare payment received (z=3.1 vs. population median); unusually high 5-year average total payment (z=2.9 vs. population median)
1003058538,Family Practice,VA,I,-0.1570126471745198,0,11.24,Low,0,0,unusually high year-over-year payment change (z=5.3 vs. population median); unusually high year-over-year payment-per-service change (z=3.5 vs. population median); unusually high multi-year payment trend (z=2.9 vs. population median)
1003106964,Anesthesiology,LA,I,-0.15713557002531964,0,11.22,Low,0,0,unusually high service concentration (HHI) across billing codes (z=4.8 vs. population median); unusually low year-over-year beneficiary count change (z=-4.7 vs. population median); unusually low year-over-year payment change (z=-4.5 vs. population median)
1003153644,Nurse Practitioner,OH,I,-0.15717521138685275,0,11.21,Low,0,0,unusually high services per billing code (z=6.3 vs. population median); unusually high services-per-beneficiary deviation from specialty peers (z=6.3 vs. population median); unusually high services per beneficiary (z=4.8 vs. population median)
1003065749,"Psychologist, Clinical",NM,I,-0.15722464558103766,0,11.19,Low,0,0,unusually high services per beneficiary (z=12.6 vs. population median); unusually high 5-year average services per beneficiary (z=6.6 vs. population median); unusually high service concentration (HHI) across billing codes (z=4.8 vs. population median)
1003150681,Certified Registered Nurse Anesthetist (CRNA),TX,I,-0.15731186032731692,0,11.17,Low,0,0,unusually high submitted charge per service (z=5.8 vs. population median); unusually high 5-year average service concentration (HHI) (z=2.4 vs. population median); unusually high service concentration (HHI) across billing codes (z=2.4 vs. population median)
1003076084,Anesthesiology,LA,I,-0.1573772553141653,0,11.16,Low,0,0,unusually high year-over-year payment-per-service change (z=6.5 vs. population median); unusually high year-over-year payment change (z=6.4 vs. population median); unusually low standardized-amount-to-payment ratio (z=-4.7 vs. population median)
1003027558,Internal Medicine,CA,I,-0.15735340089183947,0,11.16,Low,0,0,unusually high service-concentration deviation from specialty peers (z=5.1 vs. population median); unusually high 5-year average service concentration (HHI) (z=4.9 vs. population median); unusually high service concentration (HHI) across billing codes (z=4.8 vs. population median)
1003128992,Emergency Medicine,MN,I,-0.15741488318027647,0,11.15,Low,0,0,unusually high submitted charge per service (z=2.8 vs. population median); unusually low payment-per-service deviation from specialty peers (z=-1.6 vs. population median); unusually low allowed-to-charge ratio (z=-1.5 vs. population median)
1003026055,Endocrinology,FL,I,-0.15746041597669785,0,11.14,Low,0,0,unusually high multi-year service-volume trend (z=7.8 vs. population median); unusually high multi-year payment trend (z=6.4 vs. population median); unusually high year-over-year service volume change (z=4.4 vs. population median)
1003120866,Cardiology,ME,I,-0.15756360262006963,0,11.11,Low,0,0,unusually high total beneficiaries served (z=6.6 vs. population median); unusually high number of distinct billing codes (HCPCS) used (z=4.0 vs. population median); unusually high 5-year average total services (z=3.9 vs. population median)
1003012154,Emergency Medicine,PA,I,-0.1576273562374258,0,11.1,Low,0,0,unusually high total submitted charges (z=9.8 vs. population median); unusually high total beneficiaries served (z=8.3 vs. population median); unusually high total Medicare payment received (z=6.7 vs. population median)
1003104084,Hospitalist,NY,I,-0.15763664874934108,0,11.09,Low,0,0,unusually low year-over-year payment-per-service change (z=-4.2 vs. population median); unusually low year-over-year beneficiary count change (z=-3.6 vs. population median); unusually low year-over-year payment change (z=-2.9 vs. population median)
1003136151,Gynecological Oncology,MO,I,-0.15765546691308868,0,11.09,Low,0,0,unusually high allowed-to-charge ratio (z=0.9 vs. population median); unusually low services per billing code (z=-0.8 vs. population median); unusually low 5-year average total services (z=-0.8 vs. population median)
1003121401,Interventional Cardiology,PA,I,-0.15770799610761393,0,11.08,Low,0,0,unusually high total beneficiaries served (z=8.4 vs. population median); unusually high total Medicare payment received (z=5.7 vs. population median); unusually high total services billed (z=5.7 vs. population median)
1003063397,Pathology,IL,I,-0.157759399729265,0,11.07,Low,0,0,unusually high 5-year average total services (z=8.8 vs. population median); unusually high total services billed (z=8.3 vs. population median); unusually high total submitted charges (z=7.2 vs. population median)
1003128323,Anesthesiology,KY,I,-0.15775407324630802,0,11.07,Low,0,0,unusually high year-over-year payment change (z=8.5 vs. population median); unusually high services-per-beneficiary deviation from specialty peers (z=5.9 vs. population median); unusually high year-over-year payment-per-service change (z=5.8 vs. population median)
1003129438,Nurse Practitioner,NY,I,-0.1577738063966576,0,11.06,Low,0,0,unusually high year-over-year beneficiary count change (z=4.6 vs. population median); unusually low year-over-year payment-per-service change (z=-3.3 vs. population median); unusually high year-over-year service volume change (z=3.2 vs. population median)
1003009986,Physical Medicine and Rehabilitation,TX,I,-0.15782023409703272,0,11.05,Low,0,0,unusually high services per billing code (z=8.1 vs. population median); unusually high total Medicare payment received (z=6.3 vs. population median); unusually high total services billed (z=5.6 vs. population median)
1003000423,Obstetrics & Gynecology,OH,I,-0.15783586173273956,0,11.05,Low,0,0,unusually high 5-year average payment-to-charge ratio (z=4.4 vs. population median); unusually high payment-to-charge ratio (z=3.6 vs. population median); unusually high payment-to-charge-ratio deviation from specialty peers (z=3.4 vs. population median)
1003043423,Podiatry,OK,I,-0.15792540253239706,0,11.03,Low,0,0,unusually high 5-year average total services (z=8.1 vs. population median); unusually high total services billed (z=7.6 vs. population median); unusually high total beneficiaries served (z=7.3 vs. population median)
1003020348,Pulmonary Disease,LA,I,-0.1579547842538675,0,11.02,Low,0,0,unusually high service-concentration deviation from specialty peers (z=5.8 vs. population median); unusually high payment per service (z=3.1 vs. population median); unusually high payment-per-service deviation from specialty peers (z=2.9 vs. population median)
1003120502,Internal Medicine,AK,I,-0.15814490925753244,0,10.97,Low,0,0,unusually high year-over-year payment-per-service change (z=4.9 vs. population median); unusually high total beneficiaries served (z=4.5 vs. population median); unusually high year-over-year payment change (z=4.1 vs. population median)
1003157546,Registered Dietitian or Nutrition Professional,NY,I,-0.158148959143541,0,10.97,Low,0,0,unusually high services per beneficiary (z=5.2 vs. population median); unusually high 5-year average services per beneficiary (z=4.6 vs. population median); unusually low standardized-amount-to-payment ratio (z=-3.4 vs. population median)
1003059676,Gastroenterology,PA,I,-0.15818599727312993,0,10.96,Low,0,0,unusually high total submitted charges (z=6.1 vs. population median); unusually high submitted charge per service (z=5.3 vs. population median); unusually high number of distinct billing codes (HCPCS) used (z=2.5 vs. population median)
1003015124,Family Practice,ID,I,-0.15825398526459983,0,10.95,Low,0,0,unusually high year-over-year payment-per-service change (z=10.5 vs. population median); unusually high payment-per-service deviation from specialty peers (z=3.9 vs. population median); unusually low year-over-year service volume change (z=-2.6 vs. population median)
1003133091,Family Practice,GA,I,-0.1582375739882425,0,10.95,Low,0,0,unusually high standardized-amount-to-payment ratio (z=1.3 vs. population median); unusually high number of distinct billing codes (HCPCS) used (z=1.2 vs. population median); unusually low payment-to-charge-ratio deviation from specialty peers (z=-1.2 vs. population median)
1003160474,Physician Assistant,NH,I,-0.15827289512928006,0,10.94,Low,0,0,unusually high 5-year average service concentration (HHI) (z=4.9 vs. population median); unusually high service concentration (HHI) across billing codes (z=4.8 vs. population median); unusually high service-concentration deviation from specialty peers (z=4.1 vs. population median)
1003026295,Diagnostic Radiology,KY,I,-0.15829809525694077,0,10.94,Low,0,0,unusually high number of distinct billing codes (HCPCS) used (z=7.0 vs. population median); unusually high total beneficiaries served (z=5.2 vs. population median); unusually high 5-year average total services (z=4.2 vs. population median)
1003033374,Neurosurgery,CA,I,-0.15833743675891515,0,10.93,Low,0,0,unusually low year-over-year payment-per-service change (z=-7.7 vs. population median); unusually high services-per-beneficiary deviation from specialty peers (z=5.6 vs. population median); unusually low year-over-year payment change (z=-4.1 vs. population median)
1003029976,Physical Therapist in Private Practice,MI,I,-0.15834528519648766,0,10.92,Low,0,0,unusually high 5-year average services per beneficiary (z=21.8 vs. population median); unusually high services per beneficiary (z=14.9 vs. population median); unusually high services per billing code (z=7.5 vs. population median)
1003000134,Pathology,IL,I,-0.15838570713329558,0,10.91,Low,0,0,unusually high 5-year average total services (z=12.0 vs. population median); unusually high 5-year average total payment (z=4.4 vs. population median); unusually high total beneficiaries served (z=4.1 vs. population median)
1003001298,Optometry,TX,I,-0.1584414162361621,0,10.9,Low,0,0,unusually high allowed-to-charge ratio (z=3.9 vs. population median); unusually high standardized-amount-to-payment ratio (z=3.5 vs. population median); unusually high service-concentration deviation from specialty peers (z=3.2 vs. population median)
1003015157,Emergency Medicine,TX,I,-0.15845249965266195,0,10.9,Low,0,0,unusually high submitted charge per service (z=9.3 vs. population median); unusually high service-concentration deviation from specialty peers (z=3.7 vs. population median); unusually high payment per service (z=2.6 vs. population median)
1003127697,Family Practice,VA,I,-0.15851642600741506,0,10.88,Low,0,0,unusually high year-over-year service volume change (z=6.4 vs. population median); unusually high year-over-year payment change (z=5.3 vs. population median); unusually high year-over-year beneficiary count change (z=4.9 vs. population median)
1003161183,Nurse Practitioner,NY,I,-0.15856751176261102,0,10.87,Low,0,0,unusually low payment-per-service deviation from specialty peers (z=-2.3 vs. population median); unusually low standardized-amount-to-payment ratio (z=-2.2 vs. population median); unusually low service-concentration deviation from specialty peers (z=-1.9 vs. population median)
1003075466,Physician Assistant,PA,I,-0.15858791877923656,0,10.87,Low,0,0,unusually high services-per-beneficiary deviation from specialty peers (z=7.3 vs. population median); unusually high 5-year average services per beneficiary (z=4.8 vs. population median); unusually high service concentration (HHI) across billing codes (z=4.8 vs. population median)
1003079062,Otolaryngology,CA,I,-0.15863176266775558,0,10.86,Low,0,0,unusually high total Medicare payment received (z=8.8 vs. population median); unusually high 5-year average total payment (z=7.0 vs. population median); unusually high total beneficiaries served (z=6.2 vs. population median)
1003105834,Ophthalmology,SC,I,-0.1587535326736184,0,10.83,Low,0,0,unusually high service-concentration deviation from specialty peers (z=6.1 vs. population median); unusually high year-over-year payment-per-service change (z=3.3 vs. population median); unusually high allowed-to-charge ratio (z=2.4 vs. population median)
1003071325,Nurse Practitioner,AZ,I,-0.1587747035589117,0,10.82,Low,0,0,unusually high charge-per-service deviation from specialty peers (z=9.8 vs. population median); unusually high submitted charge per service (z=6.2 vs. population median); unusually low payment-to-charge-ratio deviation from specialty peers (z=-2.3 vs. population median)
1003107517,Hospitalist,IN,I,-0.1587704257920956,0,10.82,Low,0,0,unusually high service concentration (HHI) across billing codes (z=4.8 vs. population median); unusually high service-concentration deviation from specialty peers (z=4.5 vs. population median); unusually high 5-year average service concentration (HHI) (z=2.8 vs. population median)
1003022468,Pathology,NC,I,-0.15875920094287654,0,10.82,Low,0,0,unusually high total beneficiaries served (z=2.9 vs. population median); unusually high number of distinct billing codes (HCPCS) used (z=2.5 vs. population median); unusually high total services billed (z=2.3 vs. population median)
1003011578,Gastroenterology,NC,I,-0.15880248355807408,0,10.81,Low,0,0,unusually high services-per-beneficiary deviation from specialty peers (z=5.3 vs. population median); unusually high total submitted charges (z=4.4 vs. population median); unusually high submitted charge per service (z=3.5 vs. population median)
1003110958,Physical Therapist in Private Practice,MI,I,-0.15880645689315237,0,10.81,Low,0,0,unusually high 5-year average services per beneficiary (z=16.3 vs. population median); unusually high services per beneficiary (z=11.4 vs. population median); unusually high services per billing code (z=9.6 vs. population median)
1003002627,Obstetrics & Gynecology,TX,I,-0.1588789782029401,0,10.8,Low,0,0,unusually high multi-year payment trend (z=13.1 vs. population median); unusually high multi-year service-volume trend (z=11.4 vs. population median); unusually high number of distinct billing codes (HCPCS) used (z=5.2 vs. population median)
1003077363,Dermatology,SC,I,-0.15886913473877246,0,10.8,Low,0,0,unusually high 5-year average total services (z=12.2 vs. population median); unusually high 5-year average total payment (z=6.4 vs. population median); unusually high total services billed (z=5.7 vs. population median)
1003020413,Hematology-Oncology,ME,I,-0.1588782344626512,0,10.8,Low,0,0,unusually high multi-year payment trend (z=9.1 vs. population median); unusually high multi-year service-volume trend (z=6.1 vs. population median); unusually high year-over-year payment-per-service change (z=3.3 vs. population median)
1003106402,Family Practice,KS,I,-0.15888901914693,0,10.79,Low,0,0,unusually high standardized-amount-to-payment ratio (z=15.2 vs. population median); unusually low year-over-year payment-per-service change (z=-3.3 vs. population median); unusually low payment-to-charge-ratio deviation from specialty peers (z=-1.9 vs. population median)
1003066259,Certified Registered Nurse Anesthetist (CRNA),SC,I,-0.15893371885602947,0,10.78,Low,0,0,unusually high services-per-beneficiary deviation from specialty peers (z=5.6 vs. population median); unusually high service concentration (HHI) across billing codes (z=4.8 vs. population median); unusually high submitted charge per service (z=3.9 vs. population median)
1003123878,Physical Therapist in Private Practice,WV,I,-0.15898123350515803,0,10.77,Low,0,0,unusually high 5-year average services per beneficiary (z=19.7 vs. population median); unusually high services per beneficiary (z=19.6 vs. population median); unusually high services per billing code (z=4.7 vs. population median)
1003055815,Physician Assistant,MT,I,-0.15907366340440438,0,10.75,Low,0,0,unusually low year-over-year beneficiary count change (z=-3.2 vs. population median); unusually low year-over-year payment change (z=-3.1 vs. population median); unusually low year-over-year service volume change (z=-2.9 vs. population median)
1003073735,Family Practice,IL,I,-0.15905367606160403,0,10.75,Low,0,0,unusually high multi-year payment trend (z=2.6 vs. population median); unusually high payment-per-service deviation from specialty peers (z=2.3 vs. population median); unusually high number of distinct billing codes (HCPCS) used (z=2.2 vs. population median)
1003107178,General Surgery,NJ,I,-0.15915536016489656,0,10.73,Low,0,0,unusually high payment-to-charge-ratio deviation from specialty peers (z=2.8 vs. population median); unusually high payment-to-charge ratio (z=2.5 vs. population median); unusually high 5-year average payment per service (z=2.5 vs. population median)
1003077900,Critical Care (Intensivists),IN,I,-0.1592384043801156,0,10.71,Low,0,0,unusually high total Medicare payment received (z=7.9 vs. population median); unusually high total submitted charges (z=6.6 vs. population median); unusually high 5-year average total payment (z=6.5 vs. population median)
1003010844,Emergency Medicine,FL,I,-0.15924518612637628,0,10.71,Low,0,0,unusually high submitted charge per service (z=8.9 vs. population median); unusually low year-over-year beneficiary count change (z=-5.7 vs. population median); unusually low year-over-year payment change (z=-5.5 vs. population median)
1003134479,Internal Medicine,TX,I,-0.1592805085890514,0,10.7,Low,0,0,unusually high services-per-beneficiary deviation from specialty peers (z=3.5 vs. population median); unusually high services per beneficiary (z=3.5 vs. population median); unusually high 5-year average services per beneficiary (z=3.1 vs. population median)
1003087388,Nephrology,TX,I,-0.1592747860505298,0,10.7,Low,0,0,unusually high 5-year average total payment (z=7.3 vs. population median); unusually high total Medicare payment received (z=6.1 vs. population median); unusually high 5-year average total services (z=4.5 vs. population median)
1003038332,Internal Medicine,OR,I,-0.15930695085120827,0,10.69,Low,0,0,unusually high service-concentration deviation from specialty peers (z=5.1 vs. population median); unusually high service concentration (HHI) across billing codes (z=4.8 vs. population median); unusually high 5-year average service concentration (HHI) (z=4.0 vs. population median)
1003093188,Optometry,CA,I,-0.15936001310178682,0,10.68,Low,0,0,unusually high service-concentration deviation from specialty peers (z=3.9 vs. population median); unusually high allowed-to-charge ratio (z=3.8 vs. population median); unusually high payment-to-charge ratio (z=3.4 vs. population median)
1003002932,Emergency Medicine,CA,I,-0.15934266367524558,0,10.68,Low,0,0,unusually high payment-to-charge-ratio deviation from specialty peers (z=5.9 vs. population median); unusually high payment per service (z=1.9 vs. population median); unusually high 5-year average payment per service (z=1.8 vs. population median)
1003077405,Audiologist,NJ,I,-0.1593461307761037,0,10.68,Low,0,0,unusually high payment-to-charge-ratio deviation from specialty peers (z=3.4 vs. population median); unusually high payment-per-service deviation from specialty peers (z=3.3 vs. population median); unusually low standardized-amount-to-payment ratio (z=-2.4 vs. population median)
1003076167,General Practice,TX,I,-0.15949594004459494,0,10.65,Low,0,0,unusually high total beneficiaries served (z=2.8 vs. population median); unusually high total services billed (z=2.7 vs. population median); unusually high 5-year average total services (z=2.7 vs. population median)
1003066770,Audiologist,NV,I,-0.1595364280993838,0,10.64,Low,0,0,unusually high payment-per-service deviation from specialty peers (z=4.5 vs. population median); unusually low service-concentration deviation from specialty peers (z=-4.4 vs. population median); unusually high payment-to-charge-ratio deviation from specialty peers (z=4.2 vs. population median)
1003155995,Nurse Practitioner,IA,I,-0.15951135434939911,0,10.64,Low,0,0,unusually low payment-per-service deviation from specialty peers (z=-2.1 vs. population median); unusually low 5-year average payment per service (z=-1.8 vs. population median); unusually low payment per service (z=-1.7 vs. population median)
1003163965,Physician Assistant,MA,I,-0.15961059346119155,0,10.62,Low,0,0,unusually high 5-year average service concentration (HHI) (z=4.9 vs. population median); unusually high service concentration (HHI) across billing codes (z=4.8 vs. population median); unusually high service-concentration deviation from specialty peers (z=4.1 vs. population median)
1003040775,Family Practice,CA,I,-0.15960496945631025,0,10.62,Low,0,0,unusually high allowed-to-charge ratio (z=3.5 vs. population median); unusually high payment-to-charge-ratio deviation from specialty peers (z=3.1 vs. population median); unusually high payment-to-charge ratio (z=2.9 vs. population median)
1003127846,Critical Care (Intensivists),CA,I,-0.15963128290210732,0,10.61,Low,0,0,unusually high submitted charge per service (z=5.8 vs. population median); unusually high total submitted charges (z=3.9 vs. population median); unusually low standardized-amount-to-payment ratio (z=-3.1 vs. population median)
1003106543,"Psychologist, Clinical",TX,I,-0.15964703490395316,0,10.61,Low,0,0,unusually high year-over-year payment-per-service change (z=7.1 vs. population median); unusually low year-over-year beneficiary count change (z=-5.1 vs. population median); unusually low year-over-year service volume change (z=-5.0 vs. population median)
1003071135,Pathology,PA,I,-0.15965274563799647,0,10.61,Low,0,0,unusually low payment-per-service deviation from specialty peers (z=-3.2 vs. population median); unusually low charge-per-service deviation from specialty peers (z=-3.0 vs. population median); unusually high services per billing code (z=2.2 vs. population median)
1003101130,Diagnostic Radiology,TX,I,-0.1596479764770269,0,10.61,Low,1,0,unusually high multi-year service-volume trend (z=9.7 vs. population median); unusually high charge-per-service deviation from specialty peers (z=4.3 vs. population median); unusually high total submitted charges (z=3.3 vs. population median)
1003092586,Physical Therapist in Private Practice,FL,I,-0.15970406448249308,0,10.6,Low,0,0,unusually high 5-year average services per beneficiary (z=28.8 vs. population median); unusually high services per beneficiary (z=27.6 vs. population median); unusually high services per billing code (z=3.0 vs. population median)
1003137522,Diagnostic Radiology,NY,I,-0.15975341218670136,0,10.59,Low,0,0,unusually high number of distinct billing codes (HCPCS) used (z=2.8 vs. population median); unusually high total beneficiaries served (z=1.8 vs. population median); unusually low 5-year average payment-to-charge ratio (z=-1.6 vs. population median)
1003137852,Family Practice,FL,I,-0.1597841140615024,0,10.58,Low,0,0,unusually high total beneficiaries served (z=2.1 vs. population median); unusually high number of distinct billing codes (HCPCS) used (z=1.5 vs. population median); unusually high total Medicare payment received (z=1.4 vs. population median)
1003109596,Physical Medicine and Rehabilitation,MA,I,-0.1598365153043872,0,10.57,Low,0,0,unusually high multi-year payment trend (z=20.7 vs. population median); unusually high multi-year service-volume trend (z=16.7 vs. population median); unusually high total submitted charges (z=5.1 vs. population median)
1003101049,Anesthesiology,MN,I,-0.15985271165988013,0,10.56,Low,0,0,unusually high submitted charge per service (z=11.9 vs. population median); unusually low year-over-year payment change (z=-3.4 vs. population median); unusually low year-over-year beneficiary count change (z=-3.2 vs. population median)
1003109604,Podiatry,FL,I,-0.15988399446692148,0,10.55,Low,0,0,unusually high 5-year average total services (z=7.7 vs. population median); unusually high 5-year average total payment (z=7.6 vs. population median); unusually high total services billed (z=6.9 vs. population median)
1003156613,Nurse Practitioner,WI,I,-0.1598887865550933,0,10.55,Low,0,0,unusually high services-per-beneficiary deviation from specialty peers (z=2.7 vs. population median); unusually high charge-per-service deviation from specialty peers (z=2.2 vs. population median); unusually high services per beneficiary (z=2.1 vs. population median)
1003044488,Internal Medicine,ME,I,-0.1599143041742791,0,10.55,Low,0,0,unusually high standardized-amount-to-payment ratio (z=12.8 vs. population median); unusually low year-over-year payment-per-service change (z=-3.9 vs. population median); unusually low payment-per-service deviation from specialty peers (z=-2.5 vs. population median)
1003130634,Otolaryngology,CA,I,-0.15997105683124974,0,10.53,Low,0,0,unusually low year-over-year beneficiary count change (z=-3.8 vs. population median); unusually low year-over-year payment change (z=-3.6 vs. population median); unusually low year-over-year service volume change (z=-3.2 vs. population median)
1003135997,Physician Assistant,MD,I,-0.15999103863950764,0,10.53,Low,0,0,unusually high total services billed (z=4.9 vs. population median); unusually high 5-year average total services (z=4.9 vs. population median); unusually high total beneficiaries served (z=4.5 vs. population median)
1003153743,Physician Assistant,TN,I,-0.16000988536865474,0,10.52,Low,0,0,unusually high services-per-beneficiary deviation from specialty peers (z=2.5 vs. population median); unusually high standardized-amount-to-payment ratio (z=2.5 vs. population median); unusually low payment-per-service deviation from specialty peers (z=-1.4 vs. population median)
1003042474,Emergency Medicine,DC,I,-0.16007875165697194,0,10.51,Low,0,0,unusually high year-over-year beneficiary count change (z=8.4 vs. population median); unusually high year-over-year service volume change (z=7.8 vs. population median); unusually high year-over-year payment change (z=4.6 vs. population median)
1003045634,Gastroenterology,FL,I,-0.16010609782374285,0,10.5,Low,0,0,unusually high multi-year service-volume trend (z=10.9 vs. population median); unusually high multi-year payment trend (z=8.6 vs. population median); unusually high submitted charge per service (z=5.9 vs. population median)
1003134974,Internal Medicine,TX,I,-0.16015408289777033,0,10.49,Low,0,0,unusually high services-per-beneficiary deviation from specialty peers (z=6.8 vs. population median); unusually high services per beneficiary (z=6.3 vs. population median); unusually high 5-year average services per beneficiary (z=5.2 vs. population median)
1003133745,Emergency Medicine,AZ,I,-0.1601313152169473,0,10.49,Low,0,0,unusually high submitted charge per service (z=9.8 vs. population median); unusually high charge-per-service deviation from specialty peers (z=2.3 vs. population median); unusually high 5-year average payment per service (z=2.2 vs. population median)
1003070202,Physician Assistant,MT,I,-0.1602140498969573,0,10.47,Low,0,0,unusually high 5-year average service concentration (HHI) (z=4.9 vs. population median); unusually high service concentration (HHI) across billing codes (z=4.8 vs. population median); unusually high service-concentration deviation from specialty peers (z=4.1 vs. population median)
1003048927,Physician Assistant,NY,I,-0.16026027976497298,0,10.46,Low,0,0,unusually high services-per-beneficiary deviation from specialty peers (z=13.4 vs. population median); unusually high services per beneficiary (z=7.6 vs. population median); unusually high 5-year average services per beneficiary (z=6.8 vs. population median)
1003017963,Cardiology,TN,I,-0.16027097360942305,0,10.46,Low,0,0,unusually high total beneficiaries served (z=10.0 vs. population median); unusually high total services billed (z=6.0 vs. population median); unusually high 5-year average total services (z=5.9 vs. population median)
1003105552,Hospitalist,MN,I,-0.16031687282789053,0,10.45,Low,1,0,unusually high services-per-beneficiary deviation from specialty peers (z=18.3 vs. population median); unusually high services per beneficiary (z=16.1 vs. population median); unusually high year-over-year payment change (z=6.6 vs. population median)
1003059403,Family Practice,LA,I,-0.1603978644841182,0,10.43,Low,0,0,unusually high 5-year average total services (z=6.6 vs. population median); unusually low year-over-year beneficiary count change (z=-5.6 vs. population median); unusually low year-over-year payment change (z=-5.3 vs. population median)
1003162132,Nurse Practitioner,ME,I,-0.16045394723675627,0,10.42,Low,0,0,unusually high 5-year average service concentration (HHI) (z=4.9 vs. population median); unusually high service concentration (HHI) across billing codes (z=4.8 vs. population median); unusually high service-concentration deviation from specialty peers (z=4.0 vs. population median)
1003156209,Internal Medicine,FL,I,-0.16057634157270895,0,10.39,Low,0,0,unusually high charge-per-service deviation from specialty peers (z=5.0 vs. population median); unusually high submitted charge per service (z=2.9 vs. population median); unusually high total submitted charges (z=2.5 vs. population median)
1003095415,"Psychologist, Clinical",AR,I,-0.16057459592005896,0,10.39,Low,0,0,unusually high services per beneficiary (z=5.4 vs. population median); unusually high service concentration (HHI) across billing codes (z=4.8 vs. population median); unusually high 5-year average services per beneficiary (z=4.6 vs. population median)
1003056078,Occupational Therapist in Private Practice,PA,I,-0.1605655984526747,0,10.39,Low,0,0,unusually high services per beneficiary (z=20.0 vs. population median); unusually high 5-year average services per beneficiary (z=18.2 vs. population median); unusually high services per billing code (z=2.6 vs. population median)
1003141482,Certified Registered Nurse Anesthetist (CRNA),PA,I,-0.16061101808262174,0,10.38,Low,0,0,unusually high payment-to-charge-ratio deviation from specialty peers (z=4.3 vs. population median); unusually high 5-year average service concentration (HHI) (z=2.9 vs. population median); unusually high service concentration (HHI) across billing codes (z=2.8 vs. population median)
1003136334,Nurse Practitioner,OR,I,-0.1605934563481901,0,10.38,Low,0,0,unusually high total beneficiaries served (z=6.8 vs. population median); unusually high total services billed (z=5.0 vs. population median); unusually high 5-year average total services (z=4.9 vs. population median)
1003090986,Infectious Disease,AL,I,-0.1607050995045921,0,10.36,Low,0,0,unusually high year-over-year beneficiary count change (z=11.2 vs. population median); unusually high year-over-year service volume change (z=7.4 vs. population median); unusually high year-over-year payment change (z=6.1 vs. population median)
1003136664,Gastroenterology,PA,I,-0.1607408387369879,0,10.35,Low,0,0,unusually high submitted charge per service (z=2.4 vs. population median); unusually high total submitted charges (z=2.2 vs. population median); unusually high 5-year average payment per service (z=2.1 vs. population median)
1003159880,Ophthalmology,OH,I,-0.1607786095425261,0,10.34,Low,0,0,unusually high total submitted charges (z=2.9 vs. population median); unusually high total Medicare payment received (z=2.3 vs. population median); unusually high 5-year average total payment (z=2.2 vs. population median)
1003104639,Vascular Surgery,TN,I,-0.16077833994699486,0,10.34,Low,0,0,unusually high number of distinct billing codes (HCPCS) used (z=4.2 vs. population median); unusually high total submitted charges (z=3.4 vs. population median); unusually high total Medicare payment received (z=3.3 vs. population median)
1003068743,Certified Registered Nurse Anesthetist (CRNA),MN,I,-0.16087476627724012,0,10.32,Low,0,0,unusually high service concentration (HHI) across billing codes (z=4.8 vs. population median); unusually high submitted charge per service (z=3.6 vs. population median); unusually high 5-year average service concentration (HHI) (z=2.8 vs. population median)
1003047218,Internal Medicine,NY,I,-0.1608471251610054,0,10.32,Low,0,0,unusually high multi-year service-volume trend (z=16.9 vs. population median); unusually high multi-year payment trend (z=12.6 vs. population median); unusually high year-over-year service volume change (z=3.7 vs. population median)
1003153180,Certified Registered Nurse Anesthetist (CRNA),AL,I,-0.16083921352439862,0,10.32,Low,0,0,unusually high submitted charge per service (z=8.8 vs. population median); unusually low 5-year average payment-to-charge ratio (z=-2.2 vs. population median); unusually low payment-to-charge ratio (z=-2.0 vs. population median)
1003012840,Cardiology,OK,I,-0.16093284605535607,0,10.3,Low,0,0,unusually high total beneficiaries served (z=9.1 vs. population median); unusually high 5-year average total services (z=6.4 vs. population median); unusually high total services billed (z=5.8 vs. population median)
1003080482,Physician Assistant,NY,I,-0.1609856136867711,0,10.29,Low,0,0,unusually high multi-year payment trend (z=25.0 vs. population median); unusually high multi-year service-volume trend (z=7.8 vs. population median); unusually low standardized-amount-to-payment ratio (z=-4.1 vs. population median)
1003162470,Physician Assistant,NY,I,-0.16100608972557517,0,10.28,Low,0,0,unusually high 5-year average service concentration (HHI) (z=4.9 vs. population median); unusually high service concentration (HHI) across billing codes (z=4.8 vs. population median); unusually high service-concentration deviation from specialty peers (z=4.1 vs. population median)
1003051665,Occupational Therapist in Private Practice,NY,I,-0.1610718131117309,0,10.27,Low,0,0,unusually high 5-year average services per beneficiary (z=18.3 vs. population median); unusually high services per beneficiary (z=18.0 vs. population median); unusually low year-over-year payment change (z=-3.6 vs. population median)
1003134701,Urology,NY,I,-0.16113635738458348,0,10.25,Low,0,0,unusually high year-over-year service volume change (z=7.1 vs. population median); unusually high year-over-year beneficiary count change (z=5.6 vs. population median); unusually high year-over-year payment change (z=5.4 vs. population median)
1003006651,Obstetrics & Gynecology,ND,I,-0.16117358275169713,0,10.24,Low,0,0,unusually high year-over-year payment-per-service change (z=9.5 vs. population median); unusually high service concentration (HHI) across billing codes (z=4.8 vs. population median); unusually high service-concentration deviation from specialty peers (z=3.1 vs. population median)
1003056524,Internal Medicine,PA,I,-0.16120101398472203,0,10.24,Low,0,0,unusually high 5-year average services per beneficiary (z=3.9 vs. population median); unusually high services-per-beneficiary deviation from specialty peers (z=3.7 vs. population median); unusually high services per beneficiary (z=3.6 vs. population median)
1003000480,General Surgery,CO,I,-0.16123689124199014,0,10.23,Low,0,0,unusually high year-over-year payment-per-service change (z=7.7 vs. population median); unusually high multi-year payment trend (z=5.4 vs. population median); unusually high year-over-year payment change (z=5.1 vs. population median)
1003070814,Internal Medicine,FL,I,-0.16123821390090737,0,10.23,Low,0,0,unusually high charge-per-service deviation from specialty peers (z=5.3 vs. population median); unusually low year-over-year beneficiary count change (z=-4.9 vs. population median); unusually low year-over-year payment change (z=-4.6 vs. population median)
1003077454,Audiologist,VA,I,-0.16125184066870157,0,10.23,Low,0,0,unusually high multi-year payment trend (z=9.7 vs. population median); unusually high multi-year service-volume trend (z=5.9 vs. population median); unusually low service-concentration deviation from specialty peers (z=-5.8 vs. population median)
1003134586,Hematology-Oncology,CT,I,-0.161300531802277,0,10.21,Low,0,0,unusually high year-over-year beneficiary count change (z=4.5 vs. population median); unusually high total submitted charges (z=4.0 vs. population median); unusually low year-over-year payment-per-service change (z=-3.6 vs. population median)
1003064270,Internal Medicine,VA,I,-0.16133319666470913,0,10.21,Low,0,0,unusually high charge-per-service deviation from specialty peers (z=4.6 vs. population median); unusually high total submitted charges (z=3.7 vs. population median); unusually low year-over-year payment-per-service change (z=-2.9 vs. population median)
1003087917,Audiologist,NY,I,-0.16137512557724487,0,10.2,Low,0,0,unusually low standardized-amount-to-payment ratio (z=-2.4 vs. population median); unusually high year-over-year beneficiary count change (z=2.4 vs. population median); unusually high year-over-year service volume change (z=2.3 vs. population median)
1003109216,Family Practice,MI,I,-0.1613930875275632,0,10.19,Low,0,0,unusually high standardized-amount-to-payment ratio (z=14.5 vs. population median); unusually high multi-year service-volume trend (z=2.4 vs. population median); unusually low payment-per-service deviation from specialty peers (z=-1.5 vs. population median)
1003158338,Internal Medicine,MO,I,-0.161550657013165,0,10.15,Low,0,0,unusually high payment-to-charge ratio (z=2.6 vs. population median); unusually high allowed-to-charge ratio (z=2.4 vs. population median); unusually high payment-to-charge-ratio deviation from specialty peers (z=2.3 vs. population median)
1003063223,Physical Therapist in Private Practice,WA,I,-0.16157232232054325,0,10.15,Low,0,0,unusually high 5-year average services per beneficiary (z=6.9 vs. population median); unusually high services per beneficiary (z=6.2 vs. population median); unusually high year-over-year beneficiary count change (z=5.4 vs. population median)
1003101171,Occupational Therapist in Private Practice,VA,I,-0.16158322774494865,0,10.15,Low,0,0,unusually high services per beneficiary (z=18.5 vs. population median); unusually high 5-year average services per beneficiary (z=17.0 vs. population median); unusually high services per billing code (z=6.3 vs. population median)
1003161035,Family Practice,AZ,I,-0.16160128109299515,0,10.14,Low,0,0,unusually high total beneficiaries served (z=4.7 vs. population median); unusually high total Medicare payment received (z=4.0 vs. population median); unusually high 5-year average total payment (z=3.8 vs. population median)
1003093071,Certified Registered Nurse Anesthetist (CRNA),RI,I,-0.16158512877754233,0,10.14,Low,0,0,unusually high services-per-beneficiary deviation from specialty peers (z=7.4 vs. population median); unusually high year-over-year payment-per-service change (z=6.2 vs. population median); unusually high submitted charge per service (z=3.8 vs. population median)
1003066960,Nurse Practitioner,OH,I,-0.16170656537167416,0,10.12,Low,0,0,unusually high year-over-year payment change (z=3.5 vs. population median); unusually high year-over-year beneficiary count change (z=3.2 vs. population median); unusually high year-over-year service volume change (z=3.1 vs. population median)
1003115650,Family Practice,IN,I,-0.16171762443474968,0,10.11,Low,0,0,unusually low year-over-year payment-per-service change (z=-3.1 vs. population median); unusually high year-over-year service volume change (z=2.2 vs. population median); unusually high year-over-year beneficiary count change (z=1.8 vs. population median)
1003009739,Physical Therapist in Private Practice,MI,I,-0.16172115510382024,0,10.11,Low,0,0,unusually high services per beneficiary (z=16.0 vs. population median); unusually high 5-year average services per beneficiary (z=14.5 vs. population median); unusually low 5-year average payment per service (z=-2.0 vs. population median)
1003110529,Certified Registered Nurse Anesthetist (CRNA),NJ,I,-0.16182590499140875,0,10.09,Low,0,0,unusually high services-per-beneficiary deviation from specialty peers (z=10.2 vs. population median); unusually high submitted charge per service (z=9.1 vs. population median); unusually high total submitted charges (z=5.9 vs. population median)
1003094475,Occupational Therapist in Private Practice,AZ,I,-0.16191568237151333,0,10.07,Low,0,0,unusually high services per beneficiary (z=23.0 vs. population median); unusually high 5-year average services per beneficiary (z=18.8 vs. population median); unusually high multi-year service-volume trend (z=2.9 vs. population median)
1003096793,Nephrology,GA,I,-0.16202627625416816,0,10.04,Low,0,0,unusually high 5-year average total payment (z=7.6 vs. population median); unusually high total Medicare payment received (z=6.6 vs. population median); unusually high total submitted charges (z=3.8 vs. population median)
1003048117,Nephrology,VA,I,-0.1620731670150845,0,10.03,Low,0,0,unusually high 5-year average total payment (z=8.1 vs. population median); unusually high total Medicare payment received (z=7.9 vs. population median); unusually high total submitted charges (z=6.3 vs. population median)
1003161324,Obstetrics & Gynecology,CO,I,-0.16217769340420368,0,10.0,Low,0,0,unusually high allowed-to-charge ratio (z=3.5 vs. population median); unusually high payment-to-charge ratio (z=3.3 vs. population median); unusually high 5-year average payment-to-charge ratio (z=3.1 vs. population median)
1003013269,Physician Assistant,CA,I,-0.16227601453972812,0,9.98,Low,0,0,unusually high multi-year service-volume trend (z=26.7 vs. population median); unusually high multi-year payment trend (z=16.4 vs. population median); unusually low year-over-year payment-per-service change (z=-3.2 vs. population median)
1003136367,Internal Medicine,IN,I,-0.16225630973964028,0,9.98,Low,0,0,unusually high services per billing code (z=4.6 vs. population median); unusually high charge-per-service deviation from specialty peers (z=3.1 vs. population median); unusually high payment-per-service deviation from specialty peers (z=2.9 vs. population median)
1003046079,Physical Therapist in Private Practice,LA,I,-0.16237635745563056,0,9.95,Low,0,0,unusually high services per beneficiary (z=20.4 vs. population median); unusually high 5-year average services per beneficiary (z=19.2 vs. population median); unusually high year-over-year payment change (z=3.5 vs. population median)
1003007477,Nurse Practitioner,MA,I,-0.1624231811634383,0,9.94,Low,0,0,unusually high 5-year average services per beneficiary (z=9.6 vs. population median); unusually high services-per-beneficiary deviation from specialty peers (z=7.0 vs. population median); unusually high services per beneficiary (z=5.4 vs. population median)
1003045014,Obstetrics & Gynecology,NE,I,-0.16253152091222733,0,9.92,Low,0,0,unusually high service concentration (HHI) across billing codes (z=4.8 vs. population median); unusually high 5-year average service concentration (HHI) (z=3.3 vs. population median); unusually low year-over-year payment change (z=-3.3 vs. population median)
1003020785,Emergency Medicine,TX,I,-0.16256393467891894,0,9.91,Low,0,0,unusually high payment-to-charge-ratio deviation from specialty peers (z=6.5 vs. population median); unusually high 5-year average payment per service (z=2.5 vs. population median); unusually high payment per service (z=2.3 vs. population median)
1003051269,Pathology,OR,I,-0.16261733510820514,0,9.9,Low,0,0,unusually high total services billed (z=5.2 vs. population median); unusually high total beneficiaries served (z=5.0 vs. population median); unusually high 5-year average total services (z=4.4 vs. population median)
1003012956,Anesthesiology,NJ,I,-0.1626422178614219,0,9.89,Low,0,0,unusually high services-per-beneficiary deviation from specialty peers (z=10.2 vs. population median); unusually high submitted charge per service (z=8.3 vs. population median); unusually high total submitted charges (z=6.5 vs. population median)
1003103383,Hematology,IA,I,-0.1626960544248896,0,9.88,Low,0,0,unusually low year-over-year payment change (z=-2.0 vs. population median); unusually low year-over-year service volume change (z=-2.0 vs. population median); unusually high submitted charge per service (z=1.8 vs. population median)
1003084237,Nurse Practitioner,MD,I,-0.16282510141599538,0,9.85,Low,0,0,unusually high standardized-amount-to-payment ratio (z=11.0 vs. population median); unusually low multi-year service-volume trend (z=-2.9 vs. population median); unusually low multi-year payment trend (z=-2.9 vs. population median)
1003115098,Internal Medicine,FL,I,-0.16285428113387806,0,9.84,Low,0,0,unusually high year-over-year payment change (z=6.3 vs. population median); unusually high year-over-year service volume change (z=4.8 vs. population median); unusually high year-over-year beneficiary count change (z=4.7 vs. population median)
1003022823,Emergency Medicine,NY,I,-0.16283612652175,0,9.84,Low,0,0,unusually high payment-to-charge-ratio deviation from specialty peers (z=5.2 vs. population median); unusually low standardized-amount-to-payment ratio (z=-2.4 vs. population median); unusually low service-concentration deviation from specialty peers (z=-2.4 vs. population median)
1003112533,Certified Registered Nurse Anesthetist (CRNA),FL,I,-0.1628960952192161,0,9.83,Low,0,0,unusually high service concentration (HHI) across billing codes (z=4.8 vs. population median); unusually high payment-to-charge-ratio deviation from specialty peers (z=4.0 vs. population median); unusually low year-over-year beneficiary count change (z=-3.7 vs. population median)
1003096884,Physical Therapist in Private Practice,PA,I,-0.16289810701870705,0,9.83,Low,0,0,unusually high services per beneficiary (z=14.0 vs. population median); unusually high 5-year average services per beneficiary (z=11.0 vs. population median); unusually high total services billed (z=9.4 vs. population median)
1003047564,Hospitalist,NE,I,-0.16290283804909061,0,9.83,Low,0,0,unusually high charge-per-service deviation from specialty peers (z=5.2 vs. population median); unusually high submitted charge per service (z=5.1 vs. population median); unusually high total submitted charges (z=4.8 vs. population median)
1003108317,Ophthalmology,NC,I,-0.1629315317472757,0,9.82,Low,0,0,unusually high total Medicare payment received (z=7.0 vs. population median); unusually high 5-year average total payment (z=6.9 vs. population median); unusually high total beneficiaries served (z=5.3 vs. population median)
1003000936,Cardiology,SC,I,-0.1631828186288567,0,9.76,Low,0,0,unusually high total beneficiaries served (z=6.8 vs. population median); unusually high 5-year average total services (z=6.1 vs. population median); unusually high total services billed (z=5.7 vs. population median)
1003040544,Internal Medicine,TX,I,-0.16317138716921237,0,9.76,Low,0,0,unusually high charge-per-service deviation from specialty peers (z=8.2 vs. population median); unusually high submitted charge per service (z=4.8 vs. population median); unusually high total submitted charges (z=3.7 vs. population median)
1003031188,Physician Assistant,OH,I,-0.16328781674970483,0,9.74,Low,0,0,unusually high service concentration (HHI) across billing codes (z=4.0 vs. population median); unusually high service-concentration deviation from specialty peers (z=3.4 vs. population median); unusually high 5-year average service concentration (HHI) (z=3.1 vs. population median)
1003033242,Occupational Therapist in Private Practice,OH,I,-0.1632682818182441,0,9.74,Low,0,0,unusually high services per beneficiary (z=23.8 vs. population median); unusually high 5-year average services per beneficiary (z=19.1 vs. population median); unusually high services per billing code (z=2.3 vs. population median)
1003042078,Physician Assistant,AL,I,-0.16329375843319915,0,9.73,Low,0,0,unusually high total beneficiaries served (z=5.5 vs. population median); unusually high total services billed (z=5.0 vs. population median); unusually high year-over-year service volume change (z=3.3 vs. population median)
1003120262,Ophthalmology,FL,I,-0.16333058256296845,0,9.73,Low,0,0,unusually high service-concentration deviation from specialty peers (z=4.8 vs. population median); unusually low year-over-year payment-per-service change (z=-4.5 vs. population median); unusually low year-over-year payment change (z=-3.7 vs. population median)
1003024613,Pathology,MS,I,-0.16329892747710006,0,9.73,Low,0,0,unusually low 5-year average payment-to-charge ratio (z=-1.9 vs. population median); unusually low allowed-to-charge ratio (z=-1.7 vs. population median); unusually low payment-to-charge ratio (z=-1.7 vs. population median)
1003045394,Emergency Medicine,NY,I,-0.16332641804287712,0,9.73,Low,0,0,unusually high payment-to-charge-ratio deviation from specialty peers (z=4.3 vs. population median); unusually high 5-year average payment per service (z=3.3 vs. population median); unusually low standardized-amount-to-payment ratio (z=-3.2 vs. population median)
1003009853,Family Practice,FL,I,-0.16344329600061924,0,9.7,Low,0,0,unusually high multi-year payment trend (z=4.5 vs. population median); unusually high payment-to-charge-ratio deviation from specialty peers (z=3.1 vs. population median); unusually high payment-to-charge ratio (z=3.0 vs. population median)
1003068347,Radiation Oncology,TX,I,-0.16349508298132087,0,9.69,Low,0,0,unusually high 5-year average total payment (z=5.2 vs. population median); unusually high 5-year average services per beneficiary (z=4.4 vs. population median); unusually high services per beneficiary (z=4.2 vs. population median)
1003088634,Radiation Oncology,MT,I,-0.16352815665388276,0,9.68,Low,0,0,unusually high total submitted charges (z=11.0 vs. population median); unusually high 5-year average total payment (z=4.8 vs. population median); unusually high total Medicare payment received (z=4.7 vs. population median)
1003013210,Gastroenterology,VA,I,-0.16354928913330863,0,9.67,Low,0,0,unusually high submitted charge per service (z=5.1 vs. population median); unusually high total submitted charges (z=4.6 vs. population median); unusually high services-per-beneficiary deviation from specialty peers (z=3.9 vs. population median)
1003012980,Physical Therapist in Private Practice,NV,I,-0.16365157969329225,0,9.65,Low,0,0,unusually high 5-year average services per beneficiary (z=25.3 vs. population median); unusually high services per beneficiary (z=18.4 vs. population median); unusually high services per billing code (z=13.2 vs. population median)
1003157561,Emergency Medicine,TX,I,-0.16368416704103395,0,9.64,Low,0,0,unusually high submitted charge per service (z=6.2 vs. population median); unusually high total submitted charges (z=2.6 vs. population median); unusually low 5-year average payment-to-charge ratio (z=-2.2 vs. population median)
1003103102,Nurse Practitioner,OH,I,-0.1637005586632702,0,9.64,Low,0,0,unusually high multi-year service-volume trend (z=3.9 vs. population median); unusually high multi-year payment trend (z=3.2 vs. population median); unusually high year-over-year beneficiary count change (z=3.1 vs. population median)
1003042730,Diagnostic Radiology,DC,I,-0.1637202257633758,0,9.63,Low,0,0,unusually high 5-year average total services (z=4.7 vs. population median); unusually high total beneficiaries served (z=4.2 vs. population median); unusually high payment-per-service deviation from specialty peers (z=3.9 vs. population median)
1003072489,Pathology,IN,I,-0.1637592058668632,0,9.62,Low,0,0,unusually high total beneficiaries served (z=6.6 vs. population median); unusually high total services billed (z=6.1 vs. population median); unusually high 5-year average total services (z=4.8 vs. population median)
1003119348,Nurse Practitioner,MO,I,-0.16386583686497525,0,9.6,Low,0,0,unusually high services-per-beneficiary deviation from specialty peers (z=8.0 vs. population median); unusually high services per beneficiary (z=6.2 vs. population median); unusually high service concentration (HHI) across billing codes (z=4.8 vs. population median)
1003045386,Surgical Oncology,TX,I,-0.1638380385428228,0,9.6,Low,0,0,unusually high multi-year payment trend (z=5.7 vs. population median); unusually high multi-year service-volume trend (z=4.3 vs. population median); unusually high total submitted charges (z=4.2 vs. population median)
1003054214,General Surgery,NY,I,-0.16389659831467568,0,9.59,Low,0,0,unusually high total submitted charges (z=4.8 vs. population median); unusually high submitted charge per service (z=4.3 vs. population median); unusually low standardized-amount-to-payment ratio (z=-3.5 vs. population median)
1003078171,Physician Assistant,NJ,I,-0.16401783560409322,0,9.56,Low,0,0,unusually high 5-year average service concentration (HHI) (z=4.9 vs. population median); unusually high service concentration (HHI) across billing codes (z=4.8 vs. population median); unusually high service-concentration deviation from specialty peers (z=4.1 vs. population median)
1003092081,Family Practice,MA,I,-0.16401524388193156,0,9.56,Low,0,0,unusually high year-over-year payment change (z=5.1 vs. population median); unusually high year-over-year payment-per-service change (z=4.2 vs. population median); unusually high multi-year payment trend (z=4.0 vs. population median)
1003068941,Physical Therapist in Private Practice,SD,I,-0.16404015279405804,0,9.55,Low,0,0,unusually high 5-year average services per beneficiary (z=14.6 vs. population median); unusually high services per beneficiary (z=14.0 vs. population median); unusually high services per billing code (z=4.1 vs. population median)
1003041625,Gastroenterology,MO,I,-0.1641094161806645,0,9.54,Low,0,0,unusually high service-concentration deviation from specialty peers (z=4.9 vs. population median); unusually high submitted charge per service (z=4.3 vs. population median); unusually low year-over-year payment change (z=-4.2 vs. population median)
1003076894,Family Practice,ND,I,-0.16409819792578073,0,9.54,Low,0,0,unusually high standardized-amount-to-payment ratio (z=8.2 vs. population median); unusually high multi-year service-volume trend (z=4.4 vs. population median); unusually high multi-year payment trend (z=4.0 vs. population median)
1003007964,Physician Assistant,NC,I,-0.16417098753299447,0,9.52,Low,0,0,unusually high charge-per-service deviation from specialty peers (z=7.0 vs. population median); unusually high submitted charge per service (z=6.3 vs. population median); unusually high multi-year payment trend (z=5.0 vs. population median)
1003051871,Hematology-Oncology,IL,I,-0.16418567784331134,0,9.52,Low,0,0,unusually low year-over-year payment-per-service change (z=-4.9 vs. population median); unusually high services per billing code (z=3.2 vs. population median); unusually high services per beneficiary (z=2.6 vs. population median)
1003155151,Interventional Cardiology,GA,I,-0.16429254373940227,0,9.49,Low,0,0,unusually high service-concentration deviation from specialty peers (z=4.8 vs. population median); unusually low payment-per-service deviation from specialty peers (z=-2.1 vs. population median); unusually low 5-year average payment per service (z=-1.8 vs. population median)
1003078668,Gastroenterology,PA,I,-0.16434358982542363,0,9.48,Low,0,0,unusually low year-over-year payment change (z=-3.0 vs. population median); unusually low payment-per-service deviation from specialty peers (z=-2.7 vs. population median); unusually low year-over-year beneficiary count change (z=-2.5 vs. population median)
1003083270,Cardiology,IL,I,-0.16434979685654455,0,9.48,Low,0,0,unusually high total beneficiaries served (z=7.4 vs. population median); unusually high number of distinct billing codes (HCPCS) used (z=4.2 vs. population median); unusually high total services billed (z=4.0 vs. population median)
1003046020,Emergency Medicine,TX,I,-0.1644296107400674,0,9.46,Low,0,0,unusually high submitted charge per service (z=8.8 vs. population median); unusually high total submitted charges (z=8.7 vs. population median); unusually low 5-year average payment-to-charge ratio (z=-2.3 vs. population median)
1003117383,Hospitalist,IN,I,-0.16443644084820858,0,9.46,Low,0,0,unusually high payment-per-service deviation from specialty peers (z=3.9 vs. population median); unusually high payment per service (z=3.3 vs. population median); unusually high 5-year average payment per service (z=3.1 vs. population median)
1003092370,Physician Assistant,NY,I,-0.16448773594344746,0,9.45,Low,0,0,unusually low year-over-year payment-per-service change (z=-4.8 vs. population median); unusually low year-over-year payment change (z=-3.6 vs. population median); unusually high payment-to-charge-ratio deviation from specialty peers (z=3.4 vs. population median)
1003057266,Critical Care (Intensivists),IN,I,-0.16451569759678486,0,9.44,Low,0,0,unusually high submitted charge per service (z=8.8 vs. population median); unusually high charge-per-service deviation from specialty peers (z=3.3 vs. population median); unusually high multi-year service-volume trend (z=3.1 vs. population median)
1003090697,Physician Assistant,CA,I,-0.16454502578674413,0,9.43,Low,0,0,unusually high charge-per-service deviation from specialty peers (z=6.0 vs. population median); unusually high submitted charge per service (z=5.4 vs. population median); unusually high service concentration (HHI) across billing codes (z=2.5 vs. population median)
1003065178,Emergency Medicine,OH,I,-0.1646186189029722,0,9.42,Low,0,0,unusually high services-per-beneficiary deviation from specialty peers (z=11.3 vs. population median); unusually high payment-to-charge-ratio deviation from specialty peers (z=6.1 vs. population median); unusually high services per billing code (z=2.0 vs. population median)
1003161126,Vascular Surgery,PA,I,-0.16460989360241912,0,9.42,Low,0,0,unusually low charge-per-service deviation from specialty peers (z=-1.7 vs. population median); unusually low 5-year average payment per service (z=-1.5 vs. population median); unusually low payment-per-service deviation from specialty peers (z=-1.4 vs. population median)
1003103532,Hematology-Oncology,LA,I,-0.16461879643390281,0,9.42,Low,0,0,unusually high year-over-year service volume change (z=6.5 vs. population median); unusually low year-over-year payment-per-service change (z=-6.2 vs. population median); unusually high year-over-year beneficiary count change (z=5.0 vs. population median)
1003049255,Emergency Medicine,NY,I,-0.16464962638638075,0,9.41,Low,0,0,unusually high payment-to-charge-ratio deviation from specialty peers (z=3.9 vs. population median); unusually low standardized-amount-to-payment ratio (z=-3.2 vs. population median); unusually high 5-year average payment per service (z=2.5 vs. population median)
1003061367,Diagnostic Radiology,MN,I,-0.16468527423521773,0,9.4,Low,0,0,unusually high number of distinct billing codes (HCPCS) used (z=4.8 vs. population median); unusually high total beneficiaries served (z=3.0 vs. population median); unusually high 5-year average total services (z=2.1 vs. population median)
1003076639,Nurse Practitioner,MT,I,-0.1646914793176784,0,9.4,Low,0,0,unusually high standardized-amount-to-payment ratio (z=9.0 vs. population median); unusually low service-concentration deviation from specialty peers (z=-1.3 vs. population median); unusually low 5-year average payment per service (z=-1.1 vs. population median)
1003107541,Internal Medicine,DC,I,-0.16469235027033008,0,9.4,Low,0,0,unusually high multi-year payment trend (z=4.3 vs. population median); unusually high year-over-year payment change (z=3.9 vs. population median); unusually high year-over-year service volume change (z=3.5 vs. population median)
1003102716,Nurse Practitioner,KY,I,-0.1647712243657833,0,9.38,Low,0,0,unusually high year-over-year service volume change (z=2.5 vs. population median); unusually low year-over-year payment-per-service change (z=-2.0 vs. population median); unusually high multi-year payment trend (z=1.8 vs. population median)
1003156423,Nurse Practitioner,NY,I,-0.16477438423238588,0,9.38,Low,0,0,unusually high charge-per-service deviation from specialty peers (z=3.5 vs. population median); unusually low standardized-amount-to-payment ratio (z=-3.1 vs. population median); unusually high submitted charge per service (z=2.1 vs. population median)
1003079666,Emergency Medicine,TX,I,-0.1647677960205181,0,9.38,Low,0,0,unusually high submitted charge per service (z=10.0 vs. population median); unusually high year-over-year beneficiary count change (z=5.2 vs. population median); unusually high year-over-year service volume change (z=4.7 vs. population median)
1003014051,Optometry,AZ,I,-0.16477220737059717,0,9.38,Low,0,0,unusually high total beneficiaries served (z=7.7 vs. population median); unusually high charge-per-service deviation from specialty peers (z=6.1 vs. population median); unusually high total Medicare payment received (z=4.5 vs. population median)
1003086315,Certified Registered Nurse Anesthetist (CRNA),TX,I,-0.16478955315316768,0,9.37,Low,0,0,unusually high service concentration (HHI) across billing codes (z=4.8 vs. population median); unusually high 5-year average service concentration (HHI) (z=2.9 vs. population median); unusually low multi-year payment trend (z=-2.1 vs. population median)
1003022310,Nurse Practitioner,GA,I,-0.16483479580165122,0,9.36,Low,1,0,unusually high charge-per-service deviation from specialty peers (z=5.4 vs. population median); unusually high year-over-year payment change (z=5.4 vs. population median); unusually high year-over-year service volume change (z=4.6 vs. population median)
1003136458,Hematology-Oncology,IL,I,-0.1648702998123877,0,9.35,Low,0,0,unusually high services per beneficiary (z=4.0 vs. population median); unusually high total Medicare payment received (z=4.0 vs. population median); unusually high 5-year average total payment (z=3.7 vs. population median)
1003067547,Family Practice,CO,I,-0.16490331833201183,0,9.35,Low,0,0,unusually high year-over-year payment change (z=7.7 vs. population median); unusually high year-over-year beneficiary count change (z=5.9 vs. population median); unusually high multi-year payment trend (z=5.1 vs. population median)
1003090911,General Surgery,PA,I,-0.16494710962846432,0,9.34,Low,0,0,unusually low year-over-year payment-per-service change (z=-4.1 vs. population median); unusually low year-over-year payment change (z=-2.6 vs. population median); unusually high allowed-to-charge ratio (z=2.3 vs. population median)
1003005836,Internal Medicine,MN,I,-0.1649298016173194,0,9.34,Low,0,0,unusually high multi-year payment trend (z=5.4 vs. population median); unusually high year-over-year beneficiary count change (z=4.8 vs. population median); unusually high year-over-year service volume change (z=4.6 vs. population median)
1003081928,Family Practice,NM,I,-0.16501786983012673,0,9.32,Low,0,0,unusually high payment-per-service deviation from specialty peers (z=2.7 vs. population median); unusually high total Medicare payment received (z=1.9 vs. population median); unusually high 5-year average payment per service (z=1.7 vs. population median)
1003046129,Nurse Practitioner,GA,I,-0.16522589990922099,0,9.27,Low,0,0,unusually high year-over-year service volume change (z=7.9 vs. population median); unusually high year-over-year beneficiary count change (z=5.7 vs. population median); unusually low year-over-year payment-per-service change (z=-4.3 vs. population median)
1003107426,Obstetrics & Gynecology,TX,I,-0.16527834821930926,0,9.26,Low,0,0,unusually high multi-year payment trend (z=5.8 vs. population median); unusually high year-over-year beneficiary count change (z=5.3 vs. population median); unusually high year-over-year service volume change (z=5.1 vs. population median)
1003005729,Physician Assistant,OH,I,-0.16526498380954607,0,9.26,Low,0,0,unusually high charge-per-service deviation from specialty peers (z=6.5 vs. population median); unusually high submitted charge per service (z=5.9 vs. population median); unusually high payment-per-service deviation from specialty peers (z=3.6 vs. population median)
1003132861,Infectious Disease,GA,I,-0.16528768994351695,0,9.25,Low,0,0,unusually low standardized-amount-to-payment ratio (z=-4.6 vs. population median); unusually high submitted charge per service (z=3.2 vs. population median); unusually high charge-per-service deviation from specialty peers (z=2.8 vs. population median)
1003040106,Physician Assistant,MO,I,-0.16549302328926047,0,9.2,Low,0,0,unusually high service concentration (HHI) across billing codes (z=4.8 vs. population median); unusually high service-concentration deviation from specialty peers (z=4.1 vs. population median); unusually high 5-year average service concentration (HHI) (z=3.9 vs. population median)
1003080797,Pathology,MD,I,-0.1654930930223527,0,9.2,Low,0,0,unusually high total services billed (z=5.8 vs. population median); unusually high 5-year average total services (z=5.5 vs. population median); unusually high total beneficiaries served (z=4.8 vs. population median)
1003042060,Physician Assistant,NH,I,-0.1657544822071757,0,9.14,Low,0,0,unusually high payment-to-charge-ratio deviation from specialty peers (z=4.2 vs. population median); unusually low year-over-year service volume change (z=-3.1 vs. population median); unusually low year-over-year payment change (z=-3.0 vs. population median)
1003102724,Optometry,CA,I,-0.16576091757764672,0,9.14,Low,0,0,unusually high charge-per-service deviation from specialty peers (z=5.9 vs. population median); unusually low year-over-year payment-per-service change (z=-3.8 vs. population median); unusually low year-over-year payment change (z=-3.5 vs. population median)
1003063504,Optometry,OH,I,-0.16576974605096145,0,9.14,Low,0,0,unusually high year-over-year payment change (z=5.1 vs. population median); unusually high year-over-year payment-per-service change (z=3.3 vs. population median); unusually high year-over-year beneficiary count change (z=3.2 vs. population median)
1003015439,Nephrology,NY,I,-0.16590087896547745,0,9.11,Low,0,0,unusually low standardized-amount-to-payment ratio (z=-4.1 vs. population median); unusually high charge-per-service deviation from specialty peers (z=3.6 vs. population median); unusually high total submitted charges (z=2.9 vs. population median)
1003055146,Physical Therapist in Private Practice,CO,I,-0.165918349894338,0,9.1,Low,0,0,unusually high services per beneficiary (z=20.1 vs. population median); unusually high 5-year average services per beneficiary (z=16.7 vs. population median); unusually high services per billing code (z=4.9 vs. population median)
1003049610,Critical Care (Intensivists),NJ,I,-0.1660296874854989,0,9.08,Low,0,0,unusually high 5-year average total payment (z=7.7 vs. population median); unusually high total Medicare payment received (z=6.6 vs. population median); unusually high total beneficiaries served (z=6.4 vs. population median)
1003102948,Emergency Medicine,IL,I,-0.1661698993606608,0,9.04,Low,0,0,unusually high year-over-year payment-per-service change (z=5.7 vs. population median); unusually high service-concentration deviation from specialty peers (z=3.8 vs. population median); unusually high payment-to-charge-ratio deviation from specialty peers (z=3.0 vs. population median)
1003113671,Physician Assistant,OH,I,-0.16623878037414042,0,9.03,Low,0,0,unusually high year-over-year payment change (z=7.6 vs. population median); unusually high year-over-year beneficiary count change (z=5.0 vs. population median); unusually high year-over-year service volume change (z=4.4 vs. population median)
1003073396,Cardiology,NC,I,-0.1662219760892782,0,9.03,Low,0,0,unusually high total beneficiaries served (z=6.5 vs. population median); unusually high number of distinct billing codes (HCPCS) used (z=4.2 vs. population median); unusually high total services billed (z=3.5 vs. population median)
1003146226,Nurse Practitioner,LA,I,-0.16626231188746737,0,9.02,Low,0,0,unusually high payment-to-charge-ratio deviation from specialty peers (z=3.2 vs. population median); unusually high allowed-to-charge ratio (z=2.6 vs. population median); unusually high payment-to-charge ratio (z=2.5 vs. population median)
1003030297,Nurse Practitioner,TX,I,-0.16626620276263687,0,9.02,Low,0,0,unusually high total beneficiaries served (z=10.4 vs. population median); unusually high services per billing code (z=8.3 vs. population median); unusually high total services billed (z=6.9 vs. population median)
1003042409,General Surgery,NC,I,-0.16625131243926083,0,9.02,Low,0,0,unusually high year-over-year beneficiary count change (z=7.5 vs. population median); unusually high year-over-year payment change (z=6.9 vs. population median); unusually high year-over-year service volume change (z=5.7 vs. population median)
1003141102,Family Practice,CA,I,-0.1663649010493684,0,9.0,Low,0,0,unusually low standardized-amount-to-payment ratio (z=-3.6 vs. population median); unusually high services-per-beneficiary deviation from specialty peers (z=2.0 vs. population median); unusually high services per beneficiary (z=1.5 vs. population median)
1003158577,Vascular Surgery,TX,I,-0.16640021505672775,0,8.99,Low,0,0,unusually high services-per-beneficiary deviation from specialty peers (z=4.0 vs. population median); unusually high number of distinct billing codes (HCPCS) used (z=2.5 vs. population median); unusually low 5-year average service concentration (HHI) (z=-1.7 vs. population median)
1003093014,Pathology,CT,I,-0.16645270824610003,0,8.97,Low,0,0,unusually high 5-year average total services (z=3.9 vs. population median); unusually high total services billed (z=3.6 vs. population median); unusually high total beneficiaries served (z=2.6 vs. population median)
1003054263,Nurse Practitioner,NY,I,-0.16646918728951066,0,8.97,Low,0,0,unusually low year-over-year payment-per-service change (z=-8.0 vs. population median); unusually low year-over-year payment change (z=-3.4 vs. population median); unusually low multi-year payment trend (z=-2.7 vs. population median)
1003159526,Physician Assistant,CA,I,-0.16651330630093697,0,8.96,Low,0,0,unusually high charge-per-service deviation from specialty peers (z=3.5 vs. population median); unusually low standardized-amount-to-payment ratio (z=-3.5 vs. population median); unusually high submitted charge per service (z=3.3 vs. population median)
1003025347,Family Practice,LA,I,-0.16650764873678964,0,8.96,Low,0,0,unusually high services-per-beneficiary deviation from specialty peers (z=3.7 vs. population median); unusually low year-over-year payment change (z=-3.2 vs. population median); unusually low year-over-year beneficiary count change (z=-3.2 vs. population median)
1003050295,Nurse Practitioner,FL,I,-0.16654715257153507,0,8.95,Low,0,0,unusually high multi-year service-volume trend (z=17.0 vs. population median); unusually high multi-year payment trend (z=11.1 vs. population median); unusually high 5-year average service concentration (HHI) (z=3.5 vs. population median)
1003049156,Occupational Therapist in Private Practice,WI,I,-0.16654205427455132,0,8.95,Low,0,0,unusually high services per beneficiary (z=8.0 vs. population median); unusually high 5-year average services per beneficiary (z=6.7 vs. population median); unusually high charge-per-service deviation from specialty peers (z=3.2 vs. population median)
1003013715,Physical Medicine and Rehabilitation,CA,I,-0.16659903999244619,0,8.94,Low,0,0,unusually high charge-per-service deviation from specialty peers (z=6.5 vs. population median); unusually high year-over-year beneficiary count change (z=5.9 vs. population median); unusually high year-over-year payment-per-service change (z=5.0 vs. population median)
1003138678,Nurse Practitioner,AL,I,-0.16660762351439212,0,8.94,Low,0,0,unusually high standardized-amount-to-payment ratio (z=2.5 vs. population median); unusually high number of distinct billing codes (HCPCS) used (z=2.0 vs. population median); unusually low service-concentration deviation from specialty peers (z=-1.7 vs. population median)
1003140963,Family Practice,MO,I,-0.16659939865918488,0,8.94,Low,0,0,unusually low payment-per-service deviation from specialty peers (z=-3.2 vs. population median); unusually low 5-year average payment per service (z=-2.3 vs. population median); unusually low payment per service (z=-2.2 vs. population median)
1003108036,Physical Therapist in Private Practice,CA,I,-0.16662673390138216,0,8.93,Low,0,0,unusually high services per beneficiary (z=7.3 vs. population median); unusually high 5-year average services per beneficiary (z=6.5 vs. population median); unusually high payment-per-service deviation from specialty peers (z=3.4 vs. population median)
1003043399,Otolaryngology,NC,I,-0.16662621891442225,0,8.93,Low,0,0,unusually high services-per-beneficiary deviation from specialty peers (z=14.0 vs. population median); unusually high 5-year average total services (z=6.1 vs. population median); unusually high total services billed (z=4.2 vs. population median)
1003074485,Pathology,IN,I,-0.1666610685645583,0,8.92,Low,0,0,unusually high total services billed (z=4.1 vs. population median); unusually high total beneficiaries served (z=3.8 vs. population median); unusually high total submitted charges (z=3.7 vs. population median)
1003070780,Family Practice,AK,I,-0.166667712036148,0,8.92,Low,0,0,unusually high services-per-beneficiary deviation from specialty peers (z=14.2 vs. population median); unusually high services per beneficiary (z=10.2 vs. population median); unusually low standardized-amount-to-payment ratio (z=-6.7 vs. population median)
1003075839,Hematology,VA,I,-0.16669551804585359,0,8.92,Low,0,0,unusually high submitted charge per service (z=1.2 vs. population median); unusually low 5-year average service concentration (HHI) (z=-0.9 vs. population median); unusually high payment per service (z=0.9 vs. population median)
1003071267,Licensed Professional Counselor,TX,I,-0.16666654345496956,0,8.92,Low,0,0,unusually high services per beneficiary (z=4.9 vs. population median); unusually high 5-year average services per beneficiary (z=4.3 vs. population median); unusually high payment-to-charge ratio (z=1.7 vs. population median)
1003079922,Nurse Practitioner,OH,I,-0.1666618003125131,0,8.92,Low,0,0,unusually high total services billed (z=7.4 vs. population median); unusually high total beneficiaries served (z=7.0 vs. population median); unusually high 5-year average total services (z=6.9 vs. population median)
1003142704,Neurology,IL,I,-0.16672359119868335,0,8.91,Low,0,0,unusually high submitted charge per service (z=2.1 vs. population median); unusually low payment-to-charge-ratio deviation from specialty peers (z=-1.7 vs. population median); unusually high charge-per-service deviation from specialty peers (z=1.7 vs. population median)
1003138181,Physician Assistant,VT,I,-0.16676302901605022,0,8.9,Low,0,0,unusually high charge-per-service deviation from specialty peers (z=4.0 vs. population median); unusually high submitted charge per service (z=3.7 vs. population median); unusually high payment-per-service deviation from specialty peers (z=2.3 vs. population median)
1003065046,Physician Assistant,GA,I,-0.16690427214971237,0,8.87,Low,0,0,unusually high charge-per-service deviation from specialty peers (z=6.5 vs. population median); unusually high submitted charge per service (z=5.8 vs. population median); unusually low standardized-amount-to-payment ratio (z=-2.6 vs. population median)
1003100223,Cardiology,CT,I,-0.16688871262118565,0,8.87,Low,0,0,unusually high total beneficiaries served (z=6.6 vs. population median); unusually high total submitted charges (z=6.3 vs. population median); unusually high total Medicare payment received (z=5.4 vs. population median)
1003016957,Interventional Cardiology,CT,I,-0.16691457092740591,0,8.86,Low,0,0,unusually high total beneficiaries served (z=5.7 vs. population median); unusually high total services billed (z=4.0 vs. population median); unusually high 5-year average total payment (z=3.6 vs. population median)
1003012063,Nephrology,DC,I,-0.1670003257091615,0,8.84,Low,0,0,unusually high 5-year average total payment (z=3.7 vs. population median); unusually high 5-year average services per beneficiary (z=3.4 vs. population median); unusually high services per beneficiary (z=2.8 vs. population median)
1003069022,Physician Assistant,FL,I,-0.16705707368092404,0,8.83,Low,0,0,unusually high year-over-year payment change (z=5.9 vs. population median); unusually high charge-per-service deviation from specialty peers (z=4.4 vs. population median); unusually high submitted charge per service (z=4.1 vs. population median)
1003025461,Internal Medicine,PA,I,-0.16706763613684555,0,8.83,Low,0,0,unusually high year-over-year beneficiary count change (z=6.0 vs. population median); unusually low year-over-year payment-per-service change (z=-5.1 vs. population median); unusually high year-over-year service volume change (z=4.0 vs. population median)
1003024829,Internal Medicine,VA,I,-0.16704225223517066,0,8.83,Low,0,0,unusually high 5-year average service concentration (HHI) (z=3.7 vs. population median); unusually low year-over-year payment-per-service change (z=-3.6 vs. population median); unusually high charge-per-service deviation from specialty peers (z=3.1 vs. population median)
1003070954,Diagnostic Radiology,MI,I,-0.16714351578207626,0,8.81,Low,0,0,unusually high number of distinct billing codes (HCPCS) used (z=7.2 vs. population median); unusually high total beneficiaries served (z=3.3 vs. population median); unusually high 5-year average total services (z=2.4 vs. population median)
1003155912,Nurse Practitioner,NY,I,-0.1672199116883229,0,8.79,Low,0,0,unusually high services-per-beneficiary deviation from specialty peers (z=4.8 vs. population median); unusually high services per beneficiary (z=3.7 vs. population median); unusually high 5-year average services per beneficiary (z=3.2 vs. population median)
1003003021,Physical Therapist in Private Practice,MI,I,-0.1672409530000929,0,8.78,Low,0,0,unusually high services per beneficiary (z=16.6 vs. population median); unusually high 5-year average services per beneficiary (z=16.6 vs. population median); unusually high year-over-year beneficiary count change (z=2.4 vs. population median)
1003134313,Pathology,CO,I,-0.16725904224980842,0,8.78,Low,0,0,unusually high service-concentration deviation from specialty peers (z=4.1 vs. population median); unusually low year-over-year payment-per-service change (z=-3.7 vs. population median); unusually low year-over-year payment change (z=-3.3 vs. population median)
1003013392,Urology,MI,I,-0.1672896897373486,0,8.77,Low,0,0,unusually high total beneficiaries served (z=3.2 vs. population median); unusually high payment-to-charge-ratio deviation from specialty peers (z=2.9 vs. population median); unusually low year-over-year payment-per-service change (z=-2.7 vs. population median)
1003132200,Anesthesiology,AL,I,-0.1672867861067821,0,8.77,Low,0,0,unusually low year-over-year payment change (z=-3.6 vs. population median); unusually low year-over-year payment-per-service change (z=-3.1 vs. population median); unusually low year-over-year beneficiary count change (z=-3.0 vs. population median)
1003094558,Physical Therapist in Private Practice,WI,I,-0.16732516605194497,0,8.76,Low,0,0,unusually high charge-per-service deviation from specialty peers (z=5.3 vs. population median); unusually high services per beneficiary (z=4.6 vs. population median); unusually high 5-year average services per beneficiary (z=3.5 vs. population median)
1003088915,Neurology,LA,I,-0.1673898770548352,0,8.75,Low,0,0,unusually high service-concentration deviation from specialty peers (z=5.1 vs. population median); unusually high service concentration (HHI) across billing codes (z=4.8 vs. population median); unusually low year-over-year service volume change (z=-3.1 vs. population median)
1003103201,Neurology,MI,I,-0.16744070636319175,0,8.74,Low,0,0,unusually high payment-to-charge-ratio deviation from specialty peers (z=3.3 vs. population median); unusually high allowed-to-charge ratio (z=2.5 vs. population median); unusually high payment-to-charge ratio (z=2.4 vs. population median)
1003100314,Emergency Medicine,MI,I,-0.16746942405646514,0,8.73,Low,0,0,unusually high submitted charge per service (z=7.7 vs. population median); unusually high 5-year average payment per service (z=2.9 vs. population median); unusually low year-over-year payment change (z=-2.7 vs. population median)
1003041476,Allergy/ Immunology,IL,I,-0.1675293458953907,0,8.72,Low,0,0,unusually high services per beneficiary (z=13.8 vs. population median); unusually high 5-year average services per beneficiary (z=10.6 vs. population median); unusually high multi-year service-volume trend (z=2.8 vs. population median)
1003015447,Nurse Practitioner,IL,I,-0.16752260352218684,0,8.72,Low,0,0,unusually high year-over-year beneficiary count change (z=17.0 vs. population median); unusually high year-over-year payment change (z=6.4 vs. population median); unusually high year-over-year service volume change (z=4.4 vs. population median)
1003096272,Nurse Practitioner,MI,I,-0.16749640974597313,0,8.72,Low,0,0,unusually high services-per-beneficiary deviation from specialty peers (z=5.0 vs. population median); unusually high service concentration (HHI) across billing codes (z=4.8 vs. population median); unusually low year-over-year beneficiary count change (z=-4.4 vs. population median)
1003157041,Physician Assistant,CA,I,-0.1675291473273997,0,8.72,Low,0,0,unusually high services-per-beneficiary deviation from specialty peers (z=4.3 vs. population median); unusually high total services billed (z=2.4 vs. population median); unusually high 5-year average total services (z=2.3 vs. population median)
1003030628,Emergency Medicine,IA,I,-0.16755140212411485,0,8.71,Low,0,0,unusually low year-over-year payment-per-service change (z=-4.9 vs. population median); unusually high total beneficiaries served (z=4.4 vs. population median); unusually high services per billing code (z=4.2 vs. population median)
1003019860,Pathology,WI,I,-0.16756136131841337,0,8.71,Low,0,0,unusually high 5-year average total services (z=3.6 vs. population median); unusually high total beneficiaries served (z=2.9 vs. population median); unusually high total services billed (z=2.6 vs. population median)
1003104787,Nurse Practitioner,NY,I,-0.16762443319236076,0,8.69,Low,0,0,unusually low year-over-year beneficiary count change (z=-5.5 vs. population median); unusually low year-over-year payment change (z=-5.2 vs. population median); unusually low year-over-year service volume change (z=-5.0 vs. population median)
1003108184,Emergency Medicine,NY,I,-0.16767618129360295,0,8.68,Low,0,0,unusually high submitted charge per service (z=6.0 vs. population median); unusually high 5-year average payment per service (z=3.8 vs. population median); unusually low standardized-amount-to-payment ratio (z=-3.2 vs. population median)
1003162769,Physician Assistant,TN,I,-0.16775565912782808,0,8.66,Low,0,0,unusually high charge-per-service deviation from specialty peers (z=4.6 vs. population median); unusually high submitted charge per service (z=4.2 vs. population median); unusually low payment-to-charge-ratio deviation from specialty peers (z=-2.0 vs. population median)
1003054305,Nurse Practitioner,IA,I,-0.16777202337070324,0,8.66,Low,0,0,unusually high services per billing code (z=6.1 vs. population median); unusually high total beneficiaries served (z=4.9 vs. population median); unusually low year-over-year payment-per-service change (z=-4.4 vs. population median)
1003061532,Physician Assistant,CA,I,-0.16780152272705628,0,8.65,Low,0,0,unusually high services-per-beneficiary deviation from specialty peers (z=8.2 vs. population median); unusually high services per beneficiary (z=4.5 vs. population median); unusually high 5-year average service concentration (HHI) (z=4.2 vs. population median)
1003043985,Diagnostic Radiology,FL,I,-0.16788555357670082,0,8.63,Low,0,0,unusually high payment-per-service deviation from specialty peers (z=4.5 vs. population median); unusually high total beneficiaries served (z=4.4 vs. population median); unusually high number of distinct billing codes (HCPCS) used (z=4.0 vs. population median)
1003011214,Internal Medicine,MD,I,-0.16787143535087867,0,8.63,Low,0,0,unusually high total services billed (z=4.0 vs. population median); unusually high 5-year average total payment (z=3.7 vs. population median); unusually high total Medicare payment received (z=3.7 vs. population median)
1003112251,Hospitalist,NJ,I,-0.16792349073337054,0,8.62,Low,0,0,unusually high multi-year service-volume trend (z=6.0 vs. population median); unusually low year-over-year payment-per-service change (z=-3.6 vs. population median); unusually high number of distinct billing codes (HCPCS) used (z=3.5 vs. population median)
1003001140,Physical Therapist in Private Practice,NV,I,-0.16798478902197794,0,8.61,Low,0,0,unusually high 5-year average services per beneficiary (z=7.0 vs. population median); unusually high 5-year average total services (z=6.9 vs. population median); unusually high total services billed (z=4.6 vs. population median)
1003073438,Radiation Oncology,OH,I,-0.16799952264988188,0,8.6,Low,0,0,unusually high total Medicare payment received (z=4.7 vs. population median); unusually high 5-year average total payment (z=4.1 vs. population median); unusually high total services billed (z=3.6 vs. population median)
1003082850,Cardiology,NY,I,-0.16800187401006073,0,8.6,Low,0,0,unusually high multi-year service-volume trend (z=5.2 vs. population median); unusually high multi-year payment trend (z=4.6 vs. population median); unusually low standardized-amount-to-payment ratio (z=-3.5 vs. population median)
1003106287,General Surgery,TX,I,-0.16801964665489538,0,8.6,Low,0,0,unusually high year-over-year service volume change (z=5.2 vs. population median); unusually high year-over-year payment change (z=4.0 vs. population median); unusually high year-over-year beneficiary count change (z=3.8 vs. population median)
1003143280,Family Practice,PA,I,-0.16799290632417202,0,8.6,Low,0,0,unusually high number of distinct billing codes (HCPCS) used (z=2.0 vs. population median); unusually high total beneficiaries served (z=1.7 vs. population median); unusually high standardized-amount-to-payment ratio (z=1.4 vs. population median)
1003062589,Neurology,IL,I,-0.16800640074091916,0,8.6,Low,0,0,unusually low year-over-year payment-per-service change (z=-4.8 vs. population median); unusually high year-over-year beneficiary count change (z=4.4 vs. population median); unusually high year-over-year service volume change (z=3.6 vs. population median)
1003005372,Physical Medicine and Rehabilitation,NY,I,-0.16817396242789973,0,8.56,Low,0,0,unusually high charge-per-service deviation from specialty peers (z=5.4 vs. population median); unusually high multi-year payment trend (z=4.4 vs. population median); unusually high submitted charge per service (z=3.0 vs. population median)
1003036252,Family Practice,MS,I,-0.16817982893872752,0,8.56,Low,0,0,unusually low payment-per-service deviation from specialty peers (z=-3.5 vs. population median); unusually high service-concentration deviation from specialty peers (z=2.7 vs. population median); unusually low 5-year average payment per service (z=-2.5 vs. population median)
1003158171,Family Practice,MI,I,-0.16817452188788068,0,8.56,Low,0,0,unusually high allowed-to-charge ratio (z=3.3 vs. population median); unusually high payment-to-charge-ratio deviation from specialty peers (z=2.7 vs. population median); unusually high payment-to-charge ratio (z=2.7 vs. population median)
1003048786,Obstetrics & Gynecology,CA,I,-0.16823244065647236,0,8.55,Low,0,0,unusually high multi-year payment trend (z=12.0 vs. population median); unusually high multi-year service-volume trend (z=7.0 vs. population median); unusually high year-over-year payment change (z=3.1 vs. population median)
1003072059,Physician Assistant,TN,I,-0.16831223249091254,0,8.53,Low,0,0,unusually high payment-to-charge-ratio deviation from specialty peers (z=2.8 vs. population median); unusually low year-over-year beneficiary count change (z=-2.7 vs. population median); unusually low year-over-year payment change (z=-2.7 vs. population median)
1003019092,Ophthalmology,TX,I,-0.168294709822163,0,8.53,Low,0,0,unusually high 5-year average total payment (z=7.2 vs. population median); unusually high total Medicare payment received (z=6.5 vs. population median); unusually high total beneficiaries served (z=6.4 vs. population median)
1003076415,Anesthesiology,PR,I,-0.16832841925941067,0,8.52,Low,0,0,unusually high submitted charge per service (z=3.5 vs. population median); unusually low standardized-amount-to-payment ratio (z=-2.8 vs. population median); unusually low 5-year average payment-to-charge ratio (z=-2.0 vs. population median)
1003132671,Emergency Medicine,CA,I,-0.1683921215703269,0,8.51,Low,0,0,unusually high total submitted charges (z=5.1 vs. population median); unusually high submitted charge per service (z=4.9 vs. population median); unusually high services per billing code (z=2.5 vs. population median)
1003040528,Nurse Practitioner,OK,I,-0.16844250160868818,0,8.5,Low,0,0,unusually high year-over-year payment-per-service change (z=3.7 vs. population median); unusually high standardized-amount-to-payment ratio (z=1.3 vs. population median); unusually low 5-year average total payment (z=-1.0 vs. population median)
1003028515,Physical Therapist in Private Practice,CA,I,-0.16846628593878188,0,8.49,Low,1,0,unusually high 5-year average services per beneficiary (z=6.5 vs. population median); unusually high services per beneficiary (z=5.4 vs. population median); unusually high services per billing code (z=4.8 vs. population median)
1003158486,Neurosurgery,CT,I,-0.1684937489095522,0,8.48,Low,0,0,unusually high payment-to-charge-ratio deviation from specialty peers (z=4.3 vs. population median); unusually high service-concentration deviation from specialty peers (z=1.8 vs. population median); unusually high payment-to-charge ratio (z=1.6 vs. population median)
1003042268,Physician Assistant,NC,I,-0.16848774908543035,0,8.48,Low,0,0,unusually high charge-per-service deviation from specialty peers (z=5.5 vs. population median); unusually high submitted charge per service (z=5.0 vs. population median); unusually low year-over-year beneficiary count change (z=-4.8 vs. population median)
1003103672,Family Practice,OH,I,-0.1686705511154592,0,8.44,Low,0,0,unusually high multi-year payment trend (z=4.0 vs. population median); unusually high payment-to-charge ratio (z=2.3 vs. population median); unusually high payment-to-charge-ratio deviation from specialty peers (z=2.2 vs. population median)
1003027533,Diagnostic Radiology,TX,I,-0.16866641097790047,0,8.44,Low,0,0,unusually high total beneficiaries served (z=8.7 vs. population median); unusually high 5-year average total services (z=5.1 vs. population median); unusually high total services billed (z=4.6 vs. population median)
1003043043,Critical Care (Intensivists),TN,I,-0.16873737115023046,0,8.42,Low,0,0,unusually high services-per-beneficiary deviation from specialty peers (z=10.8 vs. population median); unusually high services per beneficiary (z=7.5 vs. population median); unusually high 5-year average services per beneficiary (z=6.1 vs. population median)
1003068628,Physician Assistant,CO,I,-0.16875161624506718,0,8.42,Low,0,0,unusually high standardized-amount-to-payment ratio (z=15.9 vs. population median); unusually high year-over-year beneficiary count change (z=2.2 vs. population median); unusually high year-over-year service volume change (z=1.8 vs. population median)
1003122698,Diagnostic Radiology,PA,I,-0.16876653593727498,0,8.42,Low,0,0,unusually high total beneficiaries served (z=6.4 vs. population median); unusually high 5-year average total services (z=5.2 vs. population median); unusually high total services billed (z=4.2 vs. population median)
1003163551,Emergency Medicine,NY,I,-0.16889110085404152,0,8.39,Low,0,0,unusually high submitted charge per service (z=4.4 vs. population median); unusually high total submitted charges (z=4.0 vs. population median); unusually high services per billing code (z=2.1 vs. population median)
1003043787,Internal Medicine,KY,I,-0.1688631442253522,0,8.39,Low,0,0,unusually low year-over-year payment change (z=-5.4 vs. population median); unusually low year-over-year beneficiary count change (z=-5.3 vs. population median); unusually low year-over-year service volume change (z=-4.7 vs. population median)
1003133315,Neurology,TX,I,-0.16892057817186773,0,8.38,Low,0,0,unusually high year-over-year beneficiary count change (z=3.0 vs. population median); unusually high year-over-year payment change (z=2.5 vs. population median); unusually high 5-year average payment per service (z=2.5 vs. population median)
1003017112,Internal Medicine,FL,I,-0.16892773126084748,0,8.38,Low,0,0,unusually high total beneficiaries served (z=3.4 vs. population median); unusually low payment-per-service deviation from specialty peers (z=-3.0 vs. population median); unusually high number of distinct billing codes (HCPCS) used (z=2.5 vs. population median)
1003082041,Anesthesiology,IN,I,-0.1689844785458675,0,8.37,Low,0,0,unusually high submitted charge per service (z=8.3 vs. population median); unusually high multi-year payment trend (z=3.1 vs. population median); unusually low 5-year average payment-to-charge ratio (z=-2.4 vs. population median)
1003131988,Infectious Disease,GA,I,-0.16896803319274706,0,8.37,Low,0,0,unusually high services per beneficiary (z=3.2 vs. population median); unusually high services-per-beneficiary deviation from specialty peers (z=2.8 vs. population median); unusually high 5-year average services per beneficiary (z=2.6 vs. population median)
1003152695,Optometry,CA,I,-0.1690070301628897,0,8.36,Low,0,0,unusually high allowed-to-charge ratio (z=3.7 vs. population median); unusually high payment-to-charge ratio (z=2.9 vs. population median); unusually high 5-year average payment-to-charge ratio (z=2.7 vs. population median)
1003045790,Emergency Medicine,VA,I,-0.169019791830068,0,8.36,Low,0,0,unusually high submitted charge per service (z=9.9 vs. population median); unusually low multi-year service-volume trend (z=-2.6 vs. population median); unusually low multi-year payment trend (z=-2.6 vs. population median)
1003121310,Pathology,IL,I,-0.1690340954857284,0,8.35,Low,0,0,unusually high total beneficiaries served (z=5.1 vs. population median); unusually high 5-year average total services (z=5.0 vs. population median); unusually high total services billed (z=5.0 vs. population median)
1003120486,Nurse Practitioner,VA,I,-0.1690704488955001,0,8.34,Low,0,0,unusually low year-over-year beneficiary count change (z=-4.8 vs. population median); unusually low year-over-year service volume change (z=-4.6 vs. population median); unusually low year-over-year payment change (z=-4.5 vs. population median)
1003136235,Emergency Medicine,NY,I,-0.16910461885316652,0,8.34,Low,0,0,unusually high submitted charge per service (z=5.8 vs. population median); unusually high services-per-beneficiary deviation from specialty peers (z=2.7 vs. population median); unusually high 5-year average payment per service (z=2.1 vs. population median)
1003139049,Anesthesiology,NC,I,-0.16907015813259768,0,8.34,Low,0,0,unusually high submitted charge per service (z=7.2 vs. population median); unusually low 5-year average payment-to-charge ratio (z=-2.3 vs. population median); unusually low payment-to-charge ratio (z=-2.2 vs. population median)
1003100033,Nurse Practitioner,WI,I,-0.16914286722715077,0,8.33,Low,0,0,unusually low year-over-year payment change (z=-4.3 vs. population median); unusually low year-over-year service volume change (z=-3.7 vs. population median); unusually high charge-per-service deviation from specialty peers (z=3.5 vs. population median)
1003125048,Nurse Practitioner,AL,I,-0.16913035970711127,0,8.33,Low,0,0,unusually high year-over-year payment-per-service change (z=6.1 vs. population median); unusually high year-over-year payment change (z=4.8 vs. population median); unusually high multi-year payment trend (z=4.1 vs. population median)
1003125055,Physician Assistant,LA,I,-0.16912414784123608,0,8.33,Low,0,0,unusually high multi-year service-volume trend (z=9.1 vs. population median); unusually low standardized-amount-to-payment ratio (z=-4.6 vs. population median); unusually high multi-year payment trend (z=4.4 vs. population median)
1003054875,Audiologist,GA,I,-0.16915881002057587,0,8.32,Low,0,0,unusually high multi-year service-volume trend (z=18.0 vs. population median); unusually high multi-year payment trend (z=17.8 vs. population median); unusually high services per billing code (z=2.7 vs. population median)
1003069790,Physical Therapist in Private Practice,NH,I,-0.16917185473594154,0,8.32,Low,0,0,unusually high multi-year service-volume trend (z=13.9 vs. population median); unusually high 5-year average services per beneficiary (z=10.5 vs. population median); unusually high multi-year payment trend (z=10.3 vs. population median)
1003107756,Pathology,CA,I,-0.16919876199703976,0,8.31,Low,0,0,unusually high year-over-year beneficiary count change (z=6.7 vs. population median); unusually high year-over-year service volume change (z=4.8 vs. population median); unusually high year-over-year payment change (z=4.8 vs. population median)
1003043464,Podiatry,TX,I,-0.16926693224703288,0,8.3,Low,0,0,unusually high allowed-to-charge ratio (z=3.3 vs. population median); unusually high total services billed (z=3.2 vs. population median); unusually high total beneficiaries served (z=3.0 vs. population median)
1003059114,Neurosurgery,TX,I,-0.16931150343880141,0,8.29,Low,0,0,unusually high year-over-year payment-per-service change (z=5.5 vs. population median); unusually high year-over-year payment change (z=3.9 vs. population median); unusually high payment per service (z=2.5 vs. population median)
1003014606,Anesthesiology,MS,I,-0.16939295325839815,0,8.27,Low,0,0,unusually high services-per-beneficiary deviation from specialty peers (z=6.2 vs. population median); unusually high number of distinct billing codes (HCPCS) used (z=4.0 vs. population median); unusually high payment-to-charge-ratio deviation from specialty peers (z=2.5 vs. population median)
1003071416,Endocrinology,OH,I,-0.16936147163165682,0,8.27,Low,0,0,unusually high charge-per-service deviation from specialty peers (z=6.2 vs. population median); unusually high submitted charge per service (z=3.7 vs. population median); unusually low payment-to-charge-ratio deviation from specialty peers (z=-2.4 vs. population median)
1003072612,Pulmonary Disease,NY,I,-0.1694181180180221,0,8.26,Low,0,0,unusually high total Medicare payment received (z=4.7 vs. population median); unusually high 5-year average total payment (z=4.4 vs. population median); unusually high total submitted charges (z=4.1 vs. population median)
1003128422,Nurse Practitioner,OH,I,-0.16942187394402797,0,8.26,Low,0,0,unusually high services per billing code (z=5.6 vs. population median); unusually high 5-year average services per beneficiary (z=4.6 vs. population median); unusually high 5-year average total services (z=4.0 vs. population median)
1003087768,Medical Oncology,IL,I,-0.16941414237312968,0,8.26,Low,0,0,unusually low year-over-year payment-per-service change (z=-5.3 vs. population median); unusually high service-concentration deviation from specialty peers (z=3.1 vs. population median); unusually high 5-year average total payment (z=3.0 vs. population median)
1003145053,Certified Registered Nurse Anesthetist (CRNA),ME,I,-0.16944660740513728,0,8.25,Low,0,0,unusually high submitted charge per service (z=2.9 vs. population median); unusually low 5-year average payment-to-charge ratio (z=-2.0 vs. population median); unusually low allowed-to-charge ratio (z=-1.9 vs. population median)
1003106204,Anesthesiology,VA,I,-0.16951635582735064,0,8.24,Low,0,0,unusually high submitted charge per service (z=9.6 vs. population median); unusually high payment per service (z=2.7 vs. population median); unusually low 5-year average payment-to-charge ratio (z=-2.1 vs. population median)
1003105891,Infectious Disease,WA,I,-0.16951483765585335,0,8.24,Low,0,0,unusually high services per beneficiary (z=3.4 vs. population median); unusually high services-per-beneficiary deviation from specialty peers (z=3.1 vs. population median); unusually high 5-year average services per beneficiary (z=2.9 vs. population median)
1003046574,Diagnostic Radiology,MI,I,-0.16950207081612317,0,8.24,Low,0,0,unusually high number of distinct billing codes (HCPCS) used (z=6.2 vs. population median); unusually high total beneficiaries served (z=4.7 vs. population median); unusually low year-over-year payment-per-service change (z=-3.2 vs. population median)
1003033051,Hospitalist,FL,I,-0.16956282144968626,0,8.23,Low,0,0,unusually high service concentration (HHI) across billing codes (z=3.4 vs. population median); unusually high service-concentration deviation from specialty peers (z=3.0 vs. population median); unusually high services per billing code (z=2.7 vs. population median)
1003162686,Infectious Disease,NY,I,-0.16953217206851257,0,8.23,Low,0,0,unusually low standardized-amount-to-payment ratio (z=-2.6 vs. population median); unusually high services per beneficiary (z=1.8 vs. population median); unusually high submitted charge per service (z=1.6 vs. population median)
1003132465,Certified Registered Nurse Anesthetist (CRNA),MO,I,-0.16961349725601899,0,8.21,Low,0,0,unusually high submitted charge per service (z=6.8 vs. population median); unusually high year-over-year payment-per-service change (z=4.3 vs. population median); unusually high year-over-year payment change (z=3.2 vs. population median)
1003075292,Anesthesiology,AK,I,-0.1696251286298065,0,8.21,Low,0,0,unusually low standardized-amount-to-payment ratio (z=-6.6 vs. population median); unusually high submitted charge per service (z=5.3 vs. population median); unusually high 5-year average payment per service (z=3.0 vs. population median)
1003162454,Nurse Practitioner,TX,I,-0.16963105840230014,0,8.21,Low,0,0,unusually high payment-per-service deviation from specialty peers (z=3.1 vs. population median); unusually high charge-per-service deviation from specialty peers (z=2.7 vs. population median); unusually high submitted charge per service (z=1.6 vs. population median)
1003128067,General Surgery,MA,I,-0.16966471018733975,0,8.2,Low,0,0,unusually high multi-year payment trend (z=9.1 vs. population median); unusually high year-over-year payment-per-service change (z=9.0 vs. population median); unusually high year-over-year payment change (z=5.4 vs. population median)
1003150368,Physician Assistant,HI,I,-0.16973198739017603,0,8.19,Low,0,0,unusually high payment-to-charge-ratio deviation from specialty peers (z=4.4 vs. population median); unusually high payment-to-charge ratio (z=2.3 vs. population median); unusually high allowed-to-charge ratio (z=2.3 vs. population median)
1003013632,Podiatry,SC,I,-0.16971012790894568,0,8.19,Low,0,0,unusually high 5-year average total services (z=7.7 vs. population median); unusually high total services billed (z=7.2 vs. population median); unusually high 5-year average total payment (z=6.7 vs. population median)
1003162256,Nurse Practitioner,FL,I,-0.16975299768969487,0,8.18,Low,0,0,unusually high total beneficiaries served (z=6.2 vs. population median); unusually high total services billed (z=4.9 vs. population median); unusually high services per billing code (z=4.9 vs. population median)
1003148156,Nurse Practitioner,NM,I,-0.16974245182344805,0,8.18,Low,1,0,unusually high standardized-amount-to-payment ratio (z=5.4 vs. population median); unusually high services-per-beneficiary deviation from specialty peers (z=4.4 vs. population median); unusually high services per beneficiary (z=3.4 vs. population median)
1003042169,Endocrinology,NY,I,-0.16976746662785558,0,8.18,Low,0,0,unusually high multi-year service-volume trend (z=9.2 vs. population median); unusually high multi-year payment trend (z=8.5 vs. population median); unusually high year-over-year payment change (z=3.8 vs. population median)
1003145426,Certified Registered Nurse Anesthetist (CRNA),MN,I,-0.16980288879562205,0,8.17,Low,0,0,unusually low payment-per-service deviation from specialty peers (z=-1.9 vs. population median); unusually high services-per-beneficiary deviation from specialty peers (z=1.9 vs. population median); unusually low 5-year average payment-to-charge ratio (z=-1.8 vs. population median)
1003037359,Emergency Medicine,NC,I,-0.16981486404647456,0,8.17,Low,0,0,unusually high submitted charge per service (z=6.2 vs. population median); unusually high services-per-beneficiary deviation from specialty peers (z=4.5 vs. population median); unusually high total submitted charges (z=3.6 vs. population median)
1003021809,Physical Therapist in Private Practice,KS,I,-0.16981999013307086,0,8.16,Low,0,0,unusually high 5-year average services per beneficiary (z=20.6 vs. population median); unusually high services per beneficiary (z=15.5 vs. population median); unusually high 5-year average total services (z=3.1 vs. population median)
1003015207,Hematology-Oncology,IN,I,-0.16986020394234336,0,8.15,Low,0,0,unusually high multi-year service-volume trend (z=4.4 vs. population median); unusually low year-over-year beneficiary count change (z=-3.2 vs. population median); unusually high total services billed (z=3.1 vs. population median)
1003140484,Cardiology,PA,I,-0.16993887503190352,0,8.14,Low,0,0,unusually high total beneficiaries served (z=2.5 vs. population median); unusually high number of distinct billing codes (HCPCS) used (z=1.2 vs. population median); unusually low payment-per-service deviation from specialty peers (z=-1.2 vs. population median)
1003059031,Nurse Practitioner,OH,I,-0.1699205375202837,0,8.14,Low,0,0,unusually high multi-year payment trend (z=6.0 vs. population median); unusually high services-per-beneficiary deviation from specialty peers (z=3.7 vs. population median); unusually high 5-year average services per beneficiary (z=3.4 vs. population median)
1003013913,Obstetrics & Gynecology,MI,I,-0.17001109396131536,0,8.12,Low,0,0,unusually high year-over-year payment-per-service change (z=10.2 vs. population median); unusually high year-over-year payment change (z=6.9 vs. population median); unusually high payment-per-service deviation from specialty peers (z=2.7 vs. population median)
1003047861,Physical Therapist in Private Practice,MN,I,-0.17003963537498235,0,8.11,Low,0,0,unusually high 5-year average services per beneficiary (z=6.9 vs. population median); unusually high multi-year service-volume trend (z=6.7 vs. population median); unusually high multi-year payment trend (z=5.8 vs. population median)
1003076548,Psychiatry,PA,I,-0.17004159045480816,0,8.11,Low,0,0,unusually high 5-year average services per beneficiary (z=11.5 vs. population median); unusually high services per beneficiary (z=5.5 vs. population median); unusually high year-over-year payment change (z=4.5 vs. population median)
1003070194,Obstetrics & Gynecology,WV,I,-0.17010572405009267,0,8.1,Low,0,0,unusually high services-per-beneficiary deviation from specialty peers (z=3.5 vs. population median); unusually high payment-to-charge ratio (z=3.1 vs. population median); unusually high 5-year average payment-to-charge ratio (z=3.1 vs. population median)
1003050691,Pathology,MA,I,-0.17014877551816082,0,8.09,Low,0,0,unusually high total services billed (z=4.5 vs. population median); unusually high 5-year average total services (z=3.9 vs. population median); unusually high multi-year service-volume trend (z=3.9 vs. population median)
1003107483,Psychiatry,NC,I,-0.1702040387825397,0,8.07,Low,0,0,unusually high year-over-year service volume change (z=9.5 vs. population median); unusually high services per beneficiary (z=6.9 vs. population median); unusually high year-over-year payment change (z=5.8 vs. population median)
1003102732,Family Practice,TX,I,-0.17025986033414836,0,8.06,Low,1,0,unusually high year-over-year payment-per-service change (z=5.4 vs. population median); unusually low multi-year service-volume trend (z=-2.8 vs. population median); unusually high year-over-year payment change (z=2.8 vs. population median)
1003072562,Physical Therapist in Private Practice,MN,I,-0.1702681986742775,0,8.06,Low,0,0,unusually high services per beneficiary (z=8.8 vs. population median); unusually high 5-year average services per beneficiary (z=5.0 vs. population median); unusually high charge-per-service deviation from specialty peers (z=3.7 vs. population median)
1003062290,General Surgery,WA,I,-0.17042848785933912,0,8.02,Low,0,0,unusually high year-over-year beneficiary count change (z=6.2 vs. population median); unusually high year-over-year service volume change (z=5.1 vs. population median); unusually high year-over-year payment change (z=3.2 vs. population median)
1003094293,Otolaryngology,AL,I,-0.17040273061876327,0,8.02,Low,0,0,unusually high standardized-amount-to-payment ratio (z=5.8 vs. population median); unusually high 5-year average payment-to-charge ratio (z=2.2 vs. population median); unusually high allowed-to-charge ratio (z=2.0 vs. population median)
1003047523,Physician Assistant,TX,I,-0.17047280598999137,0,8.01,Low,0,0,unusually high multi-year payment trend (z=9.8 vs. population median); unusually high multi-year service-volume trend (z=7.0 vs. population median); unusually high 5-year average service concentration (HHI) (z=3.4 vs. population median)
1003137449,Psychiatry,MN,I,-0.17045213254599173,0,8.01,Low,0,0,unusually high services per beneficiary (z=9.4 vs. population median); unusually high 5-year average services per beneficiary (z=8.5 vs. population median); unusually high services per billing code (z=6.5 vs. population median)
1003035353,Diagnostic Radiology,PA,I,-0.17054444227742194,0,7.99,Low,0,0,unusually high payment-per-service deviation from specialty peers (z=3.9 vs. population median); unusually high number of distinct billing codes (HCPCS) used (z=2.8 vs. population median); unusually high total beneficiaries served (z=2.2 vs. population median)
1003047457,Hospitalist,KY,I,-0.17060307476221526,0,7.98,Low,0,0,unusually low year-over-year beneficiary count change (z=-4.4 vs. population median); unusually low year-over-year payment change (z=-3.9 vs. population median); unusually low year-over-year payment-per-service change (z=-3.8 vs. population median)
1003075771,Gastroenterology,NH,I,-0.17057412936523908,0,7.98,Low,0,0,unusually high total submitted charges (z=6.1 vs. population median); unusually high submitted charge per service (z=3.7 vs. population median); unusually high total beneficiaries served (z=3.1 vs. population median)
1003038860,Diagnostic Radiology,CA,I,-0.17067200207646732,0,7.96,Low,0,0,unusually low year-over-year beneficiary count change (z=-6.3 vs. population median); unusually low year-over-year payment change (z=-6.2 vs. population median); unusually low year-over-year service volume change (z=-5.8 vs. population median)
1003078866,Nephrology,MA,I,-0.1706811757059412,0,7.96,Low,0,0,unusually high charge-per-service deviation from specialty peers (z=4.0 vs. population median); unusually high submitted charge per service (z=2.4 vs. population median); unusually low payment-to-charge-ratio deviation from specialty peers (z=-2.3 vs. population median)
1003075110,Pulmonary Disease,NJ,I,-0.17068093331580259,0,7.96,Low,0,0,unusually high 5-year average total payment (z=5.7 vs. population median); unusually high total submitted charges (z=5.6 vs. population median); unusually high total Medicare payment received (z=5.3 vs. population median)
1003076290,Internal Medicine,MN,I,-0.1707167949186269,0,7.95,Low,0,0,unusually high year-over-year payment-per-service change (z=16.8 vs. population median); unusually low year-over-year beneficiary count change (z=-4.8 vs. population median); unusually low year-over-year service volume change (z=-4.2 vs. population median)
1003027509,Obstetrics & Gynecology,ME,I,-0.17075680944254018,0,7.94,Low,0,0,unusually high 5-year average service concentration (HHI) (z=4.9 vs. population median); unusually high service concentration (HHI) across billing codes (z=4.8 vs. population median); unusually high service-concentration deviation from specialty peers (z=3.1 vs. population median)
1003137233,General Surgery,OH,I,-0.17073315666399724,0,7.94,Low,0,0,unusually high payment-to-charge-ratio deviation from specialty peers (z=2.6 vs. population median); unusually high payment-to-charge ratio (z=2.4 vs. population median); unusually high allowed-to-charge ratio (z=2.3 vs. population median)
1003045006,Physician Assistant,ME,I,-0.17080627533228643,0,7.93,Low,0,0,unusually high multi-year payment trend (z=4.4 vs. population median); unusually high charge-per-service deviation from specialty peers (z=3.9 vs. population median); unusually high submitted charge per service (z=3.6 vs. population median)
1003117847,Nurse Practitioner,FL,I,-0.17083563123072276,0,7.92,Low,0,0,unusually low year-over-year beneficiary count change (z=-6.8 vs. population median); unusually high 5-year average total services (z=6.5 vs. population median); unusually low year-over-year payment change (z=-6.4 vs. population median)
1003040254,Cardiology,NY,I,-0.17088284650277663,0,7.91,Low,0,0,unusually high total submitted charges (z=4.6 vs. population median); unusually low standardized-amount-to-payment ratio (z=-3.0 vs. population median); unusually low year-over-year payment-per-service change (z=-2.9 vs. population median)
1003158635,Infectious Disease,MA,I,-0.17090225370012374,0,7.9,Low,0,0,unusually high total submitted charges (z=2.1 vs. population median); unusually high total Medicare payment received (z=2.1 vs. population median); unusually high 5-year average total payment (z=1.9 vs. population median)
1003009804,Emergency Medicine,RI,I,-0.17093529950268793,0,7.9,Low,0,0,unusually high submitted charge per service (z=6.0 vs. population median); unusually low year-over-year beneficiary count change (z=-4.3 vs. population median); unusually low year-over-year service volume change (z=-3.9 vs. population median)
1003078957,Physical Therapist in Private Practice,NC,I,-0.1709776040423613,0,7.89,Low,0,0,unusually high services per beneficiary (z=13.8 vs. population median); unusually high 5-year average services per beneficiary (z=13.5 vs. population median); unusually high services per billing code (z=3.9 vs. population median)
1003155060,Certified Registered Nurse Anesthetist (CRNA),KY,I,-0.17095287152483163,0,7.89,Low,0,0,unusually high submitted charge per service (z=3.0 vs. population median); unusually high 5-year average service concentration (HHI) (z=2.4 vs. population median); unusually high service concentration (HHI) across billing codes (z=2.3 vs. population median)
1003133703,Physical Therapist in Private Practice,WV,I,-0.17099293525302178,0,7.88,Low,0,0,unusually high services per beneficiary (z=13.5 vs. population median); unusually high 5-year average services per beneficiary (z=11.7 vs. population median); unusually low 5-year average payment per service (z=-1.9 vs. population median)
1003060294,Vascular Surgery,KY,I,-0.17104131610483037,0,7.87,Low,0,0,unusually high 5-year average payment per service (z=2.4 vs. population median); unusually high 5-year average total payment (z=2.3 vs. population median); unusually low year-over-year payment-per-service change (z=-1.7 vs. population median)
1003106089,General Surgery,OH,I,-0.1711035908359112,0,7.86,Low,0,0,unusually low year-over-year payment-per-service change (z=-3.8 vs. population median); unusually high payment-to-charge-ratio deviation from specialty peers (z=1.8 vs. population median); unusually low service-concentration deviation from specialty peers (z=-1.7 vs. population median)
1003132242,Emergency Medicine,NC,I,-0.17110595948317192,0,7.85,Low,0,0,unusually high submitted charge per service (z=5.5 vs. population median); unusually low year-over-year payment change (z=-2.7 vs. population median); unusually low year-over-year beneficiary count change (z=-2.2 vs. population median)
1003103193,Emergency Medicine,MO,I,-0.1711508255250539,0,7.84,Low,0,0,unusually high payment-to-charge-ratio deviation from specialty peers (z=5.1 vs. population median); unusually high services-per-beneficiary deviation from specialty peers (z=2.6 vs. population median); unusually low multi-year payment trend (z=-2.3 vs. population median)
1003158817,Emergency Medicine,MA,I,-0.17120851960455657,0,7.83,Low,0,0,unusually high submitted charge per service (z=3.7 vs. population median); unusually high 5-year average payment per service (z=2.9 vs. population median); unusually high payment per service (z=2.8 vs. population median)
1003164062,Podiatry,MI,I,-0.1711962448801962,0,7.83,Low,0,0,unusually low payment-per-service deviation from specialty peers (z=-1.5 vs. population median); unusually high allowed-to-charge ratio (z=1.3 vs. population median); unusually high number of distinct billing codes (HCPCS) used (z=1.2 vs. population median)
1003032095,Nurse Practitioner,VA,I,-0.17121655130213986,0,7.83,Low,0,0,unusually high total Medicare payment received (z=4.1 vs. population median); unusually high services per billing code (z=3.8 vs. population median); unusually high 5-year average total services (z=3.6 vs. population median)
1003095845,Physician Assistant,CO,I,-0.17127926418282952,0,7.81,Low,0,0,unusually high standardized-amount-to-payment ratio (z=6.4 vs. population median); unusually high 5-year average service concentration (HHI) (z=1.6 vs. population median); unusually high service concentration (HHI) across billing codes (z=1.6 vs. population median)
1003061722,Nurse Practitioner,WA,I,-0.17127483028413398,0,7.81,Low,0,0,unusually high year-over-year beneficiary count change (z=10.0 vs. population median); unusually high year-over-year service volume change (z=8.4 vs. population median); unusually high year-over-year payment change (z=6.2 vs. population median)
1003074873,Nurse Practitioner,OH,I,-0.1712893067568384,0,7.81,Low,0,0,unusually high charge-per-service deviation from specialty peers (z=3.4 vs. population median); unusually low year-over-year payment-per-service change (z=-2.7 vs. population median); unusually low payment-to-charge-ratio deviation from specialty peers (z=-2.5 vs. population median)
1003054966,Pain Management,NY,I,-0.17131706184586687,0,7.8,Low,0,0,unusually high charge-per-service deviation from specialty peers (z=4.1 vs. population median); unusually low standardized-amount-to-payment ratio (z=-3.3 vs. population median); unusually high submitted charge per service (z=3.0 vs. population median)
1003094137,Audiologist,FL,I,-0.17134077724814795,0,7.8,Low,0,0,unusually high multi-year payment trend (z=17.8 vs. population median); unusually high multi-year service-volume trend (z=14.3 vs. population median); unusually high year-over-year payment-per-service change (z=4.6 vs. population median)
1003086034,Physical Therapist in Private Practice,CO,I,-0.1713137697451524,0,7.8,Low,0,0,unusually high 5-year average services per beneficiary (z=18.8 vs. population median); unusually high services per beneficiary (z=10.9 vs. population median); unusually high year-over-year beneficiary count change (z=4.2 vs. population median)
1003157488,Certified Registered Nurse Anesthetist (CRNA),SD,I,-0.17137833112747747,0,7.79,Low,0,0,unusually low payment-per-service deviation from specialty peers (z=-2.1 vs. population median); unusually low 5-year average payment-to-charge ratio (z=-2.0 vs. population median); unusually low payment-to-charge ratio (z=-1.8 vs. population median)
1003046939,Nurse Practitioner,IA,I,-0.17139162199151164,0,7.79,Low,0,0,unusually high year-over-year payment-per-service change (z=6.6 vs. population median); unusually low year-over-year beneficiary count change (z=-3.7 vs. population median); unusually low year-over-year service volume change (z=-3.7 vs. population median)
1003010802,Physical Medicine and Rehabilitation,CO,I,-0.1713907921709476,0,7.79,Low,0,0,unusually high 5-year average service concentration (HHI) (z=4.3 vs. population median); unusually high service concentration (HHI) across billing codes (z=4.0 vs. population median); unusually high service-concentration deviation from specialty peers (z=3.6 vs. population median)
1003154022,Certified Registered Nurse Anesthetist (CRNA),FL,I,-0.17138092362335505,0,7.79,Low,0,0,unusually high services-per-beneficiary deviation from specialty peers (z=7.4 vs. population median); unusually high submitted charge per service (z=5.1 vs. population median); unusually low 5-year average payment-to-charge ratio (z=-2.1 vs. population median)
1003161472,Urology,MI,I,-0.1714226708664371,0,7.78,Low,0,0,unusually high payment-to-charge-ratio deviation from specialty peers (z=2.6 vs. population median); unusually high standardized-amount-to-payment ratio (z=1.3 vs. population median); unusually high allowed-to-charge ratio (z=1.2 vs. population median)
1003098815,Internal Medicine,TX,I,-0.17140163578550854,0,7.78,Low,0,0,unusually high 5-year average payment per service (z=3.3 vs. population median); unusually high charge-per-service deviation from specialty peers (z=3.2 vs. population median); unusually high payment-per-service deviation from specialty peers (z=2.7 vs. population median)
1003016809,Family Practice,NV,I,-0.17144007594675026,0,7.77,Low,0,0,unusually high multi-year payment trend (z=5.5 vs. population median); unusually high multi-year service-volume trend (z=3.3 vs. population median); unusually high total beneficiaries served (z=2.7 vs. population median)
1003006552,Family Practice,FL,I,-0.17146558452658067,0,7.77,Low,0,0,unusually high allowed-to-charge ratio (z=2.9 vs. population median); unusually high services-per-beneficiary deviation from specialty peers (z=2.6 vs. population median); unusually low year-over-year beneficiary count change (z=-2.3 vs. population median)
1003019514,Emergency Medicine,NY,I,-0.17148421552936355,0,7.76,Low,0,0,unusually high submitted charge per service (z=9.0 vs. population median); unusually high payment per service (z=2.2 vs. population median); unusually low multi-year service-volume trend (z=-2.2 vs. population median)
1003125394,Certified Registered Nurse Anesthetist (CRNA),CO,I,-0.17149961308113848,0,7.76,Low,0,0,unusually high submitted charge per service (z=4.4 vs. population median); unusually low year-over-year beneficiary count change (z=-3.5 vs. population median); unusually low year-over-year payment change (z=-3.3 vs. population median)
1003134966,Certified Registered Nurse Anesthetist (CRNA),TN,I,-0.17162600505360243,0,7.73,Low,0,0,unusually high submitted charge per service (z=4.7 vs. population median); unusually high 5-year average payment per service (z=2.2 vs. population median); unusually high payment per service (z=1.9 vs. population median)
1003159559,Gastroenterology,ME,I,-0.17162109265609254,0,7.73,Low,0,0,unusually high submitted charge per service (z=2.9 vs. population median); unusually high 5-year average payment per service (z=2.3 vs. population median); unusually high payment per service (z=2.2 vs. population median)
1003055252,Internal Medicine,MI,I,-0.1716164252798988,0,7.73,Low,0,0,unusually high year-over-year payment change (z=3.9 vs. population median); unusually high year-over-year service volume change (z=3.6 vs. population median); unusually high charge-per-service deviation from specialty peers (z=3.5 vs. population median)
1003050667,Family Practice,CA,I,-0.1716739388254902,0,7.72,Low,0,0,unusually high charge-per-service deviation from specialty peers (z=3.7 vs. population median); unusually low standardized-amount-to-payment ratio (z=-2.5 vs. population median); unusually low year-over-year service volume change (z=-2.5 vs. population median)
1003074071,Family Practice,VA,I,-0.17165669620265406,0,7.72,Low,0,0,unusually low year-over-year beneficiary count change (z=-4.7 vs. population median); unusually low year-over-year payment change (z=-3.9 vs. population median); unusually low year-over-year service volume change (z=-3.9 vs. population median)
1003064825,Vascular Surgery,OH,I,-0.17172481466830236,0,7.71,Low,0,0,unusually high number of distinct billing codes (HCPCS) used (z=4.0 vs. population median); unusually high total beneficiaries served (z=3.5 vs. population median); unusually high multi-year service-volume trend (z=2.9 vs. population median)
1003104654,Physical Therapist in Private Practice,NC,I,-0.17170779434727773,0,7.71,Low,0,0,unusually high 5-year average services per beneficiary (z=8.9 vs. population median); unusually low year-over-year payment change (z=-5.9 vs. population median); unusually low year-over-year service volume change (z=-5.5 vs. population median)
1003129842,Family Practice,CA,I,-0.1717234632725148,0,7.71,Low,0,0,unusually high service-concentration deviation from specialty peers (z=3.6 vs. population median); unusually high charge-per-service deviation from specialty peers (z=2.8 vs. population median); unusually high payment-per-service deviation from specialty peers (z=2.6 vs. population median)
1003053901,Pathology,MI,I,-0.17176621065072806,0,7.7,Low,0,0,unusually high 5-year average total services (z=2.8 vs. population median); unusually high services per beneficiary (z=1.9 vs. population median); unusually high total services billed (z=1.5 vs. population median)
1003079138,Radiation Oncology,TX,I,-0.1717636805470139,0,7.7,Low,0,0,unusually high total Medicare payment received (z=7.9 vs. population median); unusually high total submitted charges (z=7.7 vs. population median); unusually high 5-year average total payment (z=7.0 vs. population median)
1003046806,Cardiology,TX,I,-0.17174174515327828,0,7.7,Low,0,0,unusually high total beneficiaries served (z=4.2 vs. population median); unusually high 5-year average total services (z=3.3 vs. population median); unusually high total services billed (z=3.0 vs. population median)
1003030578,Neurosurgery,MS,I,-0.17177867203893765,0,7.69,Low,0,0,unusually high year-over-year payment-per-service change (z=3.6 vs. population median); unusually high submitted charge per service (z=3.4 vs. population median); unusually high year-over-year payment change (z=3.1 vs. population median)
1003022807,Emergency Medicine,OH,I,-0.17187374610969963,0,7.67,Low,0,0,unusually high multi-year payment trend (z=5.3 vs. population median); unusually high multi-year service-volume trend (z=4.5 vs. population median); unusually high payment-to-charge-ratio deviation from specialty peers (z=3.8 vs. population median)
1003009119,Family Practice,VA,I,-0.1719249113463056,0,7.66,Low,0,0,unusually high year-over-year service volume change (z=2.8 vs. population median); unusually high number of distinct billing codes (HCPCS) used (z=2.5 vs. population median); unusually high total Medicare payment received (z=2.3 vs. population median)
1003024365,Emergency Medicine,PA,I,-0.17194123891520885,0,7.65,Low,0,0,unusually high submitted charge per service (z=8.3 vs. population median); unusually high total submitted charges (z=4.0 vs. population median); unusually high 5-year average payment per service (z=2.0 vs. population median)
1003073826,Infectious Disease,CA,I,-0.17199114542513638,0,7.64,Low,0,0,unusually low year-over-year payment change (z=-3.0 vs. population median); unusually low payment-per-service deviation from specialty peers (z=-2.9 vs. population median); unusually low year-over-year beneficiary count change (z=-2.4 vs. population median)
1003143918,Emergency Medicine,NM,I,-0.1719837566324906,0,7.64,Low,0,0,unusually high submitted charge per service (z=4.9 vs. population median); unusually low 5-year average payment-to-charge ratio (z=-1.7 vs. population median); unusually high 5-year average payment per service (z=1.7 vs. population median)
1003023771,Emergency Medicine,OH,I,-0.17199014546493324,0,7.64,Low,0,0,unusually high payment-to-charge-ratio deviation from specialty peers (z=5.9 vs. population median); unusually low charge-per-service deviation from specialty peers (z=-2.0 vs. population median); unusually low service-concentration deviation from specialty peers (z=-2.0 vs. population median)
1003080151,Emergency Medicine,MA,I,-0.17201640396274587,0,7.64,Low,0,0,unusually low year-over-year payment-per-service change (z=-5.8 vs. population median); unusually high payment-to-charge-ratio deviation from specialty peers (z=4.2 vs. population median); unusually high year-over-year beneficiary count change (z=2.9 vs. population median)
1003114604,Nurse Practitioner,GA,I,-0.17202326861542266,0,7.63,Low,0,0,unusually high multi-year payment trend (z=5.8 vs. population median); unusually high payment-per-service deviation from specialty peers (z=2.0 vs. population median); unusually high multi-year service-volume trend (z=1.1 vs. population median)
1003012014,Anesthesiology,RI,I,-0.17205092094618823,0,7.63,Low,0,0,unusually high services-per-beneficiary deviation from specialty peers (z=25.8 vs. population median); unusually low year-over-year payment-per-service change (z=-3.1 vs. population median); unusually high submitted charge per service (z=2.5 vs. population median)
1003141995,Physician Assistant,IL,I,-0.17202487439874348,0,7.63,Low,0,0,unusually high services-per-beneficiary deviation from specialty peers (z=10.3 vs. population median); unusually high services per beneficiary (z=5.8 vs. population median); unusually high 5-year average services per beneficiary (z=5.1 vs. population median)
1003020264,General Surgery,VA,I,-0.1720968488332848,0,7.62,Low,0,0,unusually high year-over-year beneficiary count change (z=4.2 vs. population median); unusually high multi-year service-volume trend (z=3.2 vs. population median); unusually high submitted charge per service (z=2.9 vs. population median)
1003124728,Dermatology,PR,I,-0.1721380292792446,0,7.61,Low,0,0,unusually high services per beneficiary (z=3.0 vs. population median); unusually high payment-to-charge ratio (z=2.4 vs. population median); unusually high 5-year average services per beneficiary (z=2.4 vs. population median)
1003148511,Nurse Practitioner,NJ,I,-0.17215335199038906,0,7.6,Low,0,0,unusually high total services billed (z=3.5 vs. population median); unusually high total beneficiaries served (z=3.5 vs. population median); unusually high 5-year average total services (z=3.5 vs. population median)
1003031642,Certified Registered Nurse Anesthetist (CRNA),MD,I,-0.17221472957332212,0,7.59,Low,0,0,unusually high services-per-beneficiary deviation from specialty peers (z=14.1 vs. population median); unusually high multi-year service-volume trend (z=5.3 vs. population median); unusually high submitted charge per service (z=5.3 vs. population median)
1003141680,Certified Registered Nurse Anesthetist (CRNA),WV,I,-0.17223013064752102,0,7.58,Low,0,0,unusually high payment-to-charge-ratio deviation from specialty peers (z=4.5 vs. population median); unusually low charge-per-service deviation from specialty peers (z=-2.1 vs. population median); unusually low payment-per-service deviation from specialty peers (z=-1.7 vs. population median)
1003106436,General Surgery,MA,I,-0.17229735115741873,0,7.57,Low,0,0,unusually high multi-year payment trend (z=7.5 vs. population median); unusually high multi-year service-volume trend (z=6.0 vs. population median); unusually low year-over-year beneficiary count change (z=-4.4 vs. population median)
1003008574,Hospitalist,PA,I,-0.17229952686670247,0,7.57,Low,0,0,unusually high 5-year average payment per service (z=3.6 vs. population median); unusually high payment-per-service deviation from specialty peers (z=3.0 vs. population median); unusually high payment per service (z=2.8 vs. population median)
1003134719,Cardiology,PA,I,-0.17231543398874566,0,7.56,Low,0,0,unusually high services-per-beneficiary deviation from specialty peers (z=1.9 vs. population median); unusually high payment-per-service deviation from specialty peers (z=1.7 vs. population median); unusually low year-over-year payment change (z=-1.4 vs. population median)
1003103565,Physician Assistant,WA,I,-0.17235040044237543,0,7.56,Low,0,0,unusually high services-per-beneficiary deviation from specialty peers (z=18.3 vs. population median); unusually high services per beneficiary (z=10.6 vs. population median); unusually high 5-year average services per beneficiary (z=4.1 vs. population median)
1003162173,Critical Care (Intensivists),NY,I,-0.17234951927789943,0,7.56,Low,0,0,unusually low standardized-amount-to-payment ratio (z=-3.0 vs. population median); unusually high 5-year average payment per service (z=2.8 vs. population median); unusually high payment per service (z=2.7 vs. population median)
1003108531,General Surgery,CA,I,-0.17234856075671884,0,7.56,Low,0,0,unusually high submitted charge per service (z=4.1 vs. population median); unusually high year-over-year payment-per-service change (z=4.1 vs. population median); unusually low year-over-year beneficiary count change (z=-3.4 vs. population median)
1003159211,Critical Care (Intensivists),HI,I,-0.1723938595527736,0,7.55,Low,0,0,unusually low 5-year average service concentration (HHI) (z=-1.2 vs. population median); unusually high standardized-amount-to-payment ratio (z=1.2 vs. population median); unusually low service concentration (HHI) across billing codes (z=-1.1 vs. population median)
1003073941,Anesthesiology,TX,I,-0.17237039061970194,0,7.55,Low,0,0,unusually high services-per-beneficiary deviation from specialty peers (z=32.6 vs. population median); unusually high payment-to-charge-ratio deviation from specialty peers (z=3.3 vs. population median); unusually high multi-year payment trend (z=3.0 vs. population median)
1003105842,Obstetrics & Gynecology,OH,I,-0.17239064932080322,0,7.55,Low,0,0,unusually low year-over-year payment-per-service change (z=-5.4 vs. population median); unusually high multi-year service-volume trend (z=4.4 vs. population median); unusually high year-over-year beneficiary count change (z=4.3 vs. population median)
1003089707,Anesthesiology,IL,I,-0.17237489672427408,0,7.55,Low,0,0,unusually high submitted charge per service (z=9.2 vs. population median); unusually high services-per-beneficiary deviation from specialty peers (z=2.5 vs. population median); unusually low 5-year average payment-to-charge ratio (z=-2.4 vs. population median)
1003001256,Family Practice,CO,I,-0.17239112632180809,0,7.55,Low,0,0,unusually high standardized-amount-to-payment ratio (z=4.7 vs. population median); unusually high service-concentration deviation from specialty peers (z=2.8 vs. population median); unusually low payment-to-charge-ratio deviation from specialty peers (z=-2.5 vs. population median)
1003153800,Physician Assistant,AZ,I,-0.1724008271900404,0,7.54,Low,0,0,unusually high services-per-beneficiary deviation from specialty peers (z=8.7 vs. population median); unusually high services per beneficiary (z=4.8 vs. population median); unusually high 5-year average services per beneficiary (z=4.2 vs. population median)
1003158031,Internal Medicine,OH,I,-0.1725601502897952,0,7.51,Low,0,0,unusually high payment-to-charge ratio (z=2.6 vs. population median); unusually high payment-to-charge-ratio deviation from specialty peers (z=2.3 vs. population median); unusually high 5-year average payment-to-charge ratio (z=2.3 vs. population median)
1003072273,Nurse Practitioner,TN,I,-0.17259009675359382,0,7.5,Low,0,0,unusually high year-over-year payment-per-service change (z=3.6 vs. population median); unusually high standardized-amount-to-payment ratio (z=1.6 vs. population median); unusually low service-concentration deviation from specialty peers (z=-1.5 vs. population median)
1003144767,Physical Therapist in Private Practice,MN,I,-0.17262622979209197,0,7.49,Low,0,0,unusually high services per beneficiary (z=8.5 vs. population median); unusually high 5-year average services per beneficiary (z=7.6 vs. population median); unusually low 5-year average payment per service (z=-1.9 vs. population median)
1003082488,Podiatry,IL,I,-0.17264116617165381,0,7.49,Low,0,0,unusually high service-concentration deviation from specialty peers (z=3.9 vs. population median); unusually low payment-per-service deviation from specialty peers (z=-2.3 vs. population median); unusually low year-over-year beneficiary count change (z=-1.8 vs. population median)
1003135765,Physician Assistant,MN,I,-0.17271149089717808,0,7.47,Low,0,0,unusually low 5-year average payment-to-charge ratio (z=-1.2 vs. population median); unusually low services per billing code (z=-1.1 vs. population median); unusually low 5-year average total payment (z=-1.0 vs. population median)
1003089665,Neurology,NY,I,-0.17274150570315155,0,7.46,Low,0,0,unusually low standardized-amount-to-payment ratio (z=-4.2 vs. population median); unusually high year-over-year payment-per-service change (z=3.2 vs. population median); unusually high 5-year average payment per service (z=2.4 vs. population median)
1003051715,Pulmonary Disease,NY,I,-0.1727551677637511,0,7.46,Low,0,0,unusually low year-over-year beneficiary count change (z=-6.1 vs. population median); unusually low year-over-year payment change (z=-5.8 vs. population median); unusually low year-over-year service volume change (z=-5.3 vs. population median)
1003087487,General Surgery,FL,I,-0.1727311387888364,0,7.46,Low,0,0,unusually high year-over-year service volume change (z=8.7 vs. population median); unusually high year-over-year beneficiary count change (z=8.6 vs. population median); unusually high year-over-year payment change (z=7.4 vs. population median)
1003133836,Emergency Medicine,FL,I,-0.17276742522693161,0,7.46,Low,0,0,unusually high submitted charge per service (z=6.4 vs. population median); unusually high total submitted charges (z=2.4 vs. population median); unusually low 5-year average payment-to-charge ratio (z=-2.0 vs. population median)
1003085226,Urology,OH,I,-0.1727965547247292,0,7.45,Low,0,0,unusually high total Medicare payment received (z=5.7 vs. population median); unusually high total beneficiaries served (z=5.2 vs. population median); unusually high 5-year average total payment (z=5.0 vs. population median)
1003062050,General Surgery,NC,I,-0.17277620150387574,0,7.45,Low,0,0,unusually high submitted charge per service (z=3.4 vs. population median); unusually high charge-per-service deviation from specialty peers (z=2.4 vs. population median); unusually low payment-to-charge-ratio deviation from specialty peers (z=-2.1 vs. population median)
1003155771,Physician Assistant,CO,I,-0.17281326482454507,0,7.44,Low,0,0,unusually low standardized-amount-to-payment ratio (z=-2.2 vs. population median); unusually low 5-year average payment-to-charge ratio (z=-1.6 vs. population median); unusually low services per billing code (z=-1.4 vs. population median)
1003151820,Physician Assistant,NC,I,-0.17296198807620744,0,7.41,Low,0,0,unusually high standardized-amount-to-payment ratio (z=1.5 vs. population median); unusually low services per billing code (z=-1.2 vs. population median); unusually low 5-year average total payment (z=-1.0 vs. population median)
1003072687,Family Practice,WI,I,-0.17302327398550743,0,7.39,Low,0,0,unusually high number of distinct billing codes (HCPCS) used (z=2.8 vs. population median); unusually high multi-year payment trend (z=2.1 vs. population median); unusually high charge-per-service deviation from specialty peers (z=1.7 vs. population median)
1003046962,Critical Care (Intensivists),FL,I,-0.1730347648003004,0,7.39,Low,0,0,unusually high year-over-year beneficiary count change (z=3.9 vs. population median); unusually high 5-year average payment per service (z=3.3 vs. population median); unusually high submitted charge per service (z=3.3 vs. population median)
1003059197,Internal Medicine,OH,I,-0.17309168811595899,0,7.38,Low,0,0,unusually high 5-year average total payment (z=2.6 vs. population median); unusually high payment-to-charge ratio (z=2.4 vs. population median); unusually high services per billing code (z=2.4 vs. population median)
1003083064,Obstetrics & Gynecology,VA,I,-0.17313864077989144,0,7.37,Low,0,0,unusually high service concentration (HHI) across billing codes (z=4.8 vs. population median); unusually high service-concentration deviation from specialty peers (z=3.1 vs. population median); unusually low standardized-amount-to-payment ratio (z=-3.0 vs. population median)
1003097213,Nurse Practitioner,FL,I,-0.17318173051883684,0,7.36,Low,0,0,unusually high services-per-beneficiary deviation from specialty peers (z=8.8 vs. population median); unusually high services per beneficiary (z=6.9 vs. population median); unusually high 5-year average services per beneficiary (z=5.6 vs. population median)
1003034455,Hospitalist,MI,I,-0.1732033265742376,0,7.35,Low,0,0,unusually low year-over-year beneficiary count change (z=-3.9 vs. population median); unusually high payment-to-charge-ratio deviation from specialty peers (z=3.5 vs. population median); unusually low year-over-year payment change (z=-3.5 vs. population median)
1003105065,Pain Management,TX,I,-0.17322499059828006,0,7.35,Low,0,0,unusually high services per beneficiary (z=7.0 vs. population median); unusually high services per billing code (z=4.9 vs. population median); unusually high 5-year average services per beneficiary (z=4.9 vs. population median)
1003014911,Pulmonary Disease,CO,I,-0.17330084488271064,0,7.33,Low,0,0,unusually high year-over-year service volume change (z=2.7 vs. population median); unusually low year-over-year payment-per-service change (z=-2.7 vs. population median); unusually high year-over-year beneficiary count change (z=2.2 vs. population median)
1003135500,Radiation Oncology,MI,I,-0.1733871047265041,0,7.31,Low,0,0,unusually high payment-to-charge-ratio deviation from specialty peers (z=1.7 vs. population median); unusually low charge-per-service deviation from specialty peers (z=-1.7 vs. population median); unusually low services-per-beneficiary deviation from specialty peers (z=-1.6 vs. population median)
1003080102,Podiatry,WI,I,-0.17348174391533927,0,7.28,Low,0,0,unusually high multi-year payment trend (z=3.8 vs. population median); unusually high services per beneficiary (z=3.3 vs. population median); unusually high 5-year average services per beneficiary (z=2.1 vs. population median)
1003102054,Physician Assistant,CT,I,-0.17354455617085968,0,7.27,Low,0,0,unusually high year-over-year payment-per-service change (z=10.7 vs. population median); unusually high year-over-year payment change (z=7.9 vs. population median); unusually high multi-year payment trend (z=3.6 vs. population median)
1003103128,Family Practice,TX,I,-0.17360092344744893,0,7.25,Low,0,0,unusually high charge-per-service deviation from specialty peers (z=5.6 vs. population median); unusually high total submitted charges (z=3.8 vs. population median); unusually high services per billing code (z=3.0 vs. population median)
1003149618,Nurse Practitioner,NY,I,-0.17362087959441364,0,7.25,Low,0,0,unusually low standardized-amount-to-payment ratio (z=-3.4 vs. population median); unusually high charge-per-service deviation from specialty peers (z=2.5 vs. population median); unusually low payment-to-charge-ratio deviation from specialty peers (z=-1.8 vs. population median)
1003077207,Diagnostic Radiology,MI,I,-0.1736066931800454,0,7.25,Low,0,0,unusually high payment-per-service deviation from specialty peers (z=3.3 vs. population median); unusually high number of distinct billing codes (HCPCS) used (z=2.8 vs. population median); unusually high total beneficiaries served (z=2.3 vs. population median)
1003077140,Clinical Cardiac Electrophysiology,NC,I,-0.17365415593275485,0,7.24,Low,0,0,unusually high year-over-year beneficiary count change (z=4.1 vs. population median); unusually high year-over-year service volume change (z=3.2 vs. population median); unusually high year-over-year payment change (z=3.1 vs. population median)
1003077033,Ophthalmology,GA,I,-0.17367897762557277,0,7.24,Low,0,0,unusually high multi-year service-volume trend (z=7.1 vs. population median); unusually high multi-year payment trend (z=6.6 vs. population median); unusually high 5-year average service concentration (HHI) (z=3.3 vs. population median)
1003149477,Nurse Practitioner,NY,I,-0.1736944578614973,0,7.23,Low,0,0,unusually low standardized-amount-to-payment ratio (z=-4.3 vs. population median); unusually high payment-per-service deviation from specialty peers (z=1.3 vs. population median); unusually high charge-per-service deviation from specialty peers (z=1.2 vs. population median)
1003116971,Obstetrics & Gynecology,NJ,I,-0.17378772429853262,0,7.21,Low,0,0,unusually high service concentration (HHI) across billing codes (z=4.8 vs. population median); unusually high 5-year average service concentration (HHI) (z=4.0 vs. population median); unusually high service-concentration deviation from specialty peers (z=3.1 vs. population median)
1003144528,Cardiology,MA,I,-0.17384358432074642,0,7.2,Low,0,0,unusually high total beneficiaries served (z=2.4 vs. population median); unusually high total Medicare payment received (z=1.7 vs. population median); unusually high total services billed (z=1.6 vs. population median)
1003120528,Diagnostic Radiology,MI,I,-0.1738455618354171,0,7.2,Low,0,0,unusually high number of distinct billing codes (HCPCS) used (z=2.8 vs. population median); unusually high total beneficiaries served (z=2.6 vs. population median); unusually high multi-year service-volume trend (z=1.6 vs. population median)
1003081548,Physical Therapist in Private Practice,TN,I,-0.17389782650994,0,7.18,Low,0,0,unusually high services per beneficiary (z=3.2 vs. population median); unusually high 5-year average services per beneficiary (z=2.8 vs. population median); unusually low services-per-beneficiary deviation from specialty peers (z=-1.9 vs. population median)
1003136490,Diagnostic Radiology,TX,I,-0.17393146087892813,0,7.18,Low,0,0,unusually high service-concentration deviation from specialty peers (z=2.6 vs. population median); unusually low allowed-to-charge ratio (z=-1.8 vs. population median); unusually low 5-year average payment-to-charge ratio (z=-1.7 vs. population median)
1003101684,General Surgery,TN,I,-0.17390628889749427,0,7.18,Low,0,0,unusually low year-over-year payment-per-service change (z=-6.1 vs. population median); unusually low year-over-year payment change (z=-3.7 vs. population median); unusually low year-over-year beneficiary count change (z=-2.2 vs. population median)
1003003088,Physical Therapist in Private Practice,NJ,I,-0.17396456114644882,0,7.17,Low,0,0,unusually high 5-year average services per beneficiary (z=15.8 vs. population median); unusually high services per beneficiary (z=13.4 vs. population median); unusually high 5-year average total services (z=3.6 vs. population median)
1003094251,Physician Assistant,MO,I,-0.17400647639367178,0,7.16,Low,0,0,unusually high year-over-year beneficiary count change (z=4.8 vs. population median); unusually high year-over-year service volume change (z=4.2 vs. population median); unusually low year-over-year payment-per-service change (z=-3.9 vs. population median)
1003064700,Pathology,IL,I,-0.17416915499002444,0,7.12,Low,0,0,unusually high 5-year average total services (z=5.2 vs. population median); unusually high total beneficiaries served (z=4.7 vs. population median); unusually high total services billed (z=4.3 vs. population median)
1003042581,Nurse Practitioner,FL,I,-0.17417144286993508,0,7.12,Low,0,0,unusually high services-per-beneficiary deviation from specialty peers (z=7.0 vs. population median); unusually high services per beneficiary (z=5.5 vs. population median); unusually low year-over-year beneficiary count change (z=-5.3 vs. population median)
1003140971,Nurse Practitioner,CA,I,-0.17416957255387117,0,7.12,Low,0,0,unusually high services-per-beneficiary deviation from specialty peers (z=5.3 vs. population median); unusually high services per beneficiary (z=4.1 vs. population median); unusually high 5-year average services per beneficiary (z=3.6 vs. population median)
1003010349,Family Practice,FL,I,-0.17418105911085258,0,7.12,Low,0,0,unusually high multi-year service-volume trend (z=6.8 vs. population median); unusually high multi-year payment trend (z=4.4 vs. population median); unusually high number of distinct billing codes (HCPCS) used (z=3.5 vs. population median)
1003062316,Optometry,KS,I,-0.1741945018392571,0,7.11,Low,0,0,unusually high standardized-amount-to-payment ratio (z=5.3 vs. population median); unusually high multi-year service-volume trend (z=4.5 vs. population median); unusually high allowed-to-charge ratio (z=2.9 vs. population median)
1003136771,Dermatology,MA,I,-0.17426259061219485,0,7.1,Low,0,0,unusually high number of distinct billing codes (HCPCS) used (z=2.8 vs. population median); unusually low standardized-amount-to-payment ratio (z=-2.6 vs. population median); unusually high total beneficiaries served (z=2.3 vs. population median)
1003029075,Pulmonary Disease,WV,I,-0.17431548582554712,0,7.08,Low,0,0,unusually high 5-year average total payment (z=8.3 vs. population median); unusually high 5-year average total services (z=6.9 vs. population median); unusually high total beneficiaries served (z=6.3 vs. population median)
1003008244,Gastroenterology,MA,I,-0.17433603315943363,0,7.08,Low,0,0,unusually high submitted charge per service (z=5.1 vs. population median); unusually high year-over-year payment change (z=2.5 vs. population median); unusually low standardized-amount-to-payment ratio (z=-1.8 vs. population median)
1003010950,Internal Medicine,CA,I,-0.17442861334152598,0,7.06,Low,0,0,unusually low year-over-year payment-per-service change (z=-5.5 vs. population median); unusually low year-over-year payment change (z=-4.5 vs. population median); unusually low year-over-year beneficiary count change (z=-3.4 vs. population median)
1003044678,Internal Medicine,AL,I,-0.17445813321941023,0,7.05,Low,0,0,unusually high 5-year average payment-to-charge ratio (z=2.3 vs. population median); unusually high payment-to-charge ratio (z=2.1 vs. population median); unusually high payment-to-charge-ratio deviation from specialty peers (z=1.8 vs. population median)
1003106642,Internal Medicine,NY,I,-0.17444186214132135,0,7.05,Low,0,0,unusually high multi-year payment trend (z=2.4 vs. population median); unusually high multi-year service-volume trend (z=2.3 vs. population median); unusually low standardized-amount-to-payment ratio (z=-2.3 vs. population median)
1003011438,Physician Assistant,PA,I,-0.17450226223488507,0,7.04,Low,0,0,unusually high payment-per-service deviation from specialty peers (z=3.0 vs. population median); unusually high payment-to-charge-ratio deviation from specialty peers (z=2.7 vs. population median); unusually high service concentration (HHI) across billing codes (z=2.0 vs. population median)
1003032046,Physician Assistant,VA,I,-0.17463452905040583,0,7.01,Low,0,0,unusually high 5-year average total services (z=5.4 vs. population median); unusually high total beneficiaries served (z=3.1 vs. population median); unusually high payment-to-charge-ratio deviation from specialty peers (z=2.6 vs. population median)
1003046889,Family Practice,SC,I,-0.17468043082960855,0,7.0,Low,0,0,unusually high total beneficiaries served (z=6.4 vs. population median); unusually high total Medicare payment received (z=5.1 vs. population median); unusually high total services billed (z=4.6 vs. population median)
1003149295,Nurse Practitioner,WI,I,-0.17465098350585367,0,7.0,Low,0,0,unusually high services-per-beneficiary deviation from specialty peers (z=1.7 vs. population median); unusually low payment-to-charge-ratio deviation from specialty peers (z=-1.4 vs. population median); unusually low 5-year average payment-to-charge ratio (z=-1.4 vs. population median)
1003023706,Family Practice,VA,I,-0.17467910766973938,0,7.0,Low,0,0,unusually high 5-year average total payment (z=3.5 vs. population median); unusually high total Medicare payment received (z=3.2 vs. population median); unusually high 5-year average total services (z=3.2 vs. population median)
1003082215,Obstetrics & Gynecology,IN,I,-0.17469868470021266,0,6.99,Low,0,0,unusually high charge-per-service deviation from specialty peers (z=5.0 vs. population median); unusually high year-over-year payment change (z=3.4 vs. population median); unusually high year-over-year payment-per-service change (z=2.7 vs. population median)
1003077538,Family Practice,MD,I,-0.17472263161666912,0,6.98,Low,0,0,unusually high standardized-amount-to-payment ratio (z=3.7 vs. population median); unusually high total beneficiaries served (z=1.7 vs. population median); unusually high year-over-year beneficiary count change (z=1.3 vs. population median)
1003153347,Nurse Practitioner,IN,I,-0.17475442262358176,0,6.98,Low,0,0,unusually high 5-year average service concentration (HHI) (z=3.0 vs. population median); unusually high service concentration (HHI) across billing codes (z=3.0 vs. population median); unusually high service-concentration deviation from specialty peers (z=2.3 vs. population median)
1003075136,Emergency Medicine,OH,I,-0.17479518037574626,0,6.97,Low,0,0,unusually high year-over-year payment change (z=5.4 vs. population median); unusually high year-over-year beneficiary count change (z=4.1 vs. population median); unusually high year-over-year service volume change (z=3.6 vs. population median)
1003113432,Certified Registered Nurse Anesthetist (CRNA),MS,I,-0.174771953981817,0,6.97,Low,0,0,unusually high payment-to-charge-ratio deviation from specialty peers (z=6.3 vs. population median); unusually low charge-per-service deviation from specialty peers (z=-2.0 vs. population median); unusually low year-over-year payment change (z=-1.8 vs. population median)
1003107202,Internal Medicine,NY,I,-0.1748846647769392,0,6.95,Low,0,0,unusually high 5-year average payment-to-charge ratio (z=2.6 vs. population median); unusually high allowed-to-charge ratio (z=2.3 vs. population median); unusually high payment-to-charge ratio (z=2.1 vs. population median)
1003146556,Physician Assistant,PA,I,-0.17485376304660766,0,6.95,Low,0,0,unusually high payment-per-service deviation from specialty peers (z=1.3 vs. population median); unusually low services per billing code (z=-1.2 vs. population median); unusually low 5-year average services per beneficiary (z=-1.1 vs. population median)
1003083684,Nurse Practitioner,IN,I,-0.17490263822689572,0,6.94,Low,0,0,unusually high standardized-amount-to-payment ratio (z=4.5 vs. population median); unusually low year-over-year beneficiary count change (z=-4.3 vs. population median); unusually low year-over-year payment change (z=-4.1 vs. population median)
1003056284,Certified Registered Nurse Anesthetist (CRNA),MA,I,-0.17492401984369688,0,6.94,Low,0,0,unusually high submitted charge per service (z=4.3 vs. population median); unusually low year-over-year payment change (z=-3.5 vs. population median); unusually low year-over-year beneficiary count change (z=-3.2 vs. population median)
1003087495,Audiologist,OK,I,-0.17489258766061033,0,6.94,Low,0,0,unusually low service-concentration deviation from specialty peers (z=-3.9 vs. population median); unusually low charge-per-service deviation from specialty peers (z=-2.7 vs. population median); unusually high standardized-amount-to-payment ratio (z=2.6 vs. population median)
1003020504,Family Practice,TX,I,-0.17491615597839716,0,6.94,Low,0,0,unusually high services-per-beneficiary deviation from specialty peers (z=11.4 vs. population median); unusually high services per beneficiary (z=8.2 vs. population median); unusually high 5-year average services per beneficiary (z=4.6 vs. population median)
1003029430,General Surgery,KS,I,-0.17498822284160592,0,6.92,Low,0,0,unusually high payment per service (z=2.5 vs. population median); unusually high 5-year average payment per service (z=2.4 vs. population median); unusually low service-concentration deviation from specialty peers (z=-1.8 vs. population median)
1003041898,Physician Assistant,WA,I,-0.1750757620428945,0,6.9,Low,0,0,unusually low year-over-year payment-per-service change (z=-6.1 vs. population median); unusually high multi-year payment trend (z=5.0 vs. population median); unusually high multi-year service-volume trend (z=2.9 vs. population median)
1003122722,Infectious Disease,MA,I,-0.17508842919523881,0,6.9,Low,0,0,unusually high year-over-year beneficiary count change (z=4.5 vs. population median); unusually high year-over-year service volume change (z=4.0 vs. population median); unusually high year-over-year payment change (z=3.7 vs. population median)
1003062670,Nurse Practitioner,OH,I,-0.1751173063130378,0,6.89,Low,0,0,unusually high multi-year payment trend (z=2.2 vs. population median); unusually high service concentration (HHI) across billing codes (z=2.0 vs. population median); unusually high 5-year average service concentration (HHI) (z=2.0 vs. population median)
1003094889,Urology,WA,I,-0.17512401511546655,0,6.89,Low,0,0,unusually high 5-year average total payment (z=2.7 vs. population median); unusually high total Medicare payment received (z=2.4 vs. population median); unusually high total submitted charges (z=2.1 vs. population median)
1003047788,Nurse Practitioner,VT,I,-0.1751216849742518,0,6.89,Low,0,0,unusually high service concentration (HHI) across billing codes (z=2.8 vs. population median); unusually high allowed-to-charge ratio (z=2.5 vs. population median); unusually low year-over-year payment-per-service change (z=-2.3 vs. population median)
1003067141,Nurse Practitioner,CA,I,-0.17517593417087957,0,6.88,Low,0,0,unusually high services-per-beneficiary deviation from specialty peers (z=6.6 vs. population median); unusually high services per beneficiary (z=5.1 vs. population median); unusually high 5-year average services per beneficiary (z=3.3 vs. population median)
1003065640,Nurse Practitioner,OR,I,-0.17516290624244124,0,6.88,Low,0,0,unusually high service concentration (HHI) across billing codes (z=2.4 vs. population median); unusually high charge-per-service deviation from specialty peers (z=2.2 vs. population median); unusually high 5-year average service concentration (HHI) (z=2.2 vs. population median)
1003025271,Internal Medicine,TX,I,-0.17521396712974102,0,6.87,Low,0,0,unusually high multi-year payment trend (z=5.1 vs. population median); unusually high multi-year service-volume trend (z=4.5 vs. population median); unusually high total beneficiaries served (z=4.0 vs. population median)
1003128752,Pathology,CA,I,-0.17523391699092694,0,6.86,Low,0,0,unusually high year-over-year beneficiary count change (z=3.7 vs. population median); unusually low year-over-year payment-per-service change (z=-2.4 vs. population median); unusually high year-over-year service volume change (z=2.4 vs. population median)
1003136839,Urology,MN,I,-0.1752717583083953,0,6.85,Low,0,0,unusually high submitted charge per service (z=1.2 vs. population median); unusually low 5-year average service concentration (HHI) (z=-1.1 vs. population median); unusually low services-per-beneficiary deviation from specialty peers (z=-1.0 vs. population median)
1003127903,Emergency Medicine,SD,I,-0.17535106471075257,0,6.83,Low,0,0,unusually high submitted charge per service (z=5.6 vs. population median); unusually high services-per-beneficiary deviation from specialty peers (z=4.4 vs. population median); unusually high multi-year service-volume trend (z=4.0 vs. population median)
1003163759,Certified Registered Nurse Anesthetist (CRNA),OH,I,-0.17542578529172892,0,6.82,Low,0,0,unusually high submitted charge per service (z=3.4 vs. population median); unusually high payment-to-charge-ratio deviation from specialty peers (z=1.7 vs. population median); unusually low 5-year average payment-to-charge ratio (z=-1.5 vs. population median)
1003013582,Family Practice,WV,I,-0.17546556009634318,0,6.81,Low,0,0,unusually high year-over-year beneficiary count change (z=6.6 vs. population median); unusually low year-over-year payment-per-service change (z=-4.4 vs. population median); unusually high 5-year average service concentration (HHI) (z=4.0 vs. population median)
1003051095,Nurse Practitioner,FL,I,-0.1755384643206851,0,6.79,Low,0,0,unusually high services-per-beneficiary deviation from specialty peers (z=7.9 vs. population median); unusually high services per beneficiary (z=6.1 vs. population median); unusually high 5-year average services per beneficiary (z=5.7 vs. population median)
1003122532,Nurse Practitioner,TX,I,-0.1755324239017279,0,6.79,Low,0,0,unusually high services-per-beneficiary deviation from specialty peers (z=4.8 vs. population median); unusually high services per beneficiary (z=3.7 vs. population median); unusually high payment-to-charge-ratio deviation from specialty peers (z=2.8 vs. population median)
1003015421,General Surgery,TX,I,-0.17559059421568246,0,6.78,Low,0,0,unusually high submitted charge per service (z=3.1 vs. population median); unusually high 5-year average payment per service (z=2.9 vs. population median); unusually high payment per service (z=2.7 vs. population median)
1003076399,Psychiatry,CA,I,-0.17556458689757687,0,6.78,Low,0,0,unusually high multi-year payment trend (z=12.3 vs. population median); unusually high services per beneficiary (z=6.4 vs. population median); unusually high multi-year service-volume trend (z=4.6 vs. population median)
1003027913,Hospitalist,VA,I,-0.17556929163106805,0,6.78,Low,0,0,unusually high multi-year payment trend (z=5.3 vs. population median); unusually high payment-per-service deviation from specialty peers (z=3.0 vs. population median); unusually high payment per service (z=2.8 vs. population median)
1003092933,Nurse Practitioner,NJ,I,-0.17560987876711814,0,6.77,Low,0,0,unusually high multi-year service-volume trend (z=15.6 vs. population median); unusually high multi-year payment trend (z=13.3 vs. population median); unusually high year-over-year payment change (z=2.7 vs. population median)
1003101494,Physician Assistant,CA,I,-0.17564517753027298,0,6.76,Low,0,0,unusually high charge-per-service deviation from specialty peers (z=5.4 vs. population median); unusually high submitted charge per service (z=4.9 vs. population median); unusually high year-over-year beneficiary count change (z=2.7 vs. population median)
1003054289,Internal Medicine,IL,I,-0.17568753566511808,0,6.75,Low,0,0,unusually low year-over-year beneficiary count change (z=-3.8 vs. population median); unusually low year-over-year payment change (z=-3.6 vs. population median); unusually low year-over-year service volume change (z=-3.4 vs. population median)
1003018102,Ophthalmology,NY,I,-0.17575211680162695,0,6.74,Low,0,0,unusually high total beneficiaries served (z=4.8 vs. population median); unusually high 5-year average total payment (z=4.0 vs. population median); unusually high total Medicare payment received (z=3.9 vs. population median)
1003127341,Anesthesiology,AZ,I,-0.17572198152868435,0,6.74,Low,0,0,unusually low year-over-year payment-per-service change (z=-5.1 vs. population median); unusually high payment-to-charge-ratio deviation from specialty peers (z=3.5 vs. population median); unusually low year-over-year payment change (z=-2.9 vs. population median)
1003122276,Optometry,FL,I,-0.1757807654547271,0,6.73,Low,0,0,unusually high multi-year payment trend (z=10.6 vs. population median); unusually high multi-year service-volume trend (z=8.8 vs. population median); unusually high allowed-to-charge ratio (z=3.3 vs. population median)
1003143231,Internal Medicine,IL,I,-0.17579506295001746,0,6.73,Low,0,0,unusually high services per beneficiary (z=2.4 vs. population median); unusually high services-per-beneficiary deviation from specialty peers (z=2.3 vs. population median); unusually high 5-year average services per beneficiary (z=2.1 vs. population median)
1003133752,Physician Assistant,NY,I,-0.17582823178018997,0,6.72,Low,0,0,unusually high 5-year average service concentration (HHI) (z=3.3 vs. population median); unusually low standardized-amount-to-payment ratio (z=-3.2 vs. population median); unusually low year-over-year payment-per-service change (z=-2.9 vs. population median)
1003074212,Interventional Cardiology,GA,I,-0.17581483440169116,0,6.72,Low,0,0,unusually high 5-year average total payment (z=4.4 vs. population median); unusually high 5-year average total services (z=4.3 vs. population median); unusually high year-over-year payment-per-service change (z=3.9 vs. population median)
1003070640,Family Practice,NV,I,-0.1758082425553995,0,6.72,Low,0,0,unusually high multi-year payment trend (z=5.1 vs. population median); unusually high multi-year service-volume trend (z=4.4 vs. population median); unusually high service-concentration deviation from specialty peers (z=2.5 vs. population median)
1003004771,Critical Care (Intensivists),CO,I,-0.1758910235988922,0,6.7,Low,0,0,unusually high 5-year average total payment (z=3.7 vs. population median); unusually high total Medicare payment received (z=3.5 vs. population median); unusually high total beneficiaries served (z=3.3 vs. population median)
1003041740,Family Practice,UT,I,-0.17591240297712568,0,6.7,Low,0,0,unusually low year-over-year payment-per-service change (z=-3.8 vs. population median); unusually low multi-year service-volume trend (z=-1.6 vs. population median); unusually high allowed-to-charge ratio (z=1.5 vs. population median)
1003107442,Family Practice,PA,I,-0.1759422772436542,0,6.69,Low,0,0,unusually high 5-year average total services (z=2.9 vs. population median); unusually high total beneficiaries served (z=2.7 vs. population median); unusually high total services billed (z=1.8 vs. population median)
1003084138,Dermatology,NY,I,-0.1759936446097914,0,6.68,Low,0,0,unusually high multi-year service-volume trend (z=7.7 vs. population median); unusually high multi-year payment trend (z=6.4 vs. population median); unusually high year-over-year service volume change (z=5.4 vs. population median)
1003043100,Emergency Medicine,NJ,I,-0.17601240760333564,0,6.67,Low,0,0,unusually high submitted charge per service (z=6.2 vs. population median); unusually low year-over-year payment change (z=-3.7 vs. population median); unusually low year-over-year beneficiary count change (z=-3.5 vs. population median)
1003090143,Hospitalist,MA,I,-0.1760882683536672,0,6.66,Low,0,0,unusually high 5-year average payment per service (z=3.5 vs. population median); unusually high payment-per-service deviation from specialty peers (z=2.6 vs. population median); unusually high submitted charge per service (z=2.5 vs. population median)
1003084625,Psychiatry,LA,I,-0.17612753857222335,0,6.65,Low,0,0,unusually low year-over-year payment change (z=-4.7 vs. population median); unusually low year-over-year beneficiary count change (z=-4.6 vs. population median); unusually low year-over-year service volume change (z=-4.6 vs. population median)
1003024811,Endocrinology,PA,I,-0.17613141566913804,0,6.65,Low,0,0,unusually low year-over-year payment-per-service change (z=-4.5 vs. population median); unusually high year-over-year beneficiary count change (z=3.1 vs. population median); unusually high year-over-year service volume change (z=2.9 vs. population median)
1003110313,Pulmonary Disease,ID,I,-0.17613664582606509,0,6.64,Low,0,0,unusually high year-over-year payment-per-service change (z=7.2 vs. population median); unusually low year-over-year service volume change (z=-2.2 vs. population median); unusually low year-over-year beneficiary count change (z=-2.1 vs. population median)
1003069733,Gastroenterology,TX,I,-0.1761453170351141,0,6.64,Low,0,0,unusually high total submitted charges (z=4.5 vs. population median); unusually high total Medicare payment received (z=3.9 vs. population median); unusually high total beneficiaries served (z=3.7 vs. population median)
1003091661,Pathology,TX,I,-0.17613885014547875,0,6.64,Low,0,0,unusually high year-over-year service volume change (z=5.3 vs. population median); unusually high year-over-year beneficiary count change (z=4.5 vs. population median); unusually high year-over-year payment change (z=3.9 vs. population median)
1003136375,Infectious Disease,PA,I,-0.17617367271947554,0,6.64,Low,0,0,unusually high services per beneficiary (z=1.2 vs. population median); unusually high total Medicare payment received (z=1.1 vs. population median); unusually high services per billing code (z=1.0 vs. population median)
1003142738,Hospitalist,FL,I,-0.1761663185287588,0,6.64,Low,0,0,unusually high services per beneficiary (z=2.7 vs. population median); unusually high services per billing code (z=2.3 vs. population median); unusually high 5-year average services per beneficiary (z=2.3 vs. population median)
1003001678,Nurse Practitioner,NJ,I,-0.17617747363493824,0,6.64,Low,0,0,unusually high multi-year payment trend (z=12.6 vs. population median); unusually high multi-year service-volume trend (z=12.3 vs. population median); unusually high year-over-year payment change (z=5.1 vs. population median)
1003019563,Internal Medicine,CO,I,-0.17620877518042644,0,6.63,Low,0,0,unusually high number of distinct billing codes (HCPCS) used (z=3.2 vs. population median); unusually high total beneficiaries served (z=2.7 vs. population median); unusually high 5-year average total services (z=2.4 vs. population median)
1003109448,Family Practice,CA,I,-0.17622835594907815,0,6.62,Low,0,0,unusually low year-over-year payment-per-service change (z=-3.6 vs. population median); unusually high 5-year average total payment (z=3.4 vs. population median); unusually low year-over-year payment change (z=-2.9 vs. population median)
1003106071,Vascular Surgery,OR,I,-0.17626505342200838,0,6.61,Low,0,0,unusually low year-over-year payment change (z=-2.0 vs. population median); unusually low multi-year service-volume trend (z=-2.0 vs. population median); unusually high payment per service (z=1.8 vs. population median)
1003043647,Gastroenterology,OH,I,-0.17631843717060858,0,6.6,Low,0,0,unusually high total submitted charges (z=2.6 vs. population median); unusually high services-per-beneficiary deviation from specialty peers (z=2.3 vs. population median); unusually high number of distinct billing codes (HCPCS) used (z=2.2 vs. population median)
1003033184,Internal Medicine,NY,I,-0.17634355322429407,0,6.6,Low,0,0,unusually low standardized-amount-to-payment ratio (z=-4.1 vs. population median); unusually high services-per-beneficiary deviation from specialty peers (z=3.2 vs. population median); unusually high services per beneficiary (z=3.2 vs. population median)
1003071101,Physical Therapist in Private Practice,TN,I,-0.17632698679265107,0,6.6,Low,0,0,unusually high multi-year payment trend (z=6.6 vs. population median); unusually high multi-year service-volume trend (z=6.1 vs. population median); unusually low services-per-beneficiary deviation from specialty peers (z=-2.2 vs. population median)
1003104704,Psychiatry,CA,I,-0.1763247039992472,0,6.6,Low,0,0,unusually low year-over-year payment change (z=-5.2 vs. population median); unusually low year-over-year service volume change (z=-5.0 vs. population median); unusually low year-over-year beneficiary count change (z=-4.4 vs. population median)
1003095571,Physician Assistant,MD,I,-0.17631877677089258,0,6.6,Low,0,0,unusually high multi-year payment trend (z=13.6 vs. population median); unusually high multi-year service-volume trend (z=12.3 vs. population median); unusually high year-over-year payment-per-service change (z=4.2 vs. population median)
1003102146,Emergency Medicine,NC,I,-0.17637703339337607,0,6.59,Low,0,0,unusually high services-per-beneficiary deviation from specialty peers (z=14.9 vs. population median); unusually high submitted charge per service (z=5.4 vs. population median); unusually low year-over-year payment-per-service change (z=-2.1 vs. population median)
1003116047,"Psychologist, Clinical",MN,I,-0.1764394974906276,0,6.57,Low,0,0,unusually high services per beneficiary (z=14.4 vs. population median); unusually high 5-year average services per beneficiary (z=9.9 vs. population median); unusually high payment-to-charge ratio (z=2.6 vs. population median)
1003096736,Neurosurgery,CA,I,-0.17643839021890634,0,6.57,Low,0,0,unusually low year-over-year payment change (z=-3.4 vs. population median); unusually low year-over-year beneficiary count change (z=-3.0 vs. population median); unusually low year-over-year service volume change (z=-2.9 vs. population median)
1003136060,Nurse Practitioner,MI,I,-0.17661752919455675,0,6.53,Low,0,0,unusually high payment-per-service deviation from specialty peers (z=3.0 vs. population median); unusually high charge-per-service deviation from specialty peers (z=2.1 vs. population median); unusually high standardized-amount-to-payment ratio (z=1.5 vs. population median)
1003143892,Audiologist,FL,I,-0.17668533233605999,0,6.51,Low,0,0,unusually high services-per-beneficiary deviation from specialty peers (z=11.3 vs. population median); unusually low 5-year average payment per service (z=-1.9 vs. population median); unusually low payment per service (z=-1.9 vs. population median)
1003019613,Endocrinology,NY,I,-0.17671438120165978,0,6.51,Low,0,0,unusually high total submitted charges (z=5.8 vs. population median); unusually high charge-per-service deviation from specialty peers (z=3.6 vs. population median); unusually high total Medicare payment received (z=3.6 vs. population median)
1003103615,Otolaryngology,NY,I,-0.17668065493648943,0,6.51,Low,0,0,unusually low standardized-amount-to-payment ratio (z=-3.0 vs. population median); unusually high payment-to-charge ratio (z=2.5 vs. population median); unusually high allowed-to-charge ratio (z=2.4 vs. population median)
1003157660,Physician Assistant,AZ,I,-0.17671954144014684,0,6.5,Low,0,0,unusually high services-per-beneficiary deviation from specialty peers (z=2.9 vs. population median); unusually high 5-year average service concentration (HHI) (z=2.3 vs. population median); unusually high service concentration (HHI) across billing codes (z=2.3 vs. population median)
1003132788,Psychiatry,NY,I,-0.17678715977974846,0,6.49,Low,0,0,unusually high year-over-year service volume change (z=3.8 vs. population median); unusually high standardized-amount-to-payment ratio (z=3.5 vs. population median); unusually low year-over-year payment-per-service change (z=-2.6 vs. population median)
1003150699,Physician Assistant,NY,I,-0.17682104720300185,0,6.48,Low,0,0,unusually low standardized-amount-to-payment ratio (z=-3.4 vs. population median); unusually high charge-per-service deviation from specialty peers (z=1.8 vs. population median); unusually high submitted charge per service (z=1.8 vs. population median)
1003046087,Optometry,NE,I,-0.17685731841321445,0,6.47,Low,0,0,unusually high charge-per-service deviation from specialty peers (z=5.8 vs. population median); unusually high total beneficiaries served (z=4.2 vs. population median); unusually low payment-to-charge-ratio deviation from specialty peers (z=-2.2 vs. population median)
1003067661,Pathology,IL,I,-0.17705695202850047,0,6.42,Low,0,0,unusually high total beneficiaries served (z=4.1 vs. population median); unusually high 5-year average total services (z=3.2 vs. population median); unusually high total services billed (z=3.1 vs. population median)
1003142886,Family Practice,CA,I,-0.177166167288218,0,6.4,Low,0,0,unusually high services-per-beneficiary deviation from specialty peers (z=6.7 vs. population median); unusually high services per beneficiary (z=4.9 vs. population median); unusually high 5-year average services per beneficiary (z=4.4 vs. population median)
1003149113,Optometry,NC,I,-0.1771672738509169,0,6.4,Low,0,0,unusually high standardized-amount-to-payment ratio (z=3.3 vs. population median); unusually low payment-to-charge-ratio deviation from specialty peers (z=-1.8 vs. population median); unusually high charge-per-service deviation from specialty peers (z=1.4 vs. population median)
1003075318,Family Practice,IL,I,-0.17713963752580775,0,6.4,Low,0,0,unusually low year-over-year payment-per-service change (z=-2.6 vs. population median); unusually high number of distinct billing codes (HCPCS) used (z=2.5 vs. population median); unusually high total beneficiaries served (z=2.1 vs. population median)
1003162652,Physician Assistant,KY,I,-0.17721143616418966,0,6.39,Low,0,0,unusually high payment-to-charge-ratio deviation from specialty peers (z=1.5 vs. population median); unusually low charge-per-service deviation from specialty peers (z=-1.0 vs. population median); unusually high total beneficiaries served (z=0.9 vs. population median)
1003161548,Nurse Practitioner,KS,I,-0.1773694269450493,0,6.35,Low,0,0,unusually high total beneficiaries served (z=1.4 vs. population median); unusually high total services billed (z=0.8 vs. population median); unusually high services per billing code (z=0.8 vs. population median)
1003132044,Emergency Medicine,PA,I,-0.17737331635440534,0,6.35,Low,0,0,unusually high payment-to-charge-ratio deviation from specialty peers (z=3.1 vs. population median); unusually high 5-year average payment per service (z=2.1 vs. population median); unusually high payment per service (z=1.9 vs. population median)
1003077090,Vascular Surgery,RI,I,-0.17737902041813364,0,6.35,Low,0,0,unusually high number of distinct billing codes (HCPCS) used (z=3.8 vs. population median); unusually high multi-year service-volume trend (z=3.0 vs. population median); unusually high multi-year payment trend (z=2.2 vs. population median)
1003044884,Emergency Medicine,NJ,I,-0.17741523965748118,0,6.34,Low,0,0,unusually low year-over-year payment-per-service change (z=-3.7 vs. population median); unusually high payment-to-charge-ratio deviation from specialty peers (z=3.3 vs. population median); unusually high 5-year average payment per service (z=2.6 vs. population median)
1003050154,Otolaryngology,SC,I,-0.17744191468038045,0,6.33,Low,0,0,unusually high year-over-year payment-per-service change (z=3.1 vs. population median); unusually high year-over-year payment change (z=2.7 vs. population median); unusually high total Medicare payment received (z=2.6 vs. population median)
1003074584,Neurology,PA,I,-0.17742557844916612,0,6.33,Low,0,0,unusually high total beneficiaries served (z=3.4 vs. population median); unusually high total services billed (z=2.7 vs. population median); unusually high total Medicare payment received (z=2.6 vs. population median)
1003078767,Diagnostic Radiology,WA,I,-0.17746603844174164,0,6.33,Low,0,0,unusually high total beneficiaries served (z=9.7 vs. population median); unusually high total services billed (z=5.1 vs. population median); unusually high 5-year average total services (z=4.4 vs. population median)
1003023201,Neurology,NC,I,-0.17744530770944467,0,6.33,Low,0,0,unusually high year-over-year beneficiary count change (z=7.1 vs. population median); unusually high year-over-year service volume change (z=6.4 vs. population median); unusually low year-over-year payment-per-service change (z=-3.8 vs. population median)
1003162959,Family Practice,OR,I,-0.1774676018208649,0,6.32,Low,0,0,unusually low payment-to-charge-ratio deviation from specialty peers (z=-2.7 vs. population median); unusually high charge-per-service deviation from specialty peers (z=2.3 vs. population median); unusually low 5-year average payment-to-charge ratio (z=-1.6 vs. population median)
1003078619,Hospice and Palliative Care,NY,I,-0.17747925231330536,0,6.32,Low,0,0,unusually low standardized-amount-to-payment ratio (z=-3.5 vs. population median); unusually high charge-per-service deviation from specialty peers (z=3.2 vs. population median); unusually high submitted charge per service (z=2.3 vs. population median)
1003011834,Emergency Medicine,OH,I,-0.17749600763368106,0,6.32,Low,0,0,unusually high submitted charge per service (z=8.1 vs. population median); unusually high total submitted charges (z=2.4 vs. population median); unusually high 5-year average payment per service (z=2.3 vs. population median)
1003160714,Family Practice,PA,I,-0.17752411551582664,0,6.31,Low,0,0,unusually high allowed-to-charge ratio (z=1.2 vs. population median); unusually high payment-to-charge ratio (z=1.1 vs. population median); unusually high services-per-beneficiary deviation from specialty peers (z=1.0 vs. population median)
1003099243,Physician Assistant,KY,I,-0.1776209062347866,0,6.29,Low,0,0,unusually low year-over-year payment-per-service change (z=-3.5 vs. population median); unusually high standardized-amount-to-payment ratio (z=2.3 vs. population median); unusually high payment-to-charge-ratio deviation from specialty peers (z=1.5 vs. population median)
1003158700,Internal Medicine,OR,I,-0.17763320490521634,0,6.28,Low,0,0,unusually high total beneficiaries served (z=2.5 vs. population median); unusually low payment-per-service deviation from specialty peers (z=-2.3 vs. population median); unusually low service-concentration deviation from specialty peers (z=-1.3 vs. population median)
1003017427,Neurology,FL,I,-0.17764903965228296,0,6.28,Low,0,0,unusually high multi-year service-volume trend (z=3.0 vs. population median); unusually high 5-year average service concentration (HHI) (z=2.8 vs. population median); unusually high multi-year payment trend (z=2.2 vs. population median)
1003070368,Nephrology,NV,I,-0.17769456400371014,0,6.27,Low,0,0,unusually high 5-year average total payment (z=5.1 vs. population median); unusually high total Medicare payment received (z=3.9 vs. population median); unusually high services per beneficiary (z=3.0 vs. population median)
1003137746,Anesthesiology,MA,I,-0.17768338305474785,0,6.27,Low,0,0,unusually high submitted charge per service (z=3.0 vs. population median); unusually low 5-year average payment-to-charge ratio (z=-1.9 vs. population median); unusually low allowed-to-charge ratio (z=-1.7 vs. population median)
1003073388,Vascular Surgery,PA,I,-0.17769938666933033,0,6.27,Low,0,0,unusually low year-over-year payment change (z=-4.8 vs. population median); unusually low year-over-year beneficiary count change (z=-4.1 vs. population median); unusually low year-over-year service volume change (z=-4.0 vs. population median)
1003059783,Emergency Medicine,TX,I,-0.177745056486654,0,6.26,Low,0,0,unusually high submitted charge per service (z=7.5 vs. population median); unusually high total submitted charges (z=6.0 vs. population median); unusually low 5-year average payment-to-charge ratio (z=-2.0 vs. population median)
1003110743,Family Practice,GA,I,-0.17774969780913757,0,6.26,Low,0,0,unusually high multi-year payment trend (z=7.3 vs. population median); unusually high multi-year service-volume trend (z=5.5 vs. population median); unusually high services-per-beneficiary deviation from specialty peers (z=3.2 vs. population median)
1003033390,Interventional Cardiology,CT,I,-0.17778012912484054,0,6.25,Low,0,0,unusually high total submitted charges (z=3.7 vs. population median); unusually high total beneficiaries served (z=3.3 vs. population median); unusually low payment-to-charge-ratio deviation from specialty peers (z=-2.3 vs. population median)
1003046228,Nurse Practitioner,IL,I,-0.17779453600670048,0,6.25,Low,0,0,unusually high year-over-year beneficiary count change (z=7.9 vs. population median); unusually high year-over-year service volume change (z=6.0 vs. population median); unusually low year-over-year payment-per-service change (z=-5.0 vs. population median)
1003044520,General Surgery,IN,I,-0.17777850771721082,0,6.25,Low,0,0,unusually low service-concentration deviation from specialty peers (z=-1.7 vs. population median); unusually high payment-to-charge-ratio deviation from specialty peers (z=1.5 vs. population median); unusually high payment-to-charge ratio (z=1.5 vs. population median)
1003145897,Physician Assistant,MD,I,-0.17781522634210672,0,6.24,Low,0,0,unusually high services per billing code (z=3.8 vs. population median); unusually high total beneficiaries served (z=3.3 vs. population median); unusually high payment-to-charge-ratio deviation from specialty peers (z=2.4 vs. population median)
1003042847,Anesthesiology,NV,I,-0.17783440276385548,0,6.24,Low,0,0,unusually high services-per-beneficiary deviation from specialty peers (z=10.3 vs. population median); unusually low year-over-year payment-per-service change (z=-4.9 vs. population median); unusually high submitted charge per service (z=3.9 vs. population median)
1003086976,Internal Medicine,TX,I,-0.17785081241918188,0,6.23,Low,0,0,unusually high 5-year average total payment (z=2.5 vs. population median); unusually high total Medicare payment received (z=2.4 vs. population median); unusually low year-over-year payment-per-service change (z=-2.3 vs. population median)
1003015462,Emergency Medicine,CA,I,-0.17793837493095516,0,6.21,Low,0,0,unusually high total submitted charges (z=6.5 vs. population median); unusually high submitted charge per service (z=4.9 vs. population median); unusually high total beneficiaries served (z=2.7 vs. population median)
1003072349,Nurse Practitioner,FL,I,-0.17798359688131532,0,6.2,Low,0,0,unusually high services-per-beneficiary deviation from specialty peers (z=1.0 vs. population median); unusually high payment-per-service deviation from specialty peers (z=0.9 vs. population median); unusually high services per beneficiary (z=0.7 vs. population median)
1003036880,Psychiatry,FL,I,-0.17800307891363876,0,6.2,Low,0,0,unusually high payment-to-charge ratio (z=2.5 vs. population median); unusually high allowed-to-charge ratio (z=2.2 vs. population median); unusually high 5-year average payment-to-charge ratio (z=2.1 vs. population median)
1003024332,Critical Care (Intensivists),MI,I,-0.17798110677982515,0,6.2,Low,0,0,unusually high submitted charge per service (z=4.9 vs. population median); unusually high 5-year average payment per service (z=3.5 vs. population median); unusually high payment per service (z=3.0 vs. population median)
1003108259,Hematology-Oncology,MA,I,-0.17818878631552854,0,6.15,Low,0,0,unusually high charge-per-service deviation from specialty peers (z=3.0 vs. population median); unusually high submitted charge per service (z=2.7 vs. population median); unusually high services per beneficiary (z=2.3 vs. population median)
1003136136,Physician Assistant,MI,I,-0.17823891043392032,0,6.14,Low,0,0,unusually high charge-per-service deviation from specialty peers (z=2.1 vs. population median); unusually high submitted charge per service (z=2.1 vs. population median); unusually high payment-per-service deviation from specialty peers (z=1.7 vs. population median)
1003084203,Urology,NY,I,-0.17829197905361016,0,6.13,Low,0,0,unusually high service-concentration deviation from specialty peers (z=4.5 vs. population median); unusually high multi-year payment trend (z=4.5 vs. population median); unusually low standardized-amount-to-payment ratio (z=-4.3 vs. population median)
1003103805,Gastroenterology,CA,I,-0.17829692678248177,0,6.13,Low,0,0,unusually low year-over-year payment change (z=-5.4 vs. population median); unusually low year-over-year beneficiary count change (z=-5.4 vs. population median); unusually low year-over-year service volume change (z=-4.8 vs. population median)
1003127465,Family Practice,WI,I,-0.1783150042660851,0,6.12,Low,0,0,unusually low year-over-year beneficiary count change (z=-1.3 vs. population median); unusually low year-over-year service volume change (z=-1.2 vs. population median); unusually high 5-year average total services (z=1.1 vs. population median)
1003068008,Gastroenterology,TX,I,-0.17836050031603012,0,6.11,Low,0,0,unusually high submitted charge per service (z=3.2 vs. population median); unusually high total submitted charges (z=2.3 vs. population median); unusually high payment per service (z=2.2 vs. population median)
1003048745,Cardiology,IL,I,-0.17838096313344537,0,6.11,Low,0,0,unusually high total beneficiaries served (z=3.1 vs. population median); unusually high multi-year service-volume trend (z=2.3 vs. population median); unusually high multi-year payment trend (z=2.2 vs. population median)
1003017989,Anesthesiology,OH,I,-0.17837182044302902,0,6.11,Low,0,0,unusually high submitted charge per service (z=2.9 vs. population median); unusually high 5-year average service concentration (HHI) (z=2.6 vs. population median); unusually high multi-year service-volume trend (z=2.0 vs. population median)
1003055716,Optometry,TX,I,-0.17843158760736016,0,6.09,Low,0,0,unusually high allowed-to-charge ratio (z=3.7 vs. population median); unusually high 5-year average payment-to-charge ratio (z=2.9 vs. population median); unusually high payment-to-charge ratio (z=2.6 vs. population median)
1003073586,Internal Medicine,FL,I,-0.17845271736054463,0,6.09,Low,0,0,unusually low year-over-year payment-per-service change (z=-3.5 vs. population median); unusually high total beneficiaries served (z=2.7 vs. population median); unusually high total submitted charges (z=2.2 vs. population median)
1003032574,Internal Medicine,NH,I,-0.17846530749840456,0,6.08,Low,0,0,unusually high charge-per-service deviation from specialty peers (z=5.4 vs. population median); unusually high submitted charge per service (z=3.2 vs. population median); unusually high services per beneficiary (z=2.2 vs. population median)
1003115569,Anesthesiology,PA,I,-0.17847798037267826,0,6.08,Low,0,0,unusually low year-over-year payment-per-service change (z=-4.6 vs. population median); unusually low year-over-year payment change (z=-2.6 vs. population median); unusually high payment-to-charge-ratio deviation from specialty peers (z=2.5 vs. population median)
1003159450,Nurse Practitioner,IL,I,-0.17849575814392793,0,6.08,Low,0,0,unusually high payment-to-charge-ratio deviation from specialty peers (z=1.2 vs. population median); unusually low service-concentration deviation from specialty peers (z=-1.1 vs. population median); unusually high payment-to-charge ratio (z=0.9 vs. population median)
1003007683,Emergency Medicine,PA,I,-0.17851123939155256,0,6.07,Low,0,0,unusually high payment-to-charge-ratio deviation from specialty peers (z=4.4 vs. population median); unusually high payment per service (z=2.1 vs. population median); unusually high 5-year average payment per service (z=2.1 vs. population median)
1003078692,Neurology,FL,I,-0.17857459177001267,0,6.06,Low,0,0,unusually high multi-year payment trend (z=4.1 vs. population median); unusually high service-concentration deviation from specialty peers (z=2.9 vs. population median); unusually high service concentration (HHI) across billing codes (z=2.7 vs. population median)
1003134081,Otolaryngology,PA,I,-0.17858369235894572,0,6.06,Low,0,0,unusually high total beneficiaries served (z=1.6 vs. population median); unusually low payment-per-service deviation from specialty peers (z=-0.9 vs. population median); unusually low 5-year average service concentration (HHI) (z=-0.9 vs. population median)
1003083650,Emergency Medicine,OH,I,-0.17859382959240117,0,6.05,Low,0,0,unusually high payment-to-charge-ratio deviation from specialty peers (z=4.1 vs. population median); unusually high 5-year average payment per service (z=2.3 vs. population median); unusually high payment per service (z=1.9 vs. population median)
1003155946,Optometry,VA,I,-0.17867772220930422,0,6.03,Low,0,0,unusually high total beneficiaries served (z=2.8 vs. population median); unusually high charge-per-service deviation from specialty peers (z=2.7 vs. population median); unusually low payment-to-charge-ratio deviation from specialty peers (z=-2.1 vs. population median)
1003101411,Emergency Medicine,MI,I,-0.17870240493350498,0,6.03,Low,0,0,unusually high submitted charge per service (z=6.6 vs. population median); unusually high year-over-year payment change (z=2.6 vs. population median); unusually high year-over-year beneficiary count change (z=2.5 vs. population median)
1003127192,Emergency Medicine,NY,I,-0.17873752585860797,0,6.02,Low,0,0,unusually high submitted charge per service (z=5.5 vs. population median); unusually high services-per-beneficiary deviation from specialty peers (z=4.9 vs. population median); unusually high multi-year service-volume trend (z=3.8 vs. population median)
1003100082,Otolaryngology,OH,I,-0.17872397377907728,0,6.02,Low,0,0,unusually high allowed-to-charge ratio (z=3.1 vs. population median); unusually high payment-to-charge ratio (z=2.9 vs. population median); unusually high payment-to-charge-ratio deviation from specialty peers (z=2.7 vs. population median)
1003115163,Physical Therapist in Private Practice,DC,I,-0.17875519034451537,0,6.02,Low,0,0,unusually low services-per-beneficiary deviation from specialty peers (z=-2.2 vs. population median); unusually low year-over-year payment change (z=-2.1 vs. population median); unusually low 5-year average payment per service (z=-1.9 vs. population median)
1003009234,Audiologist,TX,I,-0.17871896959342592,0,6.02,Low,0,0,unusually high service-concentration deviation from specialty peers (z=4.5 vs. population median); unusually high 5-year average service concentration (HHI) (z=3.0 vs. population median); unusually high service concentration (HHI) across billing codes (z=2.7 vs. population median)
1003079583,Nephrology,CO,I,-0.17876601265988118,0,6.01,Low,0,0,unusually high 5-year average total payment (z=2.5 vs. population median); unusually low year-over-year payment-per-service change (z=-2.5 vs. population median); unusually high 5-year average payment per service (z=2.0 vs. population median)
1003078312,Cardiology,IN,I,-0.17876024352116848,0,6.01,Low,0,0,unusually high total beneficiaries served (z=5.4 vs. population median); unusually high number of distinct billing codes (HCPCS) used (z=3.5 vs. population median); unusually high 5-year average total services (z=3.2 vs. population median)
1003067604,Physical Medicine and Rehabilitation,CT,I,-0.178892631449665,0,5.98,Low,0,0,unusually high payment-per-service deviation from specialty peers (z=3.3 vs. population median); unusually high payment per service (z=2.7 vs. population median); unusually low standardized-amount-to-payment ratio (z=-2.6 vs. population median)
1003118704,Physical Therapist in Private Practice,VA,I,-0.17891016781512753,0,5.98,Low,0,0,unusually high service-concentration deviation from specialty peers (z=2.6 vs. population median); unusually low multi-year payment trend (z=-2.3 vs. population median); unusually low multi-year service-volume trend (z=-2.2 vs. population median)
1003040981,Gastroenterology,AZ,I,-0.17888061279783746,0,5.98,Low,0,0,unusually high number of distinct billing codes (HCPCS) used (z=2.0 vs. population median); unusually low 5-year average service concentration (HHI) (z=-1.7 vs. population median); unusually high submitted charge per service (z=1.6 vs. population median)
1003080656,Optometry,KY,I,-0.1790168030885163,0,5.95,Low,0,0,unusually high multi-year payment trend (z=4.2 vs. population median); unusually high allowed-to-charge ratio (z=3.3 vs. population median); unusually high payment-to-charge ratio (z=3.0 vs. population median)
1003057167,Nurse Practitioner,TN,I,-0.17904593117735562,0,5.95,Low,0,0,unusually high services-per-beneficiary deviation from specialty peers (z=3.9 vs. population median); unusually high 5-year average service concentration (HHI) (z=3.7 vs. population median); unusually high 5-year average services per beneficiary (z=3.4 vs. population median)
1003048851,Optometry,TX,I,-0.1790490433172212,0,5.94,Low,0,0,unusually low year-over-year payment change (z=-3.8 vs. population median); unusually low year-over-year beneficiary count change (z=-3.6 vs. population median); unusually low year-over-year service volume change (z=-3.2 vs. population median)
1003019191,Anesthesiology,AL,I,-0.17907674657314882,0,5.94,Low,0,0,unusually high submitted charge per service (z=4.7 vs. population median); unusually low 5-year average payment-to-charge ratio (z=-2.1 vs. population median); unusually low payment-to-charge ratio (z=-2.0 vs. population median)
1003063488,Family Practice,CA,I,-0.17907598001005454,0,5.94,Low,0,0,unusually high multi-year payment trend (z=6.2 vs. population median); unusually high multi-year service-volume trend (z=4.9 vs. population median); unusually high service-concentration deviation from specialty peers (z=3.0 vs. population median)
1003001645,Infectious Disease,CA,I,-0.17910329840886074,0,5.93,Low,0,0,unusually high total Medicare payment received (z=3.5 vs. population median); unusually high year-over-year payment change (z=2.8 vs. population median); unusually high total submitted charges (z=2.8 vs. population median)
1003079625,Optometry,NC,I,-0.17915591724602303,0,5.92,Low,0,0,unusually high total beneficiaries served (z=4.8 vs. population median); unusually high total services billed (z=3.0 vs. population median); unusually high total Medicare payment received (z=3.0 vs. population median)
1003008269,Anesthesiology,MN,I,-0.17921556664332006,0,5.9,Low,0,0,unusually high submitted charge per service (z=4.9 vs. population median); unusually high multi-year payment trend (z=3.5 vs. population median); unusually high year-over-year payment-per-service change (z=2.6 vs. population median)
1003128059,Physician Assistant,MN,I,-0.17925342601072614,0,5.9,Low,0,0,unusually high year-over-year beneficiary count change (z=4.8 vs. population median); unusually high charge-per-service deviation from specialty peers (z=4.3 vs. population median); unusually high year-over-year service volume change (z=4.1 vs. population median)
1003015892,Anesthesiology,IL,I,-0.17926689307280058,0,5.89,Low,0,0,unusually low year-over-year payment-per-service change (z=-7.8 vs. population median); unusually high year-over-year beneficiary count change (z=3.1 vs. population median); unusually low year-over-year payment change (z=-2.3 vs. population median)
1003013921,Emergency Medicine,MI,I,-0.17930702114076968,0,5.88,Low,0,0,unusually high payment-to-charge-ratio deviation from specialty peers (z=4.5 vs. population median); unusually high year-over-year payment change (z=2.9 vs. population median); unusually high year-over-year beneficiary count change (z=2.7 vs. population median)
1003102377,Pathology,FL,I,-0.1793218297227398,0,5.88,Low,0,0,unusually low year-over-year payment change (z=-3.1 vs. population median); unusually low year-over-year service volume change (z=-2.7 vs. population median); unusually low year-over-year beneficiary count change (z=-2.6 vs. population median)
1003078023,Internal Medicine,MI,I,-0.17931038154903417,0,5.88,Low,0,0,unusually high payment-to-charge ratio (z=3.3 vs. population median); unusually high 5-year average payment-to-charge ratio (z=3.2 vs. population median); unusually high payment-to-charge-ratio deviation from specialty peers (z=3.1 vs. population median)
1003016940,Nurse Practitioner,MN,I,-0.17934930848303032,0,5.87,Low,0,0,unusually high charge-per-service deviation from specialty peers (z=3.9 vs. population median); unusually high submitted charge per service (z=2.4 vs. population median); unusually low payment-to-charge-ratio deviation from specialty peers (z=-1.9 vs. population median)
1003011800,Endocrinology,IL,I,-0.17935264453511796,0,5.87,Low,0,0,unusually low year-over-year payment-per-service change (z=-3.2 vs. population median); unusually high year-over-year beneficiary count change (z=2.9 vs. population median); unusually high year-over-year service volume change (z=2.7 vs. population median)
1003014705,Endocrinology,AL,I,-0.17942326799155628,0,5.85,Low,0,0,unusually high services per billing code (z=5.4 vs. population median); unusually high total services billed (z=5.4 vs. population median); unusually high total beneficiaries served (z=5.0 vs. population median)
1003029562,Internal Medicine,PA,I,-0.17943534587680693,0,5.85,Low,0,0,unusually high year-over-year service volume change (z=5.2 vs. population median); unusually high year-over-year beneficiary count change (z=4.3 vs. population median); unusually high year-over-year payment change (z=3.2 vs. population median)
1003069758,Anesthesiology,TX,I,-0.17949776044164517,0,5.84,Low,0,0,unusually high submitted charge per service (z=6.9 vs. population median); unusually high year-over-year beneficiary count change (z=3.7 vs. population median); unusually high year-over-year service volume change (z=3.7 vs. population median)
1003047796,Emergency Medicine,WA,I,-0.17952545676411658,0,5.83,Low,0,0,unusually high submitted charge per service (z=6.5 vs. population median); unusually high total submitted charges (z=3.1 vs. population median); unusually low 5-year average payment-to-charge ratio (z=-2.1 vs. population median)
1003090507,Certified Registered Nurse Anesthetist (CRNA),WI,I,-0.17951507253468157,0,5.83,Low,0,0,unusually high services-per-beneficiary deviation from specialty peers (z=7.0 vs. population median); unusually high payment-to-charge-ratio deviation from specialty peers (z=3.0 vs. population median); unusually high submitted charge per service (z=2.7 vs. population median)
1003041641,Internal Medicine,TN,I,-0.17950897302347923,0,5.83,Low,0,0,unusually low multi-year payment trend (z=-2.3 vs. population median); unusually high 5-year average total payment (z=2.0 vs. population median); unusually high 5-year average payment per service (z=1.6 vs. population median)
1003138397,Emergency Medicine,CO,I,-0.17957920625637325,0,5.82,Low,0,0,unusually high submitted charge per service (z=4.3 vs. population median); unusually low 5-year average payment-to-charge ratio (z=-1.6 vs. population median); unusually high 5-year average payment per service (z=1.6 vs. population median)
1003134222,Critical Care (Intensivists),PA,I,-0.17958709606007361,0,5.81,Low,0,0,unusually low payment-per-service deviation from specialty peers (z=-1.8 vs. population median); unusually high number of distinct billing codes (HCPCS) used (z=1.8 vs. population median); unusually high year-over-year service volume change (z=1.4 vs. population median)
1003115395,Pulmonary Disease,PA,I,-0.17962086249914228,0,5.81,Low,0,0,unusually low year-over-year payment-per-service change (z=-3.5 vs. population median); unusually low year-over-year payment change (z=-2.5 vs. population median); unusually high 5-year average services per beneficiary (z=2.0 vs. population median)
1003127093,Emergency Medicine,AR,I,-0.17959230504683033,0,5.81,Low,0,0,unusually high submitted charge per service (z=8.1 vs. population median); unusually high year-over-year beneficiary count change (z=2.3 vs. population median); unusually low 5-year average payment-to-charge ratio (z=-2.2 vs. population median)
1003068073,Anesthesiology,CA,I,-0.17963142072963467,0,5.8,Low,0,0,unusually high submitted charge per service (z=8.2 vs. population median); unusually low standardized-amount-to-payment ratio (z=-2.6 vs. population median); unusually high 5-year average payment per service (z=2.3 vs. population median)
1003013442,Anesthesiology,CA,I,-0.17990437610270382,0,5.74,Low,0,0,unusually high submitted charge per service (z=6.3 vs. population median); unusually high year-over-year payment change (z=4.0 vs. population median); unusually high year-over-year beneficiary count change (z=3.5 vs. population median)
1003020660,General Surgery,VA,I,-0.1799156566286335,0,5.74,Low,0,0,unusually high 5-year average payment per service (z=4.5 vs. population median); unusually low year-over-year payment-per-service change (z=-4.0 vs. population median); unusually high payment per service (z=2.1 vs. population median)
1003080409,Family Practice,UT,I,-0.1799050690667302,0,5.74,Low,0,0,unusually high multi-year service-volume trend (z=8.5 vs. population median); unusually high multi-year payment trend (z=7.9 vs. population median); unusually high total beneficiaries served (z=2.8 vs. population median)
1003043571,Nephrology,MA,I,-0.1799608353393511,0,5.73,Low,0,0,unusually high charge-per-service deviation from specialty peers (z=3.7 vs. population median); unusually high submitted charge per service (z=2.3 vs. population median); unusually low standardized-amount-to-payment ratio (z=-1.9 vs. population median)
1003125873,Certified Registered Nurse Anesthetist (CRNA),MS,I,-0.17993067824256054,0,5.73,Low,0,0,unusually high services-per-beneficiary deviation from specialty peers (z=8.2 vs. population median); unusually high submitted charge per service (z=4.7 vs. population median); unusually high year-over-year beneficiary count change (z=4.3 vs. population median)
1003161860,Nurse Practitioner,PA,I,-0.17997980372219474,0,5.72,Low,0,0,unusually high payment-to-charge-ratio deviation from specialty peers (z=2.1 vs. population median); unusually high payment-to-charge ratio (z=1.7 vs. population median); unusually high 5-year average service concentration (HHI) (z=1.5 vs. population median)
1003112434,Hematology-Oncology,DC,I,-0.18002456540809858,0,5.71,Low,0,0,unusually high multi-year payment trend (z=4.6 vs. population median); unusually high multi-year service-volume trend (z=3.3 vs. population median); unusually high year-over-year beneficiary count change (z=2.7 vs. population median)
1003134750,Ophthalmology,NE,I,-0.18003502083551526,0,5.71,Low,0,0,unusually low standardized-amount-to-payment ratio (z=-2.4 vs. population median); unusually high allowed-to-charge ratio (z=2.3 vs. population median); unusually high 5-year average payment-to-charge ratio (z=2.1 vs. population median)
1003017021,Emergency Medicine,FL,I,-0.1800951115241411,0,5.69,Low,0,0,unusually high submitted charge per service (z=5.7 vs. population median); unusually low standardized-amount-to-payment ratio (z=-2.8 vs. population median); unusually low multi-year payment trend (z=-2.5 vs. population median)
1003089319,Anesthesiology,AZ,I,-0.1801066980794202,0,5.69,Low,0,0,unusually high submitted charge per service (z=5.1 vs. population median); unusually high year-over-year beneficiary count change (z=4.4 vs. population median); unusually high year-over-year service volume change (z=3.9 vs. population median)
1003158759,Family Practice,NY,I,-0.18015984661990975,0,5.68,Low,0,0,unusually low standardized-amount-to-payment ratio (z=-3.6 vs. population median); unusually high charge-per-service deviation from specialty peers (z=3.4 vs. population median); unusually low payment-to-charge-ratio deviation from specialty peers (z=-2.1 vs. population median)
1003137803,General Surgery,IL,I,-0.1801825527945694,0,5.67,Low,0,0,unusually high submitted charge per service (z=2.6 vs. population median); unusually high 5-year average payment per service (z=2.0 vs. population median); unusually high payment per service (z=1.9 vs. population median)
1003083627,Internal Medicine,MI,I,-0.18027740880043663,0,5.65,Low,0,0,unusually low year-over-year beneficiary count change (z=-4.6 vs. population median); unusually low year-over-year payment change (z=-4.0 vs. population median); unusually low year-over-year service volume change (z=-3.7 vs. population median)
1003105289,General Surgery,TX,I,-0.18030053369238747,0,5.64,Low,0,0,unusually low year-over-year payment change (z=-4.0 vs. population median); unusually low year-over-year service volume change (z=-4.0 vs. population median); unusually low year-over-year beneficiary count change (z=-4.0 vs. population median)
1003022013,Neurology,TX,I,-0.18043042620938343,0,5.61,Low,0,0,unusually high total submitted charges (z=2.2 vs. population median); unusually low payment-to-charge-ratio deviation from specialty peers (z=-2.1 vs. population median); unusually high submitted charge per service (z=2.0 vs. population median)
1003009036,Physical Therapist in Private Practice,TX,I,-0.18046034064919558,0,5.6,Low,0,0,unusually high 5-year average services per beneficiary (z=12.3 vs. population median); unusually high services per beneficiary (z=9.0 vs. population median); unusually high services per billing code (z=3.5 vs. population median)
1003144643,Internal Medicine,OH,I,-0.18047020310452122,0,5.6,Low,0,0,unusually high allowed-to-charge ratio (z=2.2 vs. population median); unusually high payment-to-charge ratio (z=2.0 vs. population median); unusually high 5-year average payment-to-charge ratio (z=1.8 vs. population median)
1003049867,Internal Medicine,NY,I,-0.1804745064366396,0,5.6,Low,0,0,unusually high multi-year payment trend (z=3.6 vs. population median); unusually low standardized-amount-to-payment ratio (z=-3.3 vs. population median); unusually high multi-year service-volume trend (z=3.2 vs. population median)
1003127010,Family Practice,IN,I,-0.18051135065637375,0,5.59,Low,0,0,unusually high payment-to-charge ratio (z=1.9 vs. population median); unusually high 5-year average payment-to-charge ratio (z=1.8 vs. population median); unusually high payment-to-charge-ratio deviation from specialty peers (z=1.6 vs. population median)
1003128463,General Practice,LA,I,-0.18052849543709582,0,5.59,Low,0,0,unusually high services per beneficiary (z=4.7 vs. population median); unusually high 5-year average services per beneficiary (z=3.7 vs. population median); unusually high services-per-beneficiary deviation from specialty peers (z=3.3 vs. population median)
1003013756,Family Practice,NC,I,-0.18050432800500504,0,5.59,Low,0,0,unusually high services-per-beneficiary deviation from specialty peers (z=5.8 vs. population median); unusually high services per beneficiary (z=4.2 vs. population median); unusually low year-over-year beneficiary count change (z=-3.2 vs. population median)
1003028093,Emergency Medicine,IA,I,-0.1805771737315538,0,5.58,Low,0,0,unusually high submitted charge per service (z=6.5 vs. population median); unusually high 5-year average payment per service (z=2.4 vs. population median); unusually high payment per service (z=2.2 vs. population median)
1003110560,Certified Registered Nurse Anesthetist (CRNA),TX,I,-0.1805611420628318,0,5.58,Low,0,0,unusually high services-per-beneficiary deviation from specialty peers (z=5.1 vs. population median); unusually high submitted charge per service (z=3.4 vs. population median); unusually high payment-to-charge-ratio deviation from specialty peers (z=1.9 vs. population median)
1003019720,Emergency Medicine,VA,I,-0.18060718129530534,0,5.57,Low,0,0,unusually high submitted charge per service (z=5.4 vs. population median); unusually high total submitted charges (z=3.9 vs. population median); unusually high 5-year average total payment (z=2.1 vs. population median)
1003001462,Radiation Oncology,TX,I,-0.18060398105919961,0,5.57,Low,0,0,unusually high total submitted charges (z=5.8 vs. population median); unusually high total Medicare payment received (z=5.2 vs. population median); unusually high total services billed (z=4.4 vs. population median)
1003078510,Endocrinology,MA,I,-0.18070254348924075,0,5.55,Low,0,0,unusually low year-over-year payment-per-service change (z=-6.8 vs. population median); unusually high year-over-year beneficiary count change (z=3.4 vs. population median); unusually low year-over-year payment change (z=-2.4 vs. population median)
1003012642,Otolaryngology,PA,I,-0.180686340800704,0,5.55,Low,0,0,unusually low year-over-year payment change (z=-3.0 vs. population median); unusually high 5-year average total payment (z=3.0 vs. population median); unusually high total Medicare payment received (z=2.8 vs. population median)
1003011610,Internal Medicine,MA,I,-0.180733219929557,0,5.54,Low,0,0,unusually high multi-year payment trend (z=3.5 vs. population median); unusually high year-over-year beneficiary count change (z=2.9 vs. population median); unusually low year-over-year payment-per-service change (z=-2.7 vs. population median)
1003068552,Nurse Practitioner,FL,I,-0.18074601513306632,0,5.54,Low,0,0,unusually low standardized-amount-to-payment ratio (z=-2.2 vs. population median); unusually high payment-per-service deviation from specialty peers (z=1.7 vs. population median); unusually high 5-year average service concentration (HHI) (z=1.4 vs. population median)
1003015280,Physician Assistant,FL,I,-0.18075577376208252,0,5.53,Low,0,0,unusually high multi-year payment trend (z=5.4 vs. population median); unusually high year-over-year payment-per-service change (z=3.5 vs. population median); unusually high payment-per-service deviation from specialty peers (z=3.2 vs. population median)
1003125485,Hospitalist,NY,I,-0.18079824858655508,0,5.52,Low,0,0,unusually high services per billing code (z=4.0 vs. population median); unusually high year-over-year payment-per-service change (z=3.8 vs. population median); unusually high total Medicare payment received (z=3.4 vs. population median)
1003015116,Nephrology,IL,I,-0.18083397428889164,0,5.52,Low,0,0,unusually high services per beneficiary (z=5.0 vs. population median); unusually high services-per-beneficiary deviation from specialty peers (z=3.5 vs. population median); unusually high year-over-year service volume change (z=3.1 vs. population median)
1003077942,Ophthalmology,NC,I,-0.18082168909323426,0,5.52,Low,0,0,unusually high total beneficiaries served (z=3.8 vs. population median); unusually high total Medicare payment received (z=3.5 vs. population median); unusually high 5-year average total payment (z=3.3 vs. population median)
1003049123,Psychiatry,OK,I,-0.1809682011308123,0,5.48,Low,0,0,unusually high multi-year payment trend (z=11.7 vs. population median); unusually high multi-year service-volume trend (z=10.2 vs. population median); unusually high total Medicare payment received (z=2.8 vs. population median)
1003157470,Nurse Practitioner,DC,I,-0.18096845629326258,0,5.48,Low,0,0,unusually high charge-per-service deviation from specialty peers (z=2.3 vs. population median); unusually high payment-per-service deviation from specialty peers (z=2.3 vs. population median); unusually low standardized-amount-to-payment ratio (z=-2.2 vs. population median)
1003007907,Pulmonary Disease,OR,I,-0.18096957027099436,0,5.48,Low,0,0,unusually high charge-per-service deviation from specialty peers (z=2.5 vs. population median); unusually high payment per service (z=2.2 vs. population median); unusually high submitted charge per service (z=2.2 vs. population median)
1003127432,Nephrology,WV,I,-0.18100503085361475,0,5.47,Low,0,0,unusually high 5-year average total payment (z=5.3 vs. population median); unusually high total Medicare payment received (z=5.2 vs. population median); unusually high 5-year average total services (z=4.0 vs. population median)
1003051087,Internal Medicine,NY,I,-0.18112815137605254,0,5.44,Low,0,0,unusually high charge-per-service deviation from specialty peers (z=2.6 vs. population median); unusually low standardized-amount-to-payment ratio (z=-2.6 vs. population median); unusually high submitted charge per service (z=1.5 vs. population median)
1003029125,Physician Assistant,NY,I,-0.18119668940869932,0,5.43,Low,0,0,unusually low multi-year service-volume trend (z=-2.0 vs. population median); unusually high charge-per-service deviation from specialty peers (z=1.9 vs. population median); unusually low payment-to-charge-ratio deviation from specialty peers (z=-1.8 vs. population median)
1003136979,Family Practice,WA,I,-0.18117062245978277,0,5.43,Low,0,0,unusually high number of distinct billing codes (HCPCS) used (z=2.8 vs. population median); unusually high total beneficiaries served (z=1.9 vs. population median); unusually low services-per-beneficiary deviation from specialty peers (z=-1.4 vs. population median)
1003112657,Family Practice,OH,I,-0.1812853047145317,0,5.41,Low,0,0,unusually high multi-year service-volume trend (z=4.0 vs. population median); unusually high charge-per-service deviation from specialty peers (z=3.9 vs. population median); unusually low year-over-year beneficiary count change (z=-3.5 vs. population median)
1003070558,Family Practice,NY,I,-0.1813228941234215,0,5.4,Low,0,0,unusually low standardized-amount-to-payment ratio (z=-2.8 vs. population median); unusually low payment-to-charge-ratio deviation from specialty peers (z=-2.3 vs. population median); unusually high charge-per-service deviation from specialty peers (z=1.9 vs. population median)
1003105636,Gastroenterology,CO,I,-0.18129311082156013,0,5.4,Low,0,0,unusually high submitted charge per service (z=5.1 vs. population median); unusually high payment per service (z=2.4 vs. population median); unusually high 5-year average payment per service (z=2.2 vs. population median)
1003070681,General Surgery,NY,I,-0.18129602054749328,0,5.4,Low,0,0,unusually high multi-year service-volume trend (z=4.8 vs. population median); unusually low year-over-year payment-per-service change (z=-3.6 vs. population median); unusually low standardized-amount-to-payment ratio (z=-3.2 vs. population median)
1003005257,Pathology,OH,I,-0.18134451693638592,0,5.39,Low,0,0,unusually high year-over-year payment change (z=3.0 vs. population median); unusually high year-over-year payment-per-service change (z=2.9 vs. population median); unusually low 5-year average payment per service (z=-1.6 vs. population median)
1003030586,Family Practice,MA,I,-0.1813374148326215,0,5.39,Low,0,0,unusually low year-over-year payment change (z=-3.3 vs. population median); unusually low year-over-year beneficiary count change (z=-3.3 vs. population median); unusually low year-over-year service volume change (z=-2.8 vs. population median)
1003007311,Physician Assistant,SC,I,-0.18139269523645957,0,5.38,Low,0,0,unusually high payment-to-charge-ratio deviation from specialty peers (z=3.0 vs. population median); unusually high standardized-amount-to-payment ratio (z=2.5 vs. population median); unusually high multi-year service-volume trend (z=2.2 vs. population median)
1003123027,Physician Assistant,MD,I,-0.18151007963363447,0,5.35,Low,0,0,unusually high standardized-amount-to-payment ratio (z=5.1 vs. population median); unusually high services-per-beneficiary deviation from specialty peers (z=4.9 vs. population median); unusually low year-over-year payment-per-service change (z=-3.8 vs. population median)
1003079286,Family Practice,NY,I,-0.18165503150096457,0,5.32,Low,0,0,unusually high multi-year service-volume trend (z=9.5 vs. population median); unusually high multi-year payment trend (z=9.3 vs. population median); unusually high year-over-year payment-per-service change (z=2.5 vs. population median)
1003017393,Emergency Medicine,TX,I,-0.1816571177884967,0,5.32,Low,0,0,unusually high submitted charge per service (z=6.4 vs. population median); unusually high total submitted charges (z=4.9 vs. population median); unusually low 5-year average payment-to-charge ratio (z=-2.1 vs. population median)
1003116740,Physician Assistant,TX,I,-0.18168318993198151,0,5.31,Low,0,0,unusually low year-over-year payment-per-service change (z=-3.3 vs. population median); unusually high services-per-beneficiary deviation from specialty peers (z=2.4 vs. population median); unusually high standardized-amount-to-payment ratio (z=1.7 vs. population median)
1003072018,Ophthalmology,AZ,I,-0.181715703536582,0,5.3,Low,0,0,unusually high service-concentration deviation from specialty peers (z=4.2 vs. population median); unusually high year-over-year payment change (z=4.0 vs. population median); unusually high year-over-year service volume change (z=3.6 vs. population median)
1003034257,Optometry,TX,I,-0.18172749585422748,0,5.3,Low,0,0,unusually high payment-to-charge ratio (z=3.0 vs. population median); unusually high standardized-amount-to-payment ratio (z=2.9 vs. population median); unusually high allowed-to-charge ratio (z=2.9 vs. population median)
1003096710,Physician Assistant,NE,I,-0.18172094357236257,0,5.3,Low,0,0,unusually high multi-year payment trend (z=3.4 vs. population median); unusually high multi-year service-volume trend (z=3.2 vs. population median); unusually low year-over-year payment-per-service change (z=-2.4 vs. population median)
1003159013,Internal Medicine,WA,I,-0.18175077457390354,0,5.29,Low,0,0,unusually low standardized-amount-to-payment ratio (z=-2.9 vs. population median); unusually high service concentration (HHI) across billing codes (z=1.3 vs. population median); unusually high 5-year average service concentration (HHI) (z=1.3 vs. population median)
1003010661,Anesthesiology,TX,I,-0.18186472864887776,0,5.27,Low,0,0,unusually high submitted charge per service (z=5.9 vs. population median); unusually low payment-to-charge ratio (z=-2.0 vs. population median); unusually low allowed-to-charge ratio (z=-1.9 vs. population median)
1003122201,Nurse Practitioner,KY,I,-0.1818550170289343,0,5.27,Low,0,0,unusually low year-over-year payment-per-service change (z=-1.8 vs. population median); unusually low year-over-year beneficiary count change (z=-1.7 vs. population median); unusually low service-concentration deviation from specialty peers (z=-1.6 vs. population median)
1003148735,Nurse Practitioner,TX,I,-0.1818627757801093,0,5.27,Low,0,0,unusually high charge-per-service deviation from specialty peers (z=1.8 vs. population median); unusually high 5-year average service concentration (HHI) (z=1.6 vs. population median); unusually high service concentration (HHI) across billing codes (z=1.5 vs. population median)
1003077892,Family Practice,TX,I,-0.1819038019278385,0,5.26,Low,0,0,unusually low year-over-year payment change (z=-4.8 vs. population median); unusually low year-over-year beneficiary count change (z=-4.5 vs. population median); unusually low year-over-year service volume change (z=-4.2 vs. population median)
1003080284,"Psychologist, Clinical",OR,I,-0.18189840320351436,0,5.26,Low,0,0,unusually high charge-per-service deviation from specialty peers (z=3.9 vs. population median); unusually high multi-year payment trend (z=3.7 vs. population median); unusually high year-over-year payment-per-service change (z=3.0 vs. population median)
1003101056,Neurology,MA,I,-0.18188075434470824,0,5.26,Low,0,0,unusually high submitted charge per service (z=2.6 vs. population median); unusually low year-over-year payment-per-service change (z=-2.4 vs. population median); unusually high charge-per-service deviation from specialty peers (z=2.3 vs. population median)
1003108325,Internal Medicine,FL,I,-0.18196933793810127,0,5.24,Low,0,0,unusually high number of distinct billing codes (HCPCS) used (z=1.2 vs. population median); unusually low year-over-year payment-per-service change (z=-1.2 vs. population median); unusually high charge-per-service deviation from specialty peers (z=1.0 vs. population median)
1003144882,Physician Assistant,PA,I,-0.1819741797834134,0,5.24,Low,0,0,unusually high 5-year average service concentration (HHI) (z=1.7 vs. population median); unusually high payment-to-charge-ratio deviation from specialty peers (z=1.7 vs. population median); unusually high service concentration (HHI) across billing codes (z=1.7 vs. population median)
1003003963,Emergency Medicine,TX,I,-0.18199506835891294,0,5.24,Low,0,0,unusually high submitted charge per service (z=4.5 vs. population median); unusually high multi-year payment trend (z=2.5 vs. population median); unusually high year-over-year beneficiary count change (z=2.5 vs. population median)
1003108606,Infectious Disease,MD,I,-0.18203865381477152,0,5.23,Low,0,0,unusually low year-over-year payment change (z=-4.1 vs. population median); unusually low year-over-year service volume change (z=-4.0 vs. population median); unusually low year-over-year beneficiary count change (z=-3.6 vs. population median)
1003009424,Physician Assistant,CT,I,-0.18200123619960723,0,5.23,Low,0,0,unusually high multi-year service-volume trend (z=4.4 vs. population median); unusually low year-over-year beneficiary count change (z=-3.9 vs. population median); unusually low year-over-year service volume change (z=-3.7 vs. population median)
1003044728,Hospice and Palliative Care,CA,I,-0.18202350050386618,0,5.23,Low,0,0,unusually high charge-per-service deviation from specialty peers (z=3.3 vs. population median); unusually high submitted charge per service (z=2.4 vs. population median); unusually high service-concentration deviation from specialty peers (z=2.3 vs. population median)
1003158221,Internal Medicine,MO,I,-0.18208052118934598,0,5.22,Low,0,0,unusually high 5-year average service concentration (HHI) (z=2.0 vs. population median); unusually high service-concentration deviation from specialty peers (z=2.0 vs. population median); unusually high service concentration (HHI) across billing codes (z=2.0 vs. population median)
1003043548,Radiation Oncology,MA,I,-0.18207106627146763,0,5.22,Low,0,0,unusually high total submitted charges (z=3.2 vs. population median); unusually high 5-year average total payment (z=2.7 vs. population median); unusually high number of distinct billing codes (HCPCS) used (z=2.5 vs. population median)
1003106220,Hematology-Oncology,MA,I,-0.18215582442638917,0,5.2,Low,0,0,unusually high charge-per-service deviation from specialty peers (z=2.9 vs. population median); unusually high submitted charge per service (z=2.6 vs. population median); unusually high total submitted charges (z=2.4 vs. population median)
1003077249,General Surgery,GA,I,-0.18221438445733812,0,5.18,Low,0,0,unusually high services-per-beneficiary deviation from specialty peers (z=3.9 vs. population median); unusually high year-over-year service volume change (z=3.0 vs. population median); unusually high year-over-year payment change (z=2.0 vs. population median)
1003078429,Gastroenterology,IN,I,-0.1822919208881693,0,5.16,Low,0,0,unusually high payment-to-charge-ratio deviation from specialty peers (z=2.3 vs. population median); unusually high payment per service (z=1.8 vs. population median); unusually high 5-year average payment per service (z=1.8 vs. population median)
1003046525,General Surgery,GA,I,-0.18235537506192928,0,5.15,Low,0,0,unusually high services-per-beneficiary deviation from specialty peers (z=5.8 vs. population median); unusually low year-over-year payment-per-service change (z=-3.0 vs. population median); unusually high 5-year average service concentration (HHI) (z=2.4 vs. population median)
1003118076,Obstetrics & Gynecology,PA,I,-0.18235350251987675,0,5.15,Low,0,0,unusually high multi-year payment trend (z=9.7 vs. population median); unusually high multi-year service-volume trend (z=8.1 vs. population median); unusually high 5-year average service concentration (HHI) (z=2.4 vs. population median)
1003126202,Physical Therapist in Private Practice,NC,I,-0.18239401184407067,0,5.14,Low,0,0,unusually high services per beneficiary (z=11.9 vs. population median); unusually high 5-year average services per beneficiary (z=10.3 vs. population median); unusually low year-over-year payment change (z=-3.3 vs. population median)
1003161811,Emergency Medicine,MI,I,-0.1824572567002729,0,5.12,Low,0,0,unusually low payment-per-service deviation from specialty peers (z=-1.9 vs. population median); unusually high services-per-beneficiary deviation from specialty peers (z=1.6 vs. population median); unusually high submitted charge per service (z=1.4 vs. population median)
1003047267,General Surgery,IL,I,-0.18255619004663737,0,5.1,Low,0,0,unusually low multi-year payment trend (z=-2.0 vs. population median); unusually high year-over-year payment-per-service change (z=1.8 vs. population median); unusually low year-over-year service volume change (z=-1.7 vs. population median)
1003010174,Nephrology,NY,I,-0.18259292599254529,0,5.09,Low,0,0,unusually high total submitted charges (z=3.2 vs. population median); unusually high total Medicare payment received (z=2.5 vs. population median); unusually high services per billing code (z=2.3 vs. population median)
1003015850,Nephrology,OH,I,-0.18260095040750146,0,5.09,Low,0,0,unusually high year-over-year payment change (z=9.1 vs. population median); unusually high year-over-year service volume change (z=7.7 vs. population median); unusually high year-over-year beneficiary count change (z=6.0 vs. population median)
1003078072,Emergency Medicine,IL,I,-0.18264014277503948,0,5.08,Low,0,0,unusually high payment-to-charge-ratio deviation from specialty peers (z=2.8 vs. population median); unusually high 5-year average payment per service (z=2.8 vs. population median); unusually high services-per-beneficiary deviation from specialty peers (z=2.7 vs. population median)
1003074154,Hospitalist,SC,I,-0.1827384492871818,0,5.06,Low,0,0,unusually high total submitted charges (z=3.0 vs. population median); unusually high 5-year average total payment (z=2.2 vs. population median); unusually high services per beneficiary (z=2.1 vs. population median)
1003122805,"Psychologist, Clinical",IA,I,-0.18273970181850713,0,5.06,Low,0,0,unusually high year-over-year payment-per-service change (z=2.4 vs. population median); unusually low year-over-year beneficiary count change (z=-2.0 vs. population median); unusually high services per billing code (z=1.8 vs. population median)
1003105966,Emergency Medicine,WV,I,-0.1827062272421896,0,5.06,Low,0,0,unusually high payment-to-charge-ratio deviation from specialty peers (z=3.9 vs. population median); unusually low charge-per-service deviation from specialty peers (z=-1.7 vs. population median); unusually low payment-per-service deviation from specialty peers (z=-1.6 vs. population median)
1003034018,Obstetrics & Gynecology,CA,I,-0.18273706750996854,0,5.06,Low,0,0,unusually high multi-year payment trend (z=7.3 vs. population median); unusually high multi-year service-volume trend (z=4.0 vs. population median); unusually high charge-per-service deviation from specialty peers (z=3.1 vs. population median)
1003044751,Otolaryngology,PA,I,-0.18282537020690076,0,5.04,Low,0,0,unusually low year-over-year payment-per-service change (z=-3.3 vs. population median); unusually high charge-per-service deviation from specialty peers (z=3.3 vs. population median); unusually high service-concentration deviation from specialty peers (z=2.5 vs. population median)
1003034828,Emergency Medicine,NE,I,-0.1828379112658004,0,5.03,Low,0,0,unusually high submitted charge per service (z=6.5 vs. population median); unusually high total submitted charges (z=3.4 vs. population median); unusually low 5-year average payment-to-charge ratio (z=-1.9 vs. population median)
1003135435,Internal Medicine,MD,I,-0.1828367277761715,0,5.03,Low,0,0,unusually high 5-year average service concentration (HHI) (z=1.8 vs. population median); unusually high service concentration (HHI) across billing codes (z=1.7 vs. population median); unusually high service-concentration deviation from specialty peers (z=1.7 vs. population median)
1003009176,Physician Assistant,FL,I,-0.18297483875646414,0,5.0,Low,0,0,unusually low year-over-year payment change (z=-4.4 vs. population median); unusually low year-over-year service volume change (z=-4.0 vs. population median); unusually low year-over-year beneficiary count change (z=-3.9 vs. population median)
1003027764,Medical Oncology,SC,I,-0.18303938400254083,0,4.98,Low,0,0,unusually high services per billing code (z=2.8 vs. population median); unusually high total Medicare payment received (z=2.6 vs. population median); unusually high 5-year average total payment (z=2.0 vs. population median)
1003073578,Pulmonary Disease,GA,I,-0.18310794515304046,0,4.97,Low,0,0,unusually high 5-year average total payment (z=3.1 vs. population median); unusually high total Medicare payment received (z=3.1 vs. population median); unusually high total beneficiaries served (z=3.0 vs. population median)
1003045808,Pathology,MI,I,-0.18317212746889655,0,4.95,Low,0,0,unusually high total beneficiaries served (z=1.6 vs. population median); unusually low 5-year average payment-to-charge ratio (z=-1.6 vs. population median); unusually low allowed-to-charge ratio (z=-1.6 vs. population median)
1003079476,Podiatry,MD,I,-0.18320468682472246,0,4.94,Low,0,0,unusually high total services billed (z=4.2 vs. population median); unusually high 5-year average total services (z=3.3 vs. population median); unusually high total Medicare payment received (z=3.0 vs. population median)
1003071903,General Surgery,CO,I,-0.18331648333927153,0,4.92,Low,0,0,unusually low year-over-year payment change (z=-3.9 vs. population median); unusually high submitted charge per service (z=3.5 vs. population median); unusually low year-over-year service volume change (z=-3.1 vs. population median)
1003058736,Emergency Medicine,IL,I,-0.1833148262677209,0,4.92,Low,0,0,unusually high submitted charge per service (z=2.9 vs. population median); unusually low year-over-year payment-per-service change (z=-1.9 vs. population median); unusually low multi-year payment trend (z=-1.8 vs. population median)
1003043209,Family Practice,NY,I,-0.18329625854099413,0,4.92,Low,0,0,unusually high multi-year service-volume trend (z=6.9 vs. population median); unusually high multi-year payment trend (z=2.8 vs. population median); unusually low standardized-amount-to-payment ratio (z=-1.6 vs. population median)
1003076761,Anesthesiology,TX,I,-0.1833282214013912,0,4.92,Low,0,0,unusually high submitted charge per service (z=6.2 vs. population median); unusually low standardized-amount-to-payment ratio (z=-2.3 vs. population median); unusually low 5-year average payment-to-charge ratio (z=-2.1 vs. population median)
1003012352,Nurse Practitioner,IN,I,-0.18334033605732697,0,4.91,Low,0,0,unusually high year-over-year payment-per-service change (z=5.8 vs. population median); unusually low year-over-year service volume change (z=-3.6 vs. population median); unusually low year-over-year beneficiary count change (z=-3.5 vs. population median)
1003153966,Nurse Practitioner,MS,I,-0.1833904794223682,0,4.9,Low,0,0,unusually high standardized-amount-to-payment ratio (z=2.0 vs. population median); unusually low service-concentration deviation from specialty peers (z=-1.4 vs. population median); unusually high total beneficiaries served (z=1.4 vs. population median)
1003075532,Emergency Medicine,TX,I,-0.18343767090779145,0,4.89,Low,0,0,unusually high submitted charge per service (z=7.8 vs. population median); unusually high services-per-beneficiary deviation from specialty peers (z=5.4 vs. population median); unusually low 5-year average payment-to-charge ratio (z=-2.1 vs. population median)
1003048638,Nurse Practitioner,NY,I,-0.18341253866164653,0,4.89,Low,0,0,unusually low year-over-year payment change (z=-4.5 vs. population median); unusually low year-over-year beneficiary count change (z=-4.2 vs. population median); unusually low year-over-year service volume change (z=-3.8 vs. population median)
1003058520,General Surgery,NY,I,-0.18344935380203137,0,4.89,Low,0,0,unusually high year-over-year payment change (z=3.2 vs. population median); unusually high year-over-year payment-per-service change (z=3.2 vs. population median); unusually high year-over-year service volume change (z=1.5 vs. population median)
1003004201,Internal Medicine,TX,I,-0.18346150188474242,0,4.88,Low,0,0,unusually high allowed-to-charge ratio (z=2.5 vs. population median); unusually high payment-to-charge ratio (z=2.1 vs. population median); unusually high payment-to-charge-ratio deviation from specialty peers (z=1.8 vs. population median)
1003141136,Physician Assistant,KY,I,-0.18345637305325174,0,4.88,Low,0,0,unusually low service-concentration deviation from specialty peers (z=-1.5 vs. population median); unusually low 5-year average service concentration (HHI) (z=-1.5 vs. population median); unusually low service concentration (HHI) across billing codes (z=-1.4 vs. population median)
1003055021,Hospitalist,CT,I,-0.18349132584940747,0,4.88,Low,0,0,unusually high multi-year payment trend (z=6.4 vs. population median); unusually high multi-year service-volume trend (z=5.2 vs. population median); unusually high year-over-year service volume change (z=4.4 vs. population median)
1003065921,"Psychologist, Clinical",NV,I,-0.1835304738947549,0,4.87,Low,0,0,unusually high services per beneficiary (z=3.0 vs. population median); unusually high 5-year average total payment (z=2.9 vs. population median); unusually high 5-year average services per beneficiary (z=2.7 vs. population median)
1003072117,Physical Therapist in Private Practice,PA,I,-0.1835736683743347,0,4.86,Low,0,0,unusually low year-over-year beneficiary count change (z=-3.7 vs. population median); unusually low year-over-year payment change (z=-3.7 vs. population median); unusually low year-over-year service volume change (z=-3.4 vs. population median)
1003143850,Nurse Practitioner,CO,I,-0.1835464219259973,0,4.86,Low,0,0,unusually high payment-per-service deviation from specialty peers (z=2.2 vs. population median); unusually high charge-per-service deviation from specialty peers (z=2.0 vs. population median); unusually high 5-year average service concentration (HHI) (z=1.4 vs. population median)
1003041104,Nurse Practitioner,GA,I,-0.18353951439378097,0,4.86,Low,0,0,unusually high year-over-year service volume change (z=3.4 vs. population median); unusually high year-over-year payment change (z=2.4 vs. population median); unusually high year-over-year beneficiary count change (z=2.0 vs. population median)
1003088121,Audiologist,MA,I,-0.18368581807042716,0,4.83,Low,0,0,unusually high services per billing code (z=5.8 vs. population median); unusually low standardized-amount-to-payment ratio (z=-2.4 vs. population median); unusually high multi-year service-volume trend (z=2.2 vs. population median)
1003063900,Nurse Practitioner,FL,I,-0.1836985198561294,0,4.83,Low,0,0,unusually high year-over-year payment change (z=10.0 vs. population median); unusually high year-over-year beneficiary count change (z=6.7 vs. population median); unusually high year-over-year service volume change (z=6.6 vs. population median)
1003140328,Nurse Practitioner,MO,I,-0.18374222916070382,0,4.82,Low,0,0,unusually high charge-per-service deviation from specialty peers (z=2.0 vs. population median); unusually high service concentration (HHI) across billing codes (z=1.2 vs. population median); unusually high 5-year average service concentration (HHI) (z=1.2 vs. population median)
1003153131,Nurse Practitioner,TX,I,-0.1837378581875725,0,4.82,Low,0,0,unusually high services-per-beneficiary deviation from specialty peers (z=1.7 vs. population median); unusually high service concentration (HHI) across billing codes (z=1.3 vs. population median); unusually high 5-year average service concentration (HHI) (z=1.3 vs. population median)
1003055666,Physician Assistant,MI,I,-0.18371566155269792,0,4.82,Low,0,0,unusually high year-over-year payment-per-service change (z=4.2 vs. population median); unusually low year-over-year service volume change (z=-3.1 vs. population median); unusually low year-over-year beneficiary count change (z=-2.7 vs. population median)
1003152968,Physician Assistant,PA,I,-0.18371477558888666,0,4.82,Low,0,0,unusually low 5-year average total payment (z=-1.1 vs. population median); unusually high standardized-amount-to-payment ratio (z=1.1 vs. population median); unusually high service concentration (HHI) across billing codes (z=1.1 vs. population median)
1003011396,Pathology,MN,I,-0.1838640958389377,0,4.79,Low,0,0,unusually high number of distinct billing codes (HCPCS) used (z=3.0 vs. population median); unusually high total beneficiaries served (z=1.6 vs. population median); unusually low payment per service (z=-1.5 vs. population median)
1003138066,Audiologist,GA,I,-0.18390545371165956,0,4.78,Low,0,0,unusually low 5-year average payment per service (z=-1.9 vs. population median); unusually low payment per service (z=-1.8 vs. population median); unusually low 5-year average total payment (z=-1.1 vs. population median)
1003063181,Diagnostic Radiology,IL,I,-0.18393179271380838,0,4.77,Low,0,0,unusually high total beneficiaries served (z=2.1 vs. population median); unusually high service-concentration deviation from specialty peers (z=1.7 vs. population median); unusually low payment per service (z=-1.4 vs. population median)
1003054347,Physician Assistant,MO,I,-0.1839139381390818,0,4.77,Low,0,0,unusually low year-over-year payment-per-service change (z=-4.2 vs. population median); unusually low year-over-year payment change (z=-1.2 vs. population median); unusually high multi-year payment trend (z=1.0 vs. population median)
1003007345,Psychiatry,MN,I,-0.18406240385885592,0,4.74,Low,0,0,unusually high services per beneficiary (z=5.5 vs. population median); unusually low year-over-year beneficiary count change (z=-2.8 vs. population median); unusually high 5-year average services per beneficiary (z=2.8 vs. population median)
1003013152,Anesthesiology,PA,I,-0.1840551097543195,0,4.74,Low,0,0,unusually high services-per-beneficiary deviation from specialty peers (z=4.1 vs. population median); unusually high submitted charge per service (z=2.8 vs. population median); unusually low multi-year service-volume trend (z=-2.3 vs. population median)
1003125188,Optometry,WA,I,-0.1840739177739849,0,4.74,Low,0,0,unusually high total beneficiaries served (z=3.0 vs. population median); unusually high allowed-to-charge ratio (z=2.6 vs. population median); unusually high number of distinct billing codes (HCPCS) used (z=2.5 vs. population median)
1003105511,Hospitalist,IL,I,-0.18405336534390904,0,4.74,Low,0,0,unusually low payment-per-service deviation from specialty peers (z=-3.0 vs. population median); unusually low multi-year payment trend (z=-2.7 vs. population median); unusually low multi-year service-volume trend (z=-2.3 vs. population median)
1003102534,Emergency Medicine,NY,I,-0.18411126957830393,0,4.73,Low,0,0,unusually high payment-to-charge-ratio deviation from specialty peers (z=4.1 vs. population median); unusually high 5-year average payment per service (z=2.0 vs. population median); unusually low year-over-year payment-per-service change (z=-1.7 vs. population median)
1003112277,Nurse Practitioner,TN,I,-0.1840800392836347,0,4.73,Low,0,0,unusually high year-over-year service volume change (z=5.0 vs. population median); unusually high year-over-year beneficiary count change (z=4.2 vs. population median); unusually low year-over-year payment-per-service change (z=-3.0 vs. population median)
1003070442,Anesthesiology,IN,I,-0.18412680132212322,0,4.72,Low,0,0,unusually high submitted charge per service (z=4.5 vs. population median); unusually low multi-year payment trend (z=-1.8 vs. population median); unusually low allowed-to-charge ratio (z=-1.7 vs. population median)
1003064031,Internal Medicine,PA,I,-0.18412510406796506,0,4.72,Low,0,0,unusually high 5-year average payment-to-charge ratio (z=2.7 vs. population median); unusually high year-over-year beneficiary count change (z=2.0 vs. population median); unusually high payment-to-charge ratio (z=1.9 vs. population median)
1003027947,Emergency Medicine,OK,I,-0.18425198404924115,0,4.69,Low,0,0,unusually high submitted charge per service (z=6.0 vs. population median); unusually low 5-year average payment-to-charge ratio (z=-1.9 vs. population median); unusually low payment-to-charge ratio (z=-1.8 vs. population median)
1003126129,Nurse Practitioner,CA,I,-0.18425708567715787,0,4.69,Low,0,0,unusually high year-over-year payment change (z=6.3 vs. population median); unusually high year-over-year payment-per-service change (z=5.1 vs. population median); unusually high year-over-year beneficiary count change (z=3.5 vs. population median)
1003011859,General Surgery,AL,I,-0.1842662416054714,0,4.69,Low,0,0,unusually low year-over-year payment-per-service change (z=-5.4 vs. population median); unusually high multi-year payment trend (z=3.7 vs. population median); unusually high multi-year service-volume trend (z=3.0 vs. population median)
1003076332,Hospitalist,WA,I,-0.18424909182059618,0,4.69,Low,0,0,unusually high 5-year average payment per service (z=2.8 vs. population median); unusually high payment-per-service deviation from specialty peers (z=2.5 vs. population median); unusually high payment per service (z=2.5 vs. population median)
1003042185,Psychiatry,ME,I,-0.18429159367951203,0,4.68,Low,0,0,unusually high 5-year average services per beneficiary (z=8.4 vs. population median); unusually high services per beneficiary (z=6.5 vs. population median); unusually high year-over-year payment-per-service change (z=4.7 vs. population median)
1003149147,Physician Assistant,WA,I,-0.18437226587294836,0,4.66,Low,0,0,unusually high 5-year average service concentration (HHI) (z=1.4 vs. population median); unusually high service concentration (HHI) across billing codes (z=1.4 vs. population median); unusually low 5-year average total payment (z=-1.1 vs. population median)
1003070350,Hospitalist,NC,I,-0.18443483527094723,0,4.65,Low,0,0,unusually high 5-year average total payment (z=2.2 vs. population median); unusually high 5-year average total services (z=2.2 vs. population median); unusually low year-over-year payment-per-service change (z=-2.1 vs. population median)
1003030156,Optometry,GA,I,-0.18446133108923318,0,4.64,Low,0,0,unusually low year-over-year payment-per-service change (z=-2.4 vs. population median); unusually high multi-year service-volume trend (z=2.3 vs. population median); unusually high allowed-to-charge ratio (z=2.3 vs. population median)
1003075300,Emergency Medicine,WA,I,-0.18445956006202757,0,4.64,Low,0,0,unusually high submitted charge per service (z=5.7 vs. population median); unusually low 5-year average payment-to-charge ratio (z=-1.9 vs. population median); unusually low allowed-to-charge ratio (z=-1.9 vs. population median)
1003067034,Physician Assistant,NC,I,-0.1845226909207902,0,4.63,Low,0,0,unusually high multi-year payment trend (z=8.5 vs. population median); unusually high multi-year service-volume trend (z=3.9 vs. population median); unusually high services per billing code (z=2.3 vs. population median)
1003047242,Cardiology,PA,I,-0.18451457648934239,0,4.63,Low,0,0,unusually high total beneficiaries served (z=3.2 vs. population median); unusually high number of distinct billing codes (HCPCS) used (z=2.8 vs. population median); unusually high multi-year service-volume trend (z=2.7 vs. population median)
1003075094,Ophthalmology,TX,I,-0.184547691489794,0,4.62,Low,0,0,unusually low year-over-year beneficiary count change (z=-2.0 vs. population median); unusually low year-over-year service volume change (z=-1.9 vs. population median); unusually high 5-year average total payment (z=1.7 vs. population median)
1003113606,Optometry,TN,I,-0.184588558496537,0,4.61,Low,0,0,unusually high allowed-to-charge ratio (z=2.6 vs. population median); unusually high payment-to-charge ratio (z=2.6 vs. population median); unusually high 5-year average payment-to-charge ratio (z=2.3 vs. population median)
1003046756,Optometry,KS,I,-0.18467151389812053,0,4.59,Low,0,0,unusually high total beneficiaries served (z=4.8 vs. population median); unusually high total services billed (z=3.2 vs. population median); unusually high 5-year average total services (z=3.0 vs. population median)
1003142779,Licensed Professional Counselor,NC,I,-0.18475122838603564,0,4.57,Low,0,0,unusually high payment-to-charge ratio (z=1.7 vs. population median); unusually high 5-year average payment-to-charge ratio (z=1.5 vs. population median); unusually high allowed-to-charge ratio (z=1.4 vs. population median)
1003150574,Nurse Practitioner,MI,I,-0.18474293298359573,0,4.57,Low,0,0,unusually high 5-year average service concentration (HHI) (z=1.9 vs. population median); unusually high service concentration (HHI) across billing codes (z=1.8 vs. population median); unusually high payment-per-service deviation from specialty peers (z=1.5 vs. population median)
1003077991,Ophthalmology,NY,I,-0.1847444135169765,0,4.57,Low,0,0,unusually high multi-year service-volume trend (z=5.3 vs. population median); unusually high year-over-year beneficiary count change (z=4.2 vs. population median); unusually high multi-year payment trend (z=3.3 vs. population median)
1003041708,Emergency Medicine,ME,I,-0.18477549008685412,0,4.57,Low,0,0,unusually high submitted charge per service (z=7.7 vs. population median); unusually low 5-year average payment-to-charge ratio (z=-2.0 vs. population median); unusually low payment-to-charge ratio (z=-1.9 vs. population median)
1003077587,Otolaryngology,MD,I,-0.18478050521079092,0,4.57,Low,0,0,unusually low standardized-amount-to-payment ratio (z=-2.7 vs. population median); unusually high total beneficiaries served (z=1.7 vs. population median); unusually high allowed-to-charge ratio (z=1.3 vs. population median)
1003161480,Hospitalist,FL,I,-0.18478608774297972,0,4.56,Low,0,0,unusually high 5-year average service concentration (HHI) (z=1.5 vs. population median); unusually high service concentration (HHI) across billing codes (z=1.5 vs. population median); unusually low payment-per-service deviation from specialty peers (z=-1.1 vs. population median)
1003049503,Internal Medicine,PA,I,-0.18484105738627216,0,4.55,Low,0,0,unusually high year-over-year service volume change (z=3.9 vs. population median); unusually high year-over-year beneficiary count change (z=3.8 vs. population median); unusually high year-over-year payment change (z=2.9 vs. population median)
1003089822,Hospitalist,NM,I,-0.18486322728617405,0,4.55,Low,0,0,unusually high year-over-year payment change (z=6.1 vs. population median); unusually high year-over-year beneficiary count change (z=6.0 vs. population median); unusually high year-over-year service volume change (z=4.5 vs. population median)
1003115999,Hospitalist,NY,I,-0.18487031945572385,0,4.54,Low,0,0,unusually high total submitted charges (z=4.3 vs. population median); unusually low standardized-amount-to-payment ratio (z=-3.9 vs. population median); unusually high 5-year average total payment (z=3.6 vs. population median)
1003135104,Emergency Medicine,CO,I,-0.1849248169679304,0,4.53,Low,0,0,unusually high submitted charge per service (z=2.2 vs. population median); unusually high payment-to-charge-ratio deviation from specialty peers (z=1.7 vs. population median); unusually high payment per service (z=1.3 vs. population median)
1003002841,Neurology,SC,I,-0.18492031898923278,0,4.53,Low,0,0,unusually high payment per service (z=1.9 vs. population median); unusually high 5-year average payment per service (z=1.4 vs. population median); unusually high standardized-amount-to-payment ratio (z=1.1 vs. population median)
1003000902,Family Practice,KY,I,-0.18496334930915292,0,4.52,Low,0,0,unusually high year-over-year payment-per-service change (z=1.6 vs. population median); unusually high payment-to-charge ratio (z=1.4 vs. population median); unusually high 5-year average payment-to-charge ratio (z=1.3 vs. population median)
1003067745,Otolaryngology,CA,I,-0.1849998606555298,0,4.51,Low,0,0,unusually low standardized-amount-to-payment ratio (z=-2.3 vs. population median); unusually high total Medicare payment received (z=2.3 vs. population median); unusually high 5-year average total payment (z=2.1 vs. population median)
1003077785,Internal Medicine,KY,I,-0.18504802214366106,0,4.5,Low,0,0,unusually high 5-year average service concentration (HHI) (z=3.2 vs. population median); unusually high year-over-year beneficiary count change (z=2.5 vs. population median); unusually high service-concentration deviation from specialty peers (z=2.4 vs. population median)
1003127218,Family Practice,NC,I,-0.18504516113209024,0,4.5,Low,0,0,unusually low year-over-year payment change (z=-4.3 vs. population median); unusually low year-over-year beneficiary count change (z=-4.0 vs. population median); unusually low year-over-year service volume change (z=-3.7 vs. population median)
1003041484,Emergency Medicine,TX,I,-0.1851519906406648,0,4.48,Low,0,0,unusually high submitted charge per service (z=5.6 vs. population median); unusually low multi-year service-volume trend (z=-2.3 vs. population median); unusually low multi-year payment trend (z=-2.3 vs. population median)
1003038605,Internal Medicine,MI,I,-0.18520755855579896,0,4.46,Low,0,0,unusually high year-over-year payment-per-service change (z=11.5 vs. population median); unusually low year-over-year service volume change (z=-3.4 vs. population median); unusually low year-over-year beneficiary count change (z=-2.9 vs. population median)
1003041971,Emergency Medicine,MA,I,-0.1852778331285534,0,4.45,Low,0,0,unusually high 5-year average payment per service (z=3.1 vs. population median); unusually high submitted charge per service (z=2.6 vs. population median); unusually high payment per service (z=2.3 vs. population median)
1003091539,Internal Medicine,CA,I,-0.1853258817014925,0,4.43,Low,0,0,unusually high total Medicare payment received (z=4.1 vs. population median); unusually high 5-year average total payment (z=4.0 vs. population median); unusually high total submitted charges (z=3.3 vs. population median)
1003163130,Nurse Practitioner,TX,I,-0.18538375151107567,0,4.42,Low,0,0,unusually high 5-year average service concentration (HHI) (z=1.8 vs. population median); unusually high service concentration (HHI) across billing codes (z=1.8 vs. population median); unusually low 5-year average total payment (z=-1.2 vs. population median)
1003127085,Family Practice,MO,I,-0.18536752741441836,0,4.42,Low,0,0,unusually low year-over-year payment-per-service change (z=-5.4 vs. population median); unusually high year-over-year beneficiary count change (z=5.1 vs. population median); unusually high year-over-year service volume change (z=4.9 vs. population median)
1003011891,Gastroenterology,NJ,I,-0.185509056170796,0,4.39,Low,0,0,unusually high submitted charge per service (z=3.3 vs. population median); unusually low standardized-amount-to-payment ratio (z=-2.0 vs. population median); unusually high year-over-year beneficiary count change (z=2.0 vs. population median)
1003100710,Emergency Medicine,CO,I,-0.18555661001986268,0,4.38,Low,0,0,unusually high multi-year payment trend (z=6.6 vs. population median); unusually high multi-year service-volume trend (z=6.1 vs. population median); unusually high submitted charge per service (z=4.1 vs. population median)
1003073552,Emergency Medicine,PA,I,-0.18559396442664733,0,4.37,Low,0,0,unusually high payment-to-charge-ratio deviation from specialty peers (z=3.2 vs. population median); unusually high services-per-beneficiary deviation from specialty peers (z=2.7 vs. population median); unusually low multi-year payment trend (z=-1.7 vs. population median)
1003065475,Emergency Medicine,PA,I,-0.1856493687466424,0,4.36,Low,0,0,unusually high submitted charge per service (z=4.8 vs. population median); unusually high services-per-beneficiary deviation from specialty peers (z=3.7 vs. population median); unusually high total submitted charges (z=3.1 vs. population median)
1003073883,Urology,CA,I,-0.18564057977630777,0,4.36,Low,0,0,unusually high multi-year payment trend (z=2.2 vs. population median); unusually high year-over-year payment change (z=2.0 vs. population median); unusually high year-over-year beneficiary count change (z=1.9 vs. population median)
1003102740,Audiologist,NC,I,-0.18562050332399993,0,4.36,Low,0,0,unusually high multi-year service-volume trend (z=5.9 vs. population median); unusually high multi-year payment trend (z=3.8 vs. population median); unusually low charge-per-service deviation from specialty peers (z=-2.0 vs. population median)
1003163593,Internal Medicine,CT,I,-0.18568144530609332,0,4.35,Low,0,0,unusually high charge-per-service deviation from specialty peers (z=2.4 vs. population median); unusually high services per beneficiary (z=1.5 vs. population median); unusually high submitted charge per service (z=1.4 vs. population median)
1003122169,Physician Assistant,MI,I,-0.18567488388736003,0,4.35,Low,0,0,unusually high services-per-beneficiary deviation from specialty peers (z=5.2 vs. population median); unusually low year-over-year beneficiary count change (z=-3.1 vs. population median); unusually low year-over-year payment change (z=-3.1 vs. population median)
1003012915,Psychiatry,GA,I,-0.18576044424209448,0,4.33,Low,0,0,unusually high services per beneficiary (z=6.3 vs. population median); unusually high 5-year average services per beneficiary (z=4.4 vs. population median); unusually high services per billing code (z=3.8 vs. population median)
1003042375,Emergency Medicine,UT,I,-0.1857699216592773,0,4.33,Low,0,0,unusually high submitted charge per service (z=3.5 vs. population median); unusually low 5-year average payment-to-charge ratio (z=-1.8 vs. population median); unusually low payment-per-service deviation from specialty peers (z=-1.8 vs. population median)
1003134636,Internal Medicine,MN,I,-0.18581405978378795,0,4.32,Low,0,0,unusually high charge-per-service deviation from specialty peers (z=2.4 vs. population median); unusually high services per beneficiary (z=2.1 vs. population median); unusually high services-per-beneficiary deviation from specialty peers (z=2.0 vs. population median)
1003076993,General Surgery,FL,I,-0.18589586460416363,0,4.3,Low,0,0,unusually low year-over-year payment change (z=-3.6 vs. population median); unusually low year-over-year beneficiary count change (z=-3.4 vs. population median); unusually low year-over-year service volume change (z=-3.1 vs. population median)
1003022237,Emergency Medicine,IA,I,-0.18594646197638887,0,4.29,Low,0,0,unusually high submitted charge per service (z=3.7 vs. population median); unusually low year-over-year payment change (z=-2.4 vs. population median); unusually low year-over-year beneficiary count change (z=-2.3 vs. population median)
1003053364,Physician Assistant,NY,I,-0.1859670905689097,0,4.28,Low,0,0,unusually low standardized-amount-to-payment ratio (z=-4.6 vs. population median); unusually low year-over-year beneficiary count change (z=-3.6 vs. population median); unusually low year-over-year payment change (z=-3.4 vs. population median)
1003015785,Ophthalmology,NY,I,-0.18595399889312386,0,4.28,Low,0,0,unusually high total beneficiaries served (z=4.1 vs. population median); unusually low standardized-amount-to-payment ratio (z=-3.4 vs. population median); unusually high 5-year average total services (z=2.9 vs. population median)
1003085572,General Practice,CA,I,-0.18598101900992892,0,4.28,Low,0,0,unusually high service-concentration deviation from specialty peers (z=2.0 vs. population median); unusually low year-over-year service volume change (z=-2.0 vs. population median); unusually low standardized-amount-to-payment ratio (z=-2.0 vs. population median)
1003071069,Nurse Practitioner,WI,I,-0.1860075020275681,0,4.27,Low,0,0,unusually high year-over-year payment-per-service change (z=6.2 vs. population median); unusually low year-over-year beneficiary count change (z=-4.2 vs. population median); unusually low year-over-year service volume change (z=-3.4 vs. population median)
1003041443,Neurology,TX,I,-0.1860809788650481,0,4.25,Low,0,0,unusually high total submitted charges (z=4.6 vs. population median); unusually high total Medicare payment received (z=3.3 vs. population median); unusually high 5-year average total payment (z=3.2 vs. population median)
1003121393,Nurse Practitioner,KY,I,-0.18619549382199152,0,4.23,Low,0,0,unusually high year-over-year beneficiary count change (z=4.3 vs. population median); unusually high multi-year payment trend (z=4.2 vs. population median); unusually high year-over-year service volume change (z=3.8 vs. population median)
1003142852,Physician Assistant,KY,I,-0.18620753134311752,0,4.22,Low,0,0,unusually high payment-to-charge-ratio deviation from specialty peers (z=2.1 vs. population median); unusually high standardized-amount-to-payment ratio (z=1.8 vs. population median); unusually low service-concentration deviation from specialty peers (z=-1.1 vs. population median)
1003072174,Physician Assistant,TX,I,-0.18621231331902005,0,4.22,Low,0,0,unusually low year-over-year payment change (z=-4.8 vs. population median); unusually low year-over-year beneficiary count change (z=-4.7 vs. population median); unusually low year-over-year service volume change (z=-4.1 vs. population median)
1003160508,Nurse Practitioner,NY,I,-0.186216161744515,0,4.22,Low,0,0,unusually high payment-to-charge-ratio deviation from specialty peers (z=1.8 vs. population median); unusually high payment-to-charge ratio (z=1.4 vs. population median); unusually high allowed-to-charge ratio (z=1.3 vs. population median)
1003043662,Physician Assistant,TX,I,-0.18624691486731,0,4.21,Low,0,0,unusually low 5-year average total payment (z=-1.1 vs. population median); unusually high payment-to-charge-ratio deviation from specialty peers (z=1.1 vs. population median); unusually low 5-year average total services (z=-1.1 vs. population median)
1003104571,Optometry,TN,I,-0.18635058687143152,0,4.19,Low,0,0,unusually high allowed-to-charge ratio (z=3.1 vs. population median); unusually high standardized-amount-to-payment ratio (z=2.3 vs. population median); unusually high payment-to-charge ratio (z=2.2 vs. population median)
1003082934,Neurology,IL,I,-0.18638714303138199,0,4.18,Low,0,0,unusually high year-over-year beneficiary count change (z=1.6 vs. population median); unusually high multi-year payment trend (z=1.4 vs. population median); unusually low standardized-amount-to-payment ratio (z=-1.3 vs. population median)
1003024944,Physician Assistant,TX,I,-0.1864413834871328,0,4.17,Low,0,0,unusually high service concentration (HHI) across billing codes (z=1.3 vs. population median); unusually high payment-to-charge-ratio deviation from specialty peers (z=1.3 vs. population median); unusually high allowed-to-charge ratio (z=1.2 vs. population median)
1003081597,Otolaryngology,NH,I,-0.18643052428197115,0,4.17,Low,0,0,unusually low year-over-year payment-per-service change (z=-3.5 vs. population median); unusually low year-over-year payment change (z=-2.0 vs. population median); unusually high multi-year payment trend (z=1.6 vs. population median)
1003139007,Physician Assistant,NY,I,-0.18640809565774963,0,4.17,Low,0,0,unusually high standardized-amount-to-payment ratio (z=2.2 vs. population median); unusually low services per billing code (z=-1.3 vs. population median); unusually low 5-year average total payment (z=-1.2 vs. population median)
1003107582,"Psychologist, Clinical",WA,I,-0.18647130447583066,0,4.16,Low,0,0,unusually high charge-per-service deviation from specialty peers (z=4.1 vs. population median); unusually low payment-to-charge-ratio deviation from specialty peers (z=-2.3 vs. population median); unusually high 5-year average services per beneficiary (z=2.0 vs. population median)
1003040031,Emergency Medicine,TX,I,-0.1865654671469789,0,4.14,Low,0,0,unusually high submitted charge per service (z=2.9 vs. population median); unusually high 5-year average payment per service (z=2.5 vs. population median); unusually high payment per service (z=2.1 vs. population median)
1003044231,Family Practice,NC,I,-0.18661268545388937,0,4.13,Low,0,0,unusually high payment-to-charge ratio (z=2.3 vs. population median); unusually high payment-to-charge-ratio deviation from specialty peers (z=2.2 vs. population median); unusually high 5-year average payment-to-charge ratio (z=2.2 vs. population median)
1003045097,Critical Care (Intensivists),FL,I,-0.1865799470438404,0,4.13,Low,0,0,unusually high year-over-year beneficiary count change (z=4.6 vs. population median); unusually high year-over-year service volume change (z=4.4 vs. population median); unusually low year-over-year payment-per-service change (z=-3.0 vs. population median)
1003019647,Nephrology,IN,I,-0.18657556150896704,0,4.13,Low,0,0,unusually high service-concentration deviation from specialty peers (z=3.4 vs. population median); unusually low year-over-year payment change (z=-3.4 vs. population median); unusually low year-over-year beneficiary count change (z=-3.3 vs. population median)
1003077934,Pulmonary Disease,KY,I,-0.18667160966343027,0,4.11,Low,0,0,unusually low multi-year service-volume trend (z=-2.6 vs. population median); unusually high 5-year average total services (z=2.6 vs. population median); unusually low multi-year payment trend (z=-2.6 vs. population median)
1003128828,Internal Medicine,FL,I,-0.18665693143210849,0,4.11,Low,0,0,unusually high 5-year average total payment (z=3.3 vs. population median); unusually high total Medicare payment received (z=2.9 vs. population median); unusually high 5-year average payment-to-charge ratio (z=1.9 vs. population median)
1003148495,Nurse Practitioner,MD,I,-0.18671550174800727,0,4.1,Low,0,0,unusually low payment-to-charge-ratio deviation from specialty peers (z=-1.3 vs. population median); unusually low 5-year average payment-to-charge ratio (z=-1.3 vs. population median); unusually low services-per-beneficiary deviation from specialty peers (z=-1.3 vs. population median)
1003095886,Physician Assistant,SC,I,-0.18673339941327827,0,4.1,Low,0,0,unusually low year-over-year payment change (z=-4.0 vs. population median); unusually low year-over-year service volume change (z=-3.5 vs. population median); unusually low year-over-year beneficiary count change (z=-3.2 vs. population median)
1003095373,Physician Assistant,UT,I,-0.18680808407758492,0,4.08,Low,0,0,unusually high services-per-beneficiary deviation from specialty peers (z=2.2 vs. population median); unusually low payment-per-service deviation from specialty peers (z=-1.9 vs. population median); unusually high multi-year service-volume trend (z=1.8 vs. population median)
1003159021,Physical Medicine and Rehabilitation,VA,I,-0.18685237480414163,0,4.07,Low,0,0,unusually high charge-per-service deviation from specialty peers (z=2.8 vs. population median); unusually high services per beneficiary (z=1.8 vs. population median); unusually high 5-year average services per beneficiary (z=1.5 vs. population median)
1003080623,Emergency Medicine,PA,I,-0.1868422368106064,0,4.07,Low,0,0,unusually high payment-to-charge-ratio deviation from specialty peers (z=3.1 vs. population median); unusually low multi-year service-volume trend (z=-1.9 vs. population median); unusually low year-over-year payment change (z=-1.9 vs. population median)
1003138256,Physician Assistant,OR,I,-0.18689509860309722,0,4.06,Low,0,0,unusually high payment-per-service deviation from specialty peers (z=1.4 vs. population median); unusually high submitted charge per service (z=1.2 vs. population median); unusually high charge-per-service deviation from specialty peers (z=1.1 vs. population median)
1003050915,Family Practice,PA,I,-0.1868641525095312,0,4.06,Low,0,0,unusually high multi-year payment trend (z=4.4 vs. population median); unusually high multi-year service-volume trend (z=3.5 vs. population median); unusually high services per billing code (z=2.1 vs. population median)
1003096918,Nurse Practitioner,IL,I,-0.18686380505418387,0,4.06,Low,0,0,unusually high year-over-year payment change (z=1.9 vs. population median); unusually low standardized-amount-to-payment ratio (z=-1.9 vs. population median); unusually high payment-per-service deviation from specialty peers (z=1.8 vs. population median)
1003031683,Hospice and Palliative Care,CT,I,-0.18699579909100567,0,4.03,Low,0,0,unusually low services-per-beneficiary deviation from specialty peers (z=-3.5 vs. population median); unusually low standardized-amount-to-payment ratio (z=-2.3 vs. population median); unusually high 5-year average payment per service (z=1.6 vs. population median)
1003128810,Internal Medicine,DC,I,-0.1871010715910213,0,4.01,Low,0,0,unusually low standardized-amount-to-payment ratio (z=-3.6 vs. population median); unusually high services per beneficiary (z=2.3 vs. population median); unusually high payment-per-service deviation from specialty peers (z=2.3 vs. population median)
1003143314,Hospitalist,NY,I,-0.18711885048439986,0,4.0,Low,0,0,unusually low standardized-amount-to-payment ratio (z=-3.1 vs. population median); unusually high submitted charge per service (z=1.6 vs. population median); unusually high 5-year average payment per service (z=1.2 vs. population median)
1003066804,Physician Assistant,MA,I,-0.18720313192835847,0,3.98,Low,0,0,unusually high payment-per-service deviation from specialty peers (z=1.8 vs. population median); unusually low standardized-amount-to-payment ratio (z=-1.4 vs. population median); unusually high submitted charge per service (z=1.1 vs. population median)
1003095167,Nurse Practitioner,IL,I,-0.1872695219539044,0,3.97,Low,0,0,unusually high service concentration (HHI) across billing codes (z=2.6 vs. population median); unusually high service-concentration deviation from specialty peers (z=1.9 vs. population median); unusually low multi-year service-volume trend (z=-1.7 vs. population median)
1003049115,Otolaryngology,IA,I,-0.1872423146734845,0,3.97,Low,0,0,unusually low year-over-year beneficiary count change (z=-3.1 vs. population median); unusually high year-over-year payment-per-service change (z=3.0 vs. population median); unusually high charge-per-service deviation from specialty peers (z=2.8 vs. population median)
1003098070,Endocrinology,AZ,I,-0.18729034160279345,0,3.96,Low,0,0,unusually low year-over-year payment change (z=-3.6 vs. population median); unusually low year-over-year service volume change (z=-3.4 vs. population median); unusually low year-over-year beneficiary count change (z=-2.8 vs. population median)
1003134370,Internal Medicine,FL,I,-0.18728241504930715,0,3.96,Low,0,0,unusually high services per billing code (z=2.6 vs. population median); unusually high 5-year average total payment (z=2.6 vs. population median); unusually high total Medicare payment received (z=2.5 vs. population median)
1003138314,Nurse Practitioner,OH,I,-0.18728626627431433,0,3.96,Low,0,0,unusually low services per billing code (z=-1.4 vs. population median); unusually low 5-year average total payment (z=-1.2 vs. population median); unusually low 5-year average total services (z=-1.2 vs. population median)
1003104985,Internal Medicine,CT,I,-0.18727941135550796,0,3.96,Low,0,0,unusually low standardized-amount-to-payment ratio (z=-1.2 vs. population median); unusually low 5-year average total services (z=-1.0 vs. population median); unusually low total submitted charges (z=-0.9 vs. population median)
1003015736,Internal Medicine,MI,I,-0.1873320213530315,0,3.95,Low,0,0,unusually low year-over-year payment change (z=-3.3 vs. population median); unusually low year-over-year service volume change (z=-2.6 vs. population median); unusually low year-over-year beneficiary count change (z=-2.6 vs. population median)
1003110172,Physician Assistant,CO,I,-0.1873410551949357,0,3.95,Low,0,0,unusually high year-over-year payment change (z=3.0 vs. population median); unusually high year-over-year payment-per-service change (z=2.1 vs. population median); unusually high year-over-year service volume change (z=1.8 vs. population median)
1003016361,Optometry,KS,I,-0.18734647837171764,0,3.95,Low,0,0,unusually high total beneficiaries served (z=3.0 vs. population median); unusually high number of distinct billing codes (HCPCS) used (z=2.0 vs. population median); unusually high allowed-to-charge ratio (z=1.9 vs. population median)
1003115783,General Surgery,MN,I,-0.18735938250217243,0,3.95,Low,0,0,unusually low year-over-year payment change (z=-2.9 vs. population median); unusually low year-over-year service volume change (z=-2.7 vs. population median); unusually low year-over-year beneficiary count change (z=-2.4 vs. population median)
1003059270,Family Practice,FL,I,-0.18739330381491404,0,3.94,Low,0,0,unusually high year-over-year payment-per-service change (z=3.4 vs. population median); unusually low year-over-year beneficiary count change (z=-3.4 vs. population median); unusually low year-over-year service volume change (z=-3.0 vs. population median)
1003038688,Obstetrics & Gynecology,IL,I,-0.1873964774958074,0,3.94,Low,0,0,unusually high charge-per-service deviation from specialty peers (z=2.2 vs. population median); unusually high payment-per-service deviation from specialty peers (z=2.1 vs. population median); unusually high multi-year service-volume trend (z=2.1 vs. population median)
1003019498,Neurology,DE,I,-0.1873615619382219,0,3.94,Low,0,0,unusually high total Medicare payment received (z=1.7 vs. population median); unusually high 5-year average total payment (z=1.7 vs. population median); unusually high payment per service (z=1.6 vs. population median)
1003158189,Nephrology,AL,I,-0.18744347160526714,0,3.93,Low,0,0,unusually high standardized-amount-to-payment ratio (z=1.7 vs. population median); unusually low payment-per-service deviation from specialty peers (z=-1.2 vs. population median); unusually low services-per-beneficiary deviation from specialty peers (z=-1.1 vs. population median)
1003109828,Family Practice,NJ,I,-0.18745339712361575,0,3.92,Low,0,0,unusually high year-over-year payment change (z=4.3 vs. population median); unusually high year-over-year service volume change (z=3.7 vs. population median); unusually high year-over-year beneficiary count change (z=3.3 vs. population median)
1003136474,Nurse Practitioner,FL,I,-0.18748822309490604,0,3.91,Low,0,0,unusually high payment-per-service deviation from specialty peers (z=1.0 vs. population median); unusually low total submitted charges (z=-1.0 vs. population median); unusually low 5-year average total payment (z=-1.0 vs. population median)
1003126541,Emergency Medicine,CO,I,-0.18750930930693965,0,3.91,Low,0,0,unusually high submitted charge per service (z=4.5 vs. population median); unusually high total submitted charges (z=2.6 vs. population median); unusually low 5-year average payment-to-charge ratio (z=-1.6 vs. population median)
1003158809,Obstetrics & Gynecology,NC,I,-0.18764643031219247,0,3.88,Low,0,0,unusually high standardized-amount-to-payment ratio (z=1.6 vs. population median); unusually low payment-to-charge-ratio deviation from specialty peers (z=-1.0 vs. population median); unusually low 5-year average payment per service (z=-1.0 vs. population median)
1003094699,Emergency Medicine,CA,I,-0.18763807539690158,0,3.88,Low,0,0,unusually high services-per-beneficiary deviation from specialty peers (z=4.0 vs. population median); unusually high submitted charge per service (z=3.9 vs. population median); unusually low service-concentration deviation from specialty peers (z=-2.0 vs. population median)
1003062647,Internal Medicine,MA,I,-0.18772034641184449,0,3.86,Low,0,0,unusually low year-over-year payment-per-service change (z=-5.0 vs. population median); unusually high year-over-year service volume change (z=3.5 vs. population median); unusually high year-over-year beneficiary count change (z=3.4 vs. population median)
1003072547,Hospitalist,IL,I,-0.18775481627862506,0,3.85,Low,0,0,unusually high services per billing code (z=3.6 vs. population median); unusually high total Medicare payment received (z=3.2 vs. population median); unusually high 5-year average total payment (z=3.0 vs. population median)
1003159062,Hospitalist,CA,I,-0.18777195715820777,0,3.85,Low,0,0,unusually high services per beneficiary (z=1.4 vs. population median); unusually high 5-year average services per beneficiary (z=1.1 vs. population median); unusually low standardized-amount-to-payment ratio (z=-1.0 vs. population median)
1003123985,Nurse Practitioner,CT,I,-0.18785593581389942,0,3.83,Low,0,0,unusually high multi-year payment trend (z=13.0 vs. population median); unusually low standardized-amount-to-payment ratio (z=-2.5 vs. population median); unusually high payment-per-service deviation from specialty peers (z=2.3 vs. population median)
1003077181,Emergency Medicine,NY,I,-0.18782945096976722,0,3.83,Low,0,0,unusually high submitted charge per service (z=4.8 vs. population median); unusually low standardized-amount-to-payment ratio (z=-2.6 vs. population median); unusually high 5-year average payment per service (z=2.2 vs. population median)
1003013061,Nurse Practitioner,NY,I,-0.18783538982155779,0,3.83,Low,0,0,unusually low standardized-amount-to-payment ratio (z=-2.8 vs. population median); unusually high year-over-year payment-per-service change (z=2.7 vs. population median); unusually high charge-per-service deviation from specialty peers (z=2.7 vs. population median)
1003080748,Audiologist,PA,I,-0.187853541820036,0,3.83,Low,0,0,unusually low year-over-year payment change (z=-3.6 vs. population median); unusually low year-over-year beneficiary count change (z=-3.5 vs. population median); unusually low year-over-year service volume change (z=-3.5 vs. population median)
1003013814,Pathology,MN,I,-0.1878688333474135,0,3.82,Low,0,0,unusually high total beneficiaries served (z=1.6 vs. population median); unusually high year-over-year beneficiary count change (z=1.6 vs. population median); unusually low 5-year average payment per service (z=-1.5 vs. population median)
1003075664,Endocrinology,TX,I,-0.18794255504560903,0,3.81,Low,0,0,unusually high services per billing code (z=4.0 vs. population median); unusually high 5-year average service concentration (HHI) (z=2.4 vs. population median); unusually high service-concentration deviation from specialty peers (z=1.8 vs. population median)
1003093949,Pulmonary Disease,VA,I,-0.1879168573409823,0,3.81,Low,0,0,unusually low year-over-year payment-per-service change (z=-2.9 vs. population median); unusually high year-over-year service volume change (z=1.3 vs. population median); unusually low payment-to-charge-ratio deviation from specialty peers (z=-1.3 vs. population median)
1003002049,Endocrinology,CA,I,-0.1879728989997863,0,3.8,Low,0,0,unusually low year-over-year payment-per-service change (z=-5.4 vs. population median); unusually low standardized-amount-to-payment ratio (z=-4.1 vs. population median); unusually high year-over-year beneficiary count change (z=4.0 vs. population median)
1003058942,Anesthesiology,WI,I,-0.18812674336432955,0,3.76,Low,0,0,unusually high services-per-beneficiary deviation from specialty peers (z=8.7 vs. population median); unusually high submitted charge per service (z=3.9 vs. population median); unusually low 5-year average payment-to-charge ratio (z=-1.6 vs. population median)
1003045709,Hospitalist,OR,I,-0.18814425824546427,0,3.76,Low,0,0,unusually high submitted charge per service (z=3.2 vs. population median); unusually high total submitted charges (z=3.1 vs. population median); unusually high charge-per-service deviation from specialty peers (z=2.9 vs. population median)
1003064288,Endocrinology,MN,I,-0.18819143194965948,0,3.75,Low,0,0,unusually high service-concentration deviation from specialty peers (z=2.5 vs. population median); unusually low services-per-beneficiary deviation from specialty peers (z=-1.8 vs. population median); unusually high 5-year average payment-to-charge ratio (z=1.6 vs. population median)
1003135591,Nurse Practitioner,MO,I,-0.18822788517853584,0,3.74,Low,0,0,unusually high standardized-amount-to-payment ratio (z=1.3 vs. population median); unusually low 5-year average total payment (z=-1.1 vs. population median); unusually low 5-year average payment per service (z=-1.1 vs. population median)
1003153719,Nurse Practitioner,CO,I,-0.18824525563120814,0,3.73,Low,0,0,unusually high services-per-beneficiary deviation from specialty peers (z=1.8 vs. population median); unusually high services per beneficiary (z=1.3 vs. population median); unusually low standardized-amount-to-payment ratio (z=-1.1 vs. population median)
1003127002,Urology,TX,I,-0.18824591827579612,0,3.73,Low,0,0,unusually high 5-year average total services (z=2.4 vs. population median); unusually high total beneficiaries served (z=2.3 vs. population median); unusually high 5-year average total payment (z=1.8 vs. population median)
1003012451,Hospitalist,VA,I,-0.1883933185171982,0,3.7,Low,0,0,unusually low year-over-year payment change (z=-3.7 vs. population median); unusually low year-over-year service volume change (z=-3.6 vs. population median); unusually low year-over-year beneficiary count change (z=-3.5 vs. population median)
1003090085,Gastroenterology,CA,I,-0.18838522315548945,0,3.7,Low,0,0,unusually high services-per-beneficiary deviation from specialty peers (z=3.2 vs. population median); unusually high submitted charge per service (z=3.0 vs. population median); unusually high 5-year average payment per service (z=2.0 vs. population median)
1003048810,Nurse Practitioner,TN,I,-0.1884376585454801,0,3.69,Low,0,0,unusually high standardized-amount-to-payment ratio (z=2.6 vs. population median); unusually high 5-year average service concentration (HHI) (z=2.0 vs. population median); unusually low year-over-year beneficiary count change (z=-2.0 vs. population median)
1003072919,Emergency Medicine,SC,I,-0.1884929872891632,0,3.67,Low,0,0,unusually high year-over-year payment-per-service change (z=3.7 vs. population median); unusually low year-over-year beneficiary count change (z=-2.9 vs. population median); unusually low year-over-year service volume change (z=-2.7 vs. population median)
1003003153,Dermatology,WA,I,-0.1885020316237978,0,3.67,Low,0,0,unusually high 5-year average total services (z=2.5 vs. population median); unusually high total services billed (z=2.4 vs. population median); unusually high total beneficiaries served (z=2.2 vs. population median)
1003010786,Nurse Practitioner,NY,I,-0.18875275482157927,0,3.61,Low,0,0,unusually high payment-per-service deviation from specialty peers (z=1.0 vs. population median); unusually high standardized-amount-to-payment ratio (z=0.9 vs. population median); unusually low year-over-year payment-per-service change (z=-0.9 vs. population median)
1003019209,Critical Care (Intensivists),IL,I,-0.18885154991433278,0,3.59,Low,0,0,unusually high total Medicare payment received (z=1.4 vs. population median); unusually high 5-year average total payment (z=1.4 vs. population median); unusually high total submitted charges (z=1.4 vs. population median)
1003067240,Vascular Surgery,MO,I,-0.1888462206355993,0,3.59,Low,0,0,unusually low charge-per-service deviation from specialty peers (z=-2.1 vs. population median); unusually low 5-year average service concentration (HHI) (z=-1.5 vs. population median); unusually low payment-per-service deviation from specialty peers (z=-1.4 vs. population median)
1003128364,Emergency Medicine,CA,I,-0.18888313325221812,0,3.58,Low,0,0,unusually high year-over-year payment-per-service change (z=3.2 vs. population median); unusually low standardized-amount-to-payment ratio (z=-2.3 vs. population median); unusually low year-over-year beneficiary count change (z=-2.1 vs. population median)
1003076530,Optometry,IN,I,-0.18887681020129826,0,3.58,Low,0,0,unusually high allowed-to-charge ratio (z=2.9 vs. population median); unusually high 5-year average payment-to-charge ratio (z=2.2 vs. population median); unusually high payment-to-charge ratio (z=2.0 vs. population median)
1003075243,Internal Medicine,MD,I,-0.18895023423236212,0,3.56,Low,0,0,unusually high payment-to-charge ratio (z=1.8 vs. population median); unusually high service-concentration deviation from specialty peers (z=1.8 vs. population median); unusually high service concentration (HHI) across billing codes (z=1.8 vs. population median)
1003158973,Physician Assistant,PA,I,-0.18906339808691774,0,3.54,Low,0,0,unusually high services-per-beneficiary deviation from specialty peers (z=1.2 vs. population median); unusually high service concentration (HHI) across billing codes (z=1.1 vs. population median); unusually high 5-year average service concentration (HHI) (z=1.1 vs. population median)
1003074691,Neurology,OH,I,-0.18909274350614713,0,3.53,Low,0,0,unusually low year-over-year payment-per-service change (z=-2.8 vs. population median); unusually high year-over-year beneficiary count change (z=1.9 vs. population median); unusually high total beneficiaries served (z=1.1 vs. population median)
1003086588,Urology,ID,I,-0.18911522857496943,0,3.52,Low,0,0,unusually high year-over-year payment-per-service change (z=2.1 vs. population median); unusually low 5-year average service concentration (HHI) (z=-1.6 vs. population median); unusually high standardized-amount-to-payment ratio (z=1.6 vs. population median)
1003013483,Internal Medicine,PA,I,-0.1892598674306712,0,3.49,Low,0,0,unusually high payment-per-service deviation from specialty peers (z=2.4 vs. population median); unusually high payment per service (z=1.8 vs. population median); unusually high 5-year average payment per service (z=1.8 vs. population median)
1003090275,Internal Medicine,NJ,I,-0.18931025170618665,0,3.48,Low,0,0,unusually low year-over-year payment change (z=-3.2 vs. population median); unusually low year-over-year beneficiary count change (z=-2.7 vs. population median); unusually low year-over-year service volume change (z=-2.5 vs. population median)
1003010539,Emergency Medicine,KY,I,-0.18929407420628647,0,3.48,Low,0,0,unusually high submitted charge per service (z=2.6 vs. population median); unusually high multi-year service-volume trend (z=2.6 vs. population median); unusually high total submitted charges (z=2.2 vs. population median)
1003114414,Physician Assistant,OR,I,-0.18933498699566398,0,3.47,Low,0,0,unusually low year-over-year payment-per-service change (z=-3.5 vs. population median); unusually high year-over-year service volume change (z=3.5 vs. population median); unusually low standardized-amount-to-payment ratio (z=-2.7 vs. population median)
1003100074,Nurse Practitioner,AZ,I,-0.18932400761257429,0,3.47,Low,0,0,unusually low 5-year average payment per service (z=-1.1 vs. population median); unusually low payment per service (z=-1.1 vs. population median); unusually low payment-per-service deviation from specialty peers (z=-1.1 vs. population median)
1003140013,Nurse Practitioner,CA,I,-0.1893763415804598,0,3.46,Low,0,0,unusually low standardized-amount-to-payment ratio (z=-2.1 vs. population median); unusually low 5-year average payment-to-charge ratio (z=-1.0 vs. population median); unusually low payment-to-charge-ratio deviation from specialty peers (z=-1.0 vs. population median)
1003044140,Family Practice,VA,I,-0.18938135026385472,0,3.46,Low,0,0,unusually low year-over-year payment-per-service change (z=-3.5 vs. population median); unusually low year-over-year payment change (z=-2.9 vs. population median); unusually low year-over-year service volume change (z=-1.8 vs. population median)
1003055971,Otolaryngology,MI,I,-0.18949949756288442,0,3.43,Low,0,0,unusually low year-over-year payment-per-service change (z=-1.4 vs. population median); unusually high service-concentration deviation from specialty peers (z=1.4 vs. population median); unusually high allowed-to-charge ratio (z=0.9 vs. population median)
1003063314,Family Practice,TN,I,-0.1895922982339025,0,3.41,Low,0,0,unusually low year-over-year payment change (z=-2.8 vs. population median); unusually high standardized-amount-to-payment ratio (z=2.7 vs. population median); unusually low year-over-year beneficiary count change (z=-2.6 vs. population median)
1003023235,Physician Assistant,MI,I,-0.18965891635646936,0,3.39,Low,0,0,unusually high total beneficiaries served (z=2.5 vs. population median); unusually high services per billing code (z=1.6 vs. population median); unusually high total services billed (z=1.1 vs. population median)
1003122151,Emergency Medicine,IL,I,-0.1898048708133928,0,3.36,Low,0,0,unusually high submitted charge per service (z=4.9 vs. population median); unusually low 5-year average payment-to-charge ratio (z=-1.8 vs. population median); unusually low payment-to-charge ratio (z=-1.6 vs. population median)
1003070301,Infectious Disease,OH,I,-0.18977354417079717,0,3.36,Low,0,0,unusually low year-over-year beneficiary count change (z=-3.6 vs. population median); unusually low year-over-year payment change (z=-3.4 vs. population median); unusually low year-over-year service volume change (z=-3.1 vs. population median)
1003065582,Internal Medicine,VA,I,-0.1898325458280029,0,3.35,Low,0,0,unusually high 5-year average total payment (z=2.4 vs. population median); unusually low standardized-amount-to-payment ratio (z=-2.3 vs. population median); unusually high total Medicare payment received (z=2.3 vs. population median)
1003116997,Nurse Practitioner,CO,I,-0.18982941904832124,0,3.35,Low,0,0,unusually high multi-year payment trend (z=5.6 vs. population median); unusually high multi-year service-volume trend (z=4.4 vs. population median); unusually high charge-per-service deviation from specialty peers (z=2.9 vs. population median)
1003021916,Physician Assistant,IL,I,-0.18987168058382098,0,3.34,Low,0,0,unusually low year-over-year beneficiary count change (z=-2.9 vs. population median); unusually high service concentration (HHI) across billing codes (z=2.4 vs. population median); unusually low year-over-year service volume change (z=-2.3 vs. population median)
1003043993,Psychiatry,CA,I,-0.1899258000038621,0,3.33,Low,0,0,unusually high services per beneficiary (z=7.2 vs. population median); unusually high 5-year average services per beneficiary (z=5.9 vs. population median); unusually low standardized-amount-to-payment ratio (z=-2.8 vs. population median)
1003163148,Hospitalist,IL,I,-0.18997783607914154,0,3.32,Low,0,0,unusually high total Medicare payment received (z=1.4 vs. population median); unusually high 5-year average total payment (z=1.3 vs. population median); unusually high services per billing code (z=1.1 vs. population median)
1003034091,Obstetrics & Gynecology,TX,I,-0.19000104386255418,0,3.31,Low,0,0,unusually high 5-year average payment-to-charge ratio (z=2.5 vs. population median); unusually low year-over-year payment-per-service change (z=-1.6 vs. population median); unusually low year-over-year payment change (z=-1.4 vs. population median)
1003009630,Emergency Medicine,NY,I,-0.19002469038877084,0,3.3,Low,0,0,unusually high submitted charge per service (z=2.1 vs. population median); unusually low year-over-year beneficiary count change (z=-1.8 vs. population median); unusually low multi-year payment trend (z=-1.8 vs. population median)
1003151853,Nurse Practitioner,UT,I,-0.19018808730792836,0,3.27,Low,0,0,unusually high standardized-amount-to-payment ratio (z=1.1 vs. population median); unusually low 5-year average total payment (z=-0.8 vs. population median); unusually high service concentration (HHI) across billing codes (z=0.8 vs. population median)
1003071846,Internal Medicine,OR,I,-0.19016869609570214,0,3.27,Low,0,0,unusually high multi-year payment trend (z=2.9 vs. population median); unusually low year-over-year beneficiary count change (z=-2.3 vs. population median); unusually low payment-per-service deviation from specialty peers (z=-1.5 vs. population median)
1003149634,Internal Medicine,WV,I,-0.19030921869106598,0,3.24,Low,0,0,unusually high services per billing code (z=1.0 vs. population median); unusually high services per beneficiary (z=1.0 vs. population median); unusually high total Medicare payment received (z=0.9 vs. population median)
1003159005,Psychiatry,MO,I,-0.19034655939888023,0,3.23,Low,0,0,unusually low service-concentration deviation from specialty peers (z=-1.1 vs. population median); unusually high payment-to-charge ratio (z=1.1 vs. population median); unusually low services-per-beneficiary deviation from specialty peers (z=-1.1 vs. population median)
1003110784,Nurse Practitioner,NY,I,-0.19042068371286847,0,3.21,Low,0,0,unusually low standardized-amount-to-payment ratio (z=-3.4 vs. population median); unusually high charge-per-service deviation from specialty peers (z=2.5 vs. population median); unusually high submitted charge per service (z=1.5 vs. population median)
1003120064,Nurse Practitioner,PA,I,-0.19042226441676824,0,3.21,Low,0,0,unusually high multi-year service-volume trend (z=4.0 vs. population median); unusually high year-over-year service volume change (z=3.6 vs. population median); unusually high multi-year payment trend (z=3.1 vs. population median)
1003156407,Nurse Practitioner,VA,I,-0.1903984300980477,0,3.21,Low,0,0,unusually high payment-per-service deviation from specialty peers (z=1.3 vs. population median); unusually high service concentration (HHI) across billing codes (z=0.8 vs. population median); unusually high 5-year average service concentration (HHI) (z=0.8 vs. population median)
1003033317,Emergency Medicine,WV,I,-0.19040364836643298,0,3.21,Low,0,0,unusually high payment-to-charge-ratio deviation from specialty peers (z=3.5 vs. population median); unusually low charge-per-service deviation from specialty peers (z=-1.5 vs. population median); unusually low multi-year service-volume trend (z=-1.5 vs. population median)
1003100900,Internal Medicine,MN,I,-0.19043999689384722,0,3.2,Low,0,0,unusually high charge-per-service deviation from specialty peers (z=3.9 vs. population median); unusually high submitted charge per service (z=2.3 vs. population median); unusually high services per beneficiary (z=1.7 vs. population median)
1003114802,Nurse Practitioner,MO,I,-0.19050163231087147,0,3.19,Low,0,0,unusually low year-over-year payment-per-service change (z=-4.0 vs. population median); unusually high year-over-year beneficiary count change (z=3.4 vs. population median); unusually high multi-year payment trend (z=3.0 vs. population median)
1003105362,Nurse Practitioner,PA,I,-0.19058261260232628,0,3.17,Low,0,0,unusually high year-over-year payment change (z=3.8 vs. population median); unusually high multi-year service-volume trend (z=3.6 vs. population median); unusually high multi-year payment trend (z=3.3 vs. population median)
1003030750,Hospitalist,MI,I,-0.19058952007690133,0,3.17,Low,0,0,unusually low year-over-year beneficiary count change (z=-3.0 vs. population median); unusually low year-over-year payment change (z=-2.9 vs. population median); unusually low year-over-year service volume change (z=-2.6 vs. population median)
1003081449,Physical Medicine and Rehabilitation,OH,I,-0.1906852652219836,0,3.15,Low,0,0,unusually high multi-year payment trend (z=6.0 vs. population median); unusually high multi-year service-volume trend (z=2.3 vs. population median); unusually low services-per-beneficiary deviation from specialty peers (z=-1.8 vs. population median)
1003078049,Endocrinology,IL,I,-0.19069802727421586,0,3.14,Low,0,0,unusually high charge-per-service deviation from specialty peers (z=3.6 vs. population median); unusually low standardized-amount-to-payment ratio (z=-2.9 vs. population median); unusually high submitted charge per service (z=2.1 vs. population median)
1003107525,Nurse Practitioner,MD,I,-0.19072545962086151,0,3.14,Low,0,0,unusually high 5-year average service concentration (HHI) (z=2.9 vs. population median); unusually low year-over-year payment change (z=-2.7 vs. population median); unusually low year-over-year payment-per-service change (z=-2.1 vs. population median)
1003141706,Nurse Practitioner,CT,I,-0.19069829294143664,0,3.14,Low,0,0,unusually low standardized-amount-to-payment ratio (z=-1.3 vs. population median); unusually high services-per-beneficiary deviation from specialty peers (z=1.2 vs. population median); unusually high charge-per-service deviation from specialty peers (z=0.9 vs. population median)
1003074311,Internal Medicine,NY,I,-0.19071124693611613,0,3.14,Low,0,0,unusually low standardized-amount-to-payment ratio (z=-3.4 vs. population median); unusually high charge-per-service deviation from specialty peers (z=2.6 vs. population median); unusually low year-over-year payment change (z=-2.3 vs. population median)
1003041005,Emergency Medicine,PA,I,-0.19087105838968366,0,3.1,Low,0,0,unusually high payment-to-charge-ratio deviation from specialty peers (z=2.5 vs. population median); unusually high 5-year average payment per service (z=2.2 vs. population median); unusually high submitted charge per service (z=1.9 vs. population median)
1003069766,Internal Medicine,MI,I,-0.19088582085830536,0,3.1,Low,0,0,unusually high year-over-year beneficiary count change (z=4.4 vs. population median); unusually high year-over-year service volume change (z=2.5 vs. population median); unusually low multi-year payment trend (z=-2.2 vs. population median)
1003103045,Podiatry,IL,I,-0.19091256193501782,0,3.09,Low,0,0,unusually high number of distinct billing codes (HCPCS) used (z=1.8 vs. population median); unusually low service-concentration deviation from specialty peers (z=-1.7 vs. population median); unusually high multi-year payment trend (z=1.6 vs. population median)
1003019902,Neurology,TN,I,-0.1909135249897284,0,3.09,Low,0,0,unusually high year-over-year payment-per-service change (z=1.3 vs. population median); unusually high submitted charge per service (z=1.3 vs. population median); unusually low payment-to-charge-ratio deviation from specialty peers (z=-1.2 vs. population median)
1003091737,Nurse Practitioner,NH,I,-0.19096687133885654,0,3.08,Low,0,0,unusually high multi-year service-volume trend (z=3.0 vs. population median); unusually high multi-year payment trend (z=2.6 vs. population median); unusually low service-concentration deviation from specialty peers (z=-1.4 vs. population median)
1003134594,Internal Medicine,VA,I,-0.19095998602572972,0,3.08,Low,0,0,unusually high year-over-year beneficiary count change (z=2.7 vs. population median); unusually low year-over-year payment-per-service change (z=-1.9 vs. population median); unusually high year-over-year service volume change (z=1.6 vs. population median)
1003094046,Neurology,CA,I,-0.19101377705084,0,3.07,Low,0,0,unusually low year-over-year payment-per-service change (z=-1.9 vs. population median); unusually low standardized-amount-to-payment ratio (z=-1.8 vs. population median); unusually high multi-year payment trend (z=1.5 vs. population median)
1003128893,Family Practice,TN,I,-0.19111546106217664,0,3.04,Low,0,0,unusually high standardized-amount-to-payment ratio (z=1.9 vs. population median); unusually high 5-year average payment-to-charge ratio (z=0.9 vs. population median); unusually high year-over-year payment change (z=0.9 vs. population median)
1003019423,Internal Medicine,MO,I,-0.19111822289854857,0,3.04,Low,0,0,unusually low year-over-year payment change (z=-3.1 vs. population median); unusually low year-over-year beneficiary count change (z=-2.9 vs. population median); unusually low year-over-year service volume change (z=-2.9 vs. population median)
1003039157,Audiologist,CO,I,-0.191131661595908,0,3.04,Low,0,0,unusually low 5-year average payment per service (z=-2.0 vs. population median); unusually low payment per service (z=-1.9 vs. population median); unusually high services per billing code (z=1.9 vs. population median)
1003066168,Audiologist,MN,I,-0.19125452492098782,0,3.01,Low,0,0,unusually low 5-year average payment per service (z=-1.9 vs. population median); unusually high multi-year payment trend (z=1.9 vs. population median); unusually low payment per service (z=-1.9 vs. population median)
1003100249,Psychiatry,TX,I,-0.1912786344493036,0,3.0,Low,0,0,unusually high year-over-year payment-per-service change (z=3.5 vs. population median); unusually low year-over-year service volume change (z=-3.1 vs. population median); unusually low year-over-year beneficiary count change (z=-2.9 vs. population median)
1003080490,Family Practice,OH,I,-0.19138479395595726,0,2.98,Low,0,0,unusually high year-over-year payment-per-service change (z=4.1 vs. population median); unusually low year-over-year beneficiary count change (z=-2.5 vs. population median); unusually high 5-year average payment-to-charge ratio (z=1.9 vs. population median)
1003081944,Endocrinology,RI,I,-0.191360674551249,0,2.98,Low,0,0,unusually low year-over-year payment-per-service change (z=-1.5 vs. population median); unusually high multi-year payment trend (z=1.3 vs. population median); unusually high year-over-year service volume change (z=1.0 vs. population median)
1003120445,Optometry,CO,I,-0.19146278318568166,0,2.96,Low,0,0,unusually high multi-year service-volume trend (z=2.6 vs. population median); unusually high allowed-to-charge ratio (z=2.3 vs. population median); unusually high multi-year payment trend (z=2.2 vs. population median)
1003012345,Anesthesiology,OH,I,-0.19158808669738592,0,2.93,Low,0,0,unusually high multi-year payment trend (z=3.6 vs. population median); unusually high payment-to-charge-ratio deviation from specialty peers (z=1.6 vs. population median); unusually high submitted charge per service (z=1.4 vs. population median)
1003063264,Family Practice,IL,I,-0.19158008670133037,0,2.93,Low,0,0,unusually high services-per-beneficiary deviation from specialty peers (z=3.2 vs. population median); unusually high services per beneficiary (z=2.4 vs. population median); unusually high year-over-year payment-per-service change (z=1.7 vs. population median)
1003080193,Emergency Medicine,VA,I,-0.19160926344306972,0,2.92,Low,0,0,unusually high submitted charge per service (z=2.1 vs. population median); unusually low service-concentration deviation from specialty peers (z=-2.0 vs. population median); unusually high payment-to-charge-ratio deviation from specialty peers (z=1.8 vs. population median)
1003057779,Emergency Medicine,NY,I,-0.1916897034467917,0,2.9,Low,0,0,unusually high submitted charge per service (z=3.9 vs. population median); unusually high 5-year average payment per service (z=1.7 vs. population median); unusually low year-over-year payment change (z=-1.6 vs. population median)
1003103664,Family Practice,SD,I,-0.19179314278988135,0,2.88,Low,0,0,unusually high multi-year payment trend (z=4.2 vs. population median); unusually high multi-year service-volume trend (z=3.3 vs. population median); unusually high services-per-beneficiary deviation from specialty peers (z=2.7 vs. population median)
1003078213,Podiatry,VA,I,-0.19188102692536302,0,2.86,Low,0,0,unusually high total services billed (z=3.5 vs. population median); unusually high 5-year average total services (z=3.1 vs. population median); unusually high total beneficiaries served (z=2.8 vs. population median)
1003128919,Hospice and Palliative Care,MI,I,-0.19192947432061225,0,2.85,Low,0,0,unusually high year-over-year service volume change (z=4.8 vs. population median); unusually high year-over-year payment change (z=4.5 vs. population median); unusually high year-over-year beneficiary count change (z=3.9 vs. population median)
1003100595,Internal Medicine,MN,I,-0.19198433166366186,0,2.83,Low,0,0,unusually high multi-year service-volume trend (z=3.0 vs. population median); unusually high multi-year payment trend (z=2.3 vs. population median); unusually low payment-per-service deviation from specialty peers (z=-2.1 vs. population median)
1003119405,Podiatry,IA,I,-0.19204449831107484,0,2.82,Low,0,0,unusually low year-over-year beneficiary count change (z=-2.7 vs. population median); unusually low year-over-year payment change (z=-2.4 vs. population median); unusually low multi-year payment trend (z=-2.4 vs. population median)
1003018243,Obstetrics & Gynecology,IA,I,-0.19205441202228613,0,2.82,Low,0,0,unusually high year-over-year beneficiary count change (z=3.2 vs. population median); unusually high multi-year payment trend (z=3.2 vs. population median); unusually high multi-year service-volume trend (z=2.4 vs. population median)
1003046285,General Surgery,NY,I,-0.19214813947583503,0,2.79,Low,0,0,unusually high year-over-year payment-per-service change (z=3.4 vs. population median); unusually high submitted charge per service (z=2.2 vs. population median); unusually low year-over-year service volume change (z=-2.1 vs. population median)
1003123837,Nurse Practitioner,VA,I,-0.19215145463584582,0,2.79,Low,0,0,unusually low payment-per-service deviation from specialty peers (z=-1.5 vs. population median); unusually low charge-per-service deviation from specialty peers (z=-1.4 vs. population median); unusually low payment per service (z=-1.4 vs. population median)
1003091976,Family Practice,TX,I,-0.192207162303702,0,2.78,Low,0,0,unusually high allowed-to-charge ratio (z=2.2 vs. population median); unusually low multi-year service-volume trend (z=-2.1 vs. population median); unusually low year-over-year payment-per-service change (z=-2.1 vs. population median)
1003102138,Internal Medicine,MA,I,-0.19234198331431546,0,2.75,Low,0,0,unusually low year-over-year payment-per-service change (z=-2.8 vs. population median); unusually low year-over-year payment change (z=-2.4 vs. population median); unusually low standardized-amount-to-payment ratio (z=-2.1 vs. population median)
1003037169,Otolaryngology,IL,I,-0.19237998156246422,0,2.74,Low,0,0,unusually high year-over-year payment-per-service change (z=5.1 vs. population median); unusually low multi-year service-volume trend (z=-2.2 vs. population median); unusually low multi-year payment trend (z=-1.9 vs. population median)
1003153032,Physician Assistant,FL,I,-0.19239713061232128,0,2.73,Low,0,0,unusually low services per billing code (z=-0.9 vs. population median); unusually low 5-year average total payment (z=-0.9 vs. population median); unusually low 5-year average total services (z=-0.9 vs. population median)
1003102633,Optometry,NC,I,-0.19265989075386236,0,2.67,Low,0,0,unusually high year-over-year payment-per-service change (z=2.9 vs. population median); unusually high year-over-year payment change (z=2.4 vs. population median); unusually high charge-per-service deviation from specialty peers (z=1.7 vs. population median)
1003025974,Optometry,MT,I,-0.19275333835970704,0,2.65,Low,0,0,unusually high charge-per-service deviation from specialty peers (z=2.4 vs. population median); unusually high year-over-year payment-per-service change (z=2.1 vs. population median); unusually high allowed-to-charge ratio (z=1.8 vs. population median)
1003078965,Family Practice,TX,I,-0.19274721861253263,0,2.65,Low,0,0,unusually high multi-year payment trend (z=1.9 vs. population median); unusually high multi-year service-volume trend (z=1.3 vs. population median); unusually high payment-to-charge ratio (z=1.2 vs. population median)
1003071333,Family Practice,TN,I,-0.19276888217974386,0,2.64,Low,0,0,unusually high charge-per-service deviation from specialty peers (z=3.1 vs. population median); unusually low payment-to-charge-ratio deviation from specialty peers (z=-2.0 vs. population median); unusually high service-concentration deviation from specialty peers (z=1.5 vs. population median)
1003012477,Critical Care (Intensivists),TX,I,-0.19283249973925326,0,2.63,Low,0,0,unusually high 5-year average payment per service (z=2.9 vs. population median); unusually high submitted charge per service (z=2.3 vs. population median); unusually low multi-year payment trend (z=-2.3 vs. population median)
1003006958,Physician Assistant,NE,I,-0.19282161152684735,0,2.63,Low,0,0,unusually low year-over-year payment-per-service change (z=-3.5 vs. population median); unusually low year-over-year payment change (z=-2.2 vs. population median); unusually high standardized-amount-to-payment ratio (z=2.2 vs. population median)
1003077975,Ophthalmology,PA,I,-0.19285475330689755,0,2.62,Low,0,0,unusually high year-over-year payment-per-service change (z=2.6 vs. population median); unusually high total beneficiaries served (z=2.2 vs. population median); unusually low payment-to-charge-ratio deviation from specialty peers (z=-1.5 vs. population median)
1003020496,Psychiatry,IA,I,-0.1929436667237469,0,2.6,Low,0,0,unusually high services per beneficiary (z=3.9 vs. population median); unusually high 5-year average payment-to-charge ratio (z=2.1 vs. population median); unusually high 5-year average services per beneficiary (z=1.8 vs. population median)
1003019811,Neurology,PA,I,-0.19328474105150073,0,2.52,Low,0,0,unusually high year-over-year payment change (z=3.7 vs. population median); unusually high year-over-year service volume change (z=3.6 vs. population median); unusually high year-over-year beneficiary count change (z=3.3 vs. population median)
1003021882,Critical Care (Intensivists),CA,I,-0.19347497361969107,0,2.47,Low,0,0,unusually high 5-year average payment per service (z=2.5 vs. population median); unusually low standardized-amount-to-payment ratio (z=-2.1 vs. population median); unusually high payment per service (z=2.0 vs. population median)
1003092842,Family Practice,AZ,I,-0.19353632163636475,0,2.46,Low,0,0,unusually high year-over-year beneficiary count change (z=5.0 vs. population median); unusually high year-over-year payment change (z=5.0 vs. population median); unusually high year-over-year service volume change (z=4.5 vs. population median)
1003079088,Internal Medicine,MI,I,-0.19357734891842493,0,2.45,Low,0,0,unusually high year-over-year service volume change (z=2.0 vs. population median); unusually high year-over-year payment change (z=2.0 vs. population median); unusually high services per beneficiary (z=1.8 vs. population median)
1003098807,Physician Assistant,TX,I,-0.19361608842504924,0,2.44,Low,0,0,unusually high standardized-amount-to-payment ratio (z=1.2 vs. population median); unusually low service-concentration deviation from specialty peers (z=-1.1 vs. population median); unusually low payment per service (z=-1.1 vs. population median)
1003044652,Emergency Medicine,OR,I,-0.19375418623189306,0,2.41,Low,0,0,unusually low payment-per-service deviation from specialty peers (z=-2.4 vs. population median); unusually low charge-per-service deviation from specialty peers (z=-1.4 vs. population median); unusually low 5-year average payment-to-charge ratio (z=-1.2 vs. population median)
1003106675,Family Practice,WA,I,-0.19374069683116174,0,2.41,Low,0,0,unusually high multi-year payment trend (z=6.5 vs. population median); unusually high multi-year service-volume trend (z=2.4 vs. population median); unusually low standardized-amount-to-payment ratio (z=-2.3 vs. population median)
1003076902,Cardiology,NY,I,-0.1938689163508377,0,2.38,Low,0,0,unusually high services-per-beneficiary deviation from specialty peers (z=3.5 vs. population median); unusually low standardized-amount-to-payment ratio (z=-2.6 vs. population median); unusually low year-over-year payment-per-service change (z=-2.1 vs. population median)
1003101148,Cardiology,MA,I,-0.19392579512865077,0,2.37,Low,0,0,unusually high service-concentration deviation from specialty peers (z=3.4 vs. population median); unusually low year-over-year payment-per-service change (z=-1.7 vs. population median); unusually low standardized-amount-to-payment ratio (z=-1.6 vs. population median)
1003106444,Podiatry,NY,I,-0.19392841467794852,0,2.37,Low,0,0,unusually high services per beneficiary (z=2.8 vs. population median); unusually low standardized-amount-to-payment ratio (z=-2.6 vs. population median); unusually high 5-year average total services (z=1.9 vs. population median)
1003032772,Audiologist,WA,I,-0.19394205735531944,0,2.36,Low,0,0,unusually high multi-year payment trend (z=2.2 vs. population median); unusually high multi-year service-volume trend (z=2.1 vs. population median); unusually low 5-year average payment per service (z=-1.9 vs. population median)
1003041187,Emergency Medicine,NY,I,-0.1940792834231445,0,2.33,Low,0,0,unusually high submitted charge per service (z=3.2 vs. population median); unusually low year-over-year payment-per-service change (z=-1.5 vs. population median); unusually low 5-year average payment-to-charge ratio (z=-1.4 vs. population median)
1003016163,General Surgery,WA,I,-0.19409914366413583,0,2.32,Low,0,0,unusually high year-over-year beneficiary count change (z=3.4 vs. population median); unusually high year-over-year service volume change (z=3.0 vs. population median); unusually high year-over-year payment change (z=2.8 vs. population median)
1003033135,Family Practice,GA,I,-0.19421045218341526,0,2.3,Low,0,0,unusually high service-concentration deviation from specialty peers (z=2.5 vs. population median); unusually high 5-year average payment-to-charge ratio (z=1.5 vs. population median); unusually low multi-year payment trend (z=-1.4 vs. population median)
1003072810,Internal Medicine,WV,I,-0.19431654647761082,0,2.27,Low,0,0,unusually high 5-year average services per beneficiary (z=2.6 vs. population median); unusually low year-over-year payment-per-service change (z=-2.5 vs. population median); unusually low year-over-year payment change (z=-2.4 vs. population median)
1003133737,Nurse Practitioner,NC,I,-0.1943834806289767,0,2.26,Low,0,0,unusually high payment-per-service deviation from specialty peers (z=1.3 vs. population median); unusually high charge-per-service deviation from specialty peers (z=1.2 vs. population median); unusually low 5-year average total services (z=-0.7 vs. population median)
1003087693,Optometry,CA,I,-0.1944570467541717,0,2.24,Low,0,0,unusually high allowed-to-charge ratio (z=1.8 vs. population median); unusually low payment-per-service deviation from specialty peers (z=-1.3 vs. population median); unusually low payment-to-charge-ratio deviation from specialty peers (z=-1.1 vs. population median)
1003012022,Pulmonary Disease,TN,I,-0.19452874655250513,0,2.22,Low,0,0,unusually low year-over-year beneficiary count change (z=-2.0 vs. population median); unusually high services per beneficiary (z=1.7 vs. population median); unusually high 5-year average payment per service (z=1.7 vs. population median)
1003014457,Neurology,IL,I,-0.19457915435887696,0,2.21,Low,0,0,unusually high 5-year average total payment (z=3.2 vs. population median); unusually high total Medicare payment received (z=2.7 vs. population median); unusually high total beneficiaries served (z=2.0 vs. population median)
1003103706,Neurology,FL,I,-0.19478910088101947,0,2.16,Low,0,0,unusually high total beneficiaries served (z=2.2 vs. population median); unusually high total Medicare payment received (z=1.8 vs. population median); unusually high 5-year average total payment (z=1.7 vs. population median)
1003049966,Psychiatry,IL,I,-0.1948677817352858,0,2.14,Low,0,0,unusually high services per beneficiary (z=4.2 vs. population median); unusually high 5-year average services per beneficiary (z=3.3 vs. population median); unusually low year-over-year payment change (z=-2.2 vs. population median)
1003027483,Internal Medicine,MD,I,-0.19507455647070238,0,2.09,Low,0,0,unusually low year-over-year payment-per-service change (z=-3.7 vs. population median); unusually high year-over-year beneficiary count change (z=2.0 vs. population median); unusually low payment-per-service deviation from specialty peers (z=-1.9 vs. population median)
1003073784,Hospitalist,PA,I,-0.19511380271028284,0,2.08,Low,0,0,unusually high year-over-year payment change (z=2.1 vs. population median); unusually high year-over-year beneficiary count change (z=1.9 vs. population median); unusually high 5-year average total payment (z=1.7 vs. population median)
1003074246,Internal Medicine,NC,I,-0.1951182265314736,0,2.08,Low,0,0,unusually high service-concentration deviation from specialty peers (z=1.9 vs. population median); unusually high service concentration (HHI) across billing codes (z=1.9 vs. population median); unusually high 5-year average service concentration (HHI) (z=1.7 vs. population median)
1003084708,Internal Medicine,VA,I,-0.1952154970435569,0,2.06,Low,0,0,unusually high 5-year average total payment (z=1.9 vs. population median); unusually high total Medicare payment received (z=1.7 vs. population median); unusually high payment-to-charge ratio (z=1.7 vs. population median)
1003043746,Internal Medicine,MA,I,-0.19519479122939737,0,2.06,Low,0,0,unusually high multi-year payment trend (z=2.2 vs. population median); unusually high multi-year service-volume trend (z=1.8 vs. population median); unusually high 5-year average payment-to-charge ratio (z=1.8 vs. population median)
1003080276,Audiologist,GA,I,-0.19525941462722207,0,2.05,Low,0,0,unusually high services-per-beneficiary deviation from specialty peers (z=3.0 vs. population median); unusually low 5-year average payment per service (z=-1.9 vs. population median); unusually low payment per service (z=-1.8 vs. population median)
1003007022,Internal Medicine,TX,I,-0.19537215484719272,0,2.02,Low,0,0,unusually high services per billing code (z=1.7 vs. population median); unusually high services per beneficiary (z=1.6 vs. population median); unusually high 5-year average payment-to-charge ratio (z=1.5 vs. population median)
1003102302,Internal Medicine,RI,I,-0.1953655525139007,0,2.02,Low,0,0,unusually low year-over-year beneficiary count change (z=-2.0 vs. population median); unusually low year-over-year service volume change (z=-1.7 vs. population median); unusually low multi-year payment trend (z=-1.7 vs. population median)
1003069535,Internal Medicine,CT,I,-0.19537954519551037,0,2.02,Low,0,0,unusually low year-over-year beneficiary count change (z=-1.9 vs. population median); unusually low multi-year payment trend (z=-1.9 vs. population median); unusually low multi-year service-volume trend (z=-1.8 vs. population median)
1003110834,Podiatry,TX,I,-0.1954503616534054,0,2.0,Low,0,0,unusually high total beneficiaries served (z=2.3 vs. population median); unusually high services per billing code (z=2.3 vs. population median); unusually high 5-year average total services (z=2.1 vs. population median)
1003042664,Physician Assistant,NY,I,-0.19552323361270713,0,1.98,Low,0,0,unusually low standardized-amount-to-payment ratio (z=-3.2 vs. population median); unusually high submitted charge per service (z=1.3 vs. population median); unusually high charge-per-service deviation from specialty peers (z=1.3 vs. population median)
1003083239,Hospitalist,MD,I,-0.19558303731676596,0,1.97,Low,0,0,unusually low standardized-amount-to-payment ratio (z=-2.1 vs. population median); unusually high 5-year average total payment (z=2.0 vs. population median); unusually high total Medicare payment received (z=1.5 vs. population median)
1003063306,Optometry,MI,I,-0.19577221043104298,0,1.92,Low,0,0,unusually high multi-year service-volume trend (z=1.7 vs. population median); unusually high allowed-to-charge ratio (z=1.6 vs. population median); unusually low payment-to-charge-ratio deviation from specialty peers (z=-1.2 vs. population median)
1003065509,Nurse Practitioner,FL,I,-0.19580391466254793,0,1.91,Low,0,0,unusually high total beneficiaries served (z=1.7 vs. population median); unusually high allowed-to-charge ratio (z=1.7 vs. population median); unusually high payment-to-charge-ratio deviation from specialty peers (z=1.6 vs. population median)
1003030651,Family Practice,NH,I,-0.19589105396625728,0,1.89,Low,0,0,unusually high service-concentration deviation from specialty peers (z=2.2 vs. population median); unusually high 5-year average service concentration (HHI) (z=1.6 vs. population median); unusually high charge-per-service deviation from specialty peers (z=1.4 vs. population median)
1003040262,Ophthalmology,OK,I,-0.19600606390040531,0,1.87,Low,0,0,unusually high year-over-year payment-per-service change (z=2.2 vs. population median); unusually low multi-year payment trend (z=-1.6 vs. population median); unusually low payment-to-charge-ratio deviation from specialty peers (z=-1.6 vs. population median)
1003061060,Internal Medicine,MD,I,-0.19605572221111134,0,1.85,Low,0,0,unusually low year-over-year payment-per-service change (z=-2.4 vs. population median); unusually high year-over-year beneficiary count change (z=1.9 vs. population median); unusually high year-over-year service volume change (z=1.7 vs. population median)
1003105867,Otolaryngology,WA,I,-0.1962488038222514,0,1.81,Low,0,0,unusually low year-over-year beneficiary count change (z=-2.0 vs. population median); unusually low year-over-year payment change (z=-1.9 vs. population median); unusually low year-over-year service volume change (z=-1.8 vs. population median)
1003074931,Infectious Disease,IA,I,-0.196315101304754,0,1.79,Low,0,0,unusually low year-over-year payment-per-service change (z=-1.5 vs. population median); unusually low multi-year service-volume trend (z=-1.3 vs. population median); unusually low service-concentration deviation from specialty peers (z=-1.3 vs. population median)
1003026469,Hospitalist,TX,I,-0.19647684124035525,0,1.75,Low,0,0,unusually high services per billing code (z=3.1 vs. population median); unusually high 5-year average total payment (z=3.1 vs. population median); unusually high total Medicare payment received (z=3.0 vs. population median)
1003003070,Neurology,NJ,I,-0.196605970716274,0,1.72,Low,0,0,unusually high 5-year average total payment (z=2.9 vs. population median); unusually low standardized-amount-to-payment ratio (z=-2.0 vs. population median); unusually low multi-year payment trend (z=-1.6 vs. population median)
1003038761,General Surgery,PA,I,-0.19659619487636326,0,1.72,Low,0,0,unusually low year-over-year payment-per-service change (z=-2.4 vs. population median); unusually high services-per-beneficiary deviation from specialty peers (z=1.4 vs. population median); unusually high 5-year average payment per service (z=1.2 vs. population median)
1003092784,Hospice and Palliative Care,FL,I,-0.19664350776148248,0,1.71,Low,0,0,unusually low services-per-beneficiary deviation from specialty peers (z=-5.6 vs. population median); unusually high 5-year average payment per service (z=2.4 vs. population median); unusually high payment per service (z=1.4 vs. population median)
1003127259,Otolaryngology,TX,I,-0.1966687409744809,0,1.71,Low,0,0,unusually high charge-per-service deviation from specialty peers (z=2.0 vs. population median); unusually high multi-year service-volume trend (z=1.7 vs. population median); unusually high multi-year payment trend (z=1.4 vs. population median)
1003012634,Psychiatry,MI,I,-0.19679213648864774,0,1.68,Low,0,0,unusually low year-over-year service volume change (z=-2.8 vs. population median); unusually low year-over-year payment change (z=-2.6 vs. population median); unusually high year-over-year payment-per-service change (z=1.9 vs. population median)
1003121930,Internal Medicine,IN,I,-0.19706471368843376,0,1.61,Low,0,0,unusually high 5-year average total payment (z=2.4 vs. population median); unusually high year-over-year beneficiary count change (z=1.8 vs. population median); unusually low multi-year payment trend (z=-1.8 vs. population median)
1003015652,General Surgery,AE,I,-0.1970662109247871,0,1.61,Low,0,0,unusually high 5-year average payment per service (z=2.0 vs. population median); unusually high payment per service (z=1.7 vs. population median); unusually high multi-year service-volume trend (z=1.0 vs. population median)
1003047325,Nurse Practitioner,TX,I,-0.19715463148432155,0,1.59,Low,0,0,unusually high multi-year payment trend (z=2.3 vs. population median); unusually low year-over-year beneficiary count change (z=-2.1 vs. population median); unusually low year-over-year payment change (z=-1.8 vs. population median)
1003027038,Otolaryngology,TX,I,-0.19725439708597542,0,1.57,Low,0,0,unusually high multi-year payment trend (z=2.8 vs. population median); unusually high multi-year service-volume trend (z=1.4 vs. population median); unusually high allowed-to-charge ratio (z=1.1 vs. population median)
1003081076,Internal Medicine,NJ,I,-0.1973964276054324,0,1.53,Low,0,0,unusually low year-over-year beneficiary count change (z=-2.7 vs. population median); unusually low standardized-amount-to-payment ratio (z=-2.5 vs. population median); unusually low year-over-year service volume change (z=-2.0 vs. population median)
1003100520,Hospitalist,FL,I,-0.19749891614283427,0,1.51,Low,0,0,unusually high submitted charge per service (z=1.8 vs. population median); unusually low year-over-year payment change (z=-1.6 vs. population median); unusually low payment-to-charge-ratio deviation from specialty peers (z=-1.6 vs. population median)
1003122573,Hematology-Oncology,AL,I,-0.1976113763744743,0,1.48,Low,0,0,unusually low year-over-year payment-per-service change (z=-3.5 vs. population median); unusually high year-over-year beneficiary count change (z=2.8 vs. population median); unusually high year-over-year service volume change (z=2.4 vs. population median)
1003038423,Internal Medicine,IL,I,-0.19777677194055981,0,1.44,Low,0,0,unusually high year-over-year beneficiary count change (z=2.5 vs. population median); unusually high year-over-year payment change (z=2.3 vs. population median); unusually high year-over-year service volume change (z=1.9 vs. population median)
1003012204,Family Practice,ID,I,-0.19775656167319722,0,1.44,Low,0,0,unusually low year-over-year service volume change (z=-2.2 vs. population median); unusually low year-over-year payment change (z=-2.0 vs. population median); unusually low year-over-year beneficiary count change (z=-1.9 vs. population median)
1003080854,Medical Oncology,AR,I,-0.19785173937813355,0,1.42,Low,0,0,unusually high services per beneficiary (z=2.9 vs. population median); unusually high 5-year average services per beneficiary (z=2.5 vs. population median); unusually low year-over-year payment-per-service change (z=-2.2 vs. population median)
1003076233,Internal Medicine,WA,I,-0.19802567051040015,0,1.38,Low,0,0,unusually high 5-year average payment-to-charge ratio (z=1.6 vs. population median); unusually high service concentration (HHI) across billing codes (z=1.5 vs. population median); unusually high service-concentration deviation from specialty peers (z=1.5 vs. population median)
1003044694,Family Practice,VA,I,-0.19805479026825745,0,1.37,Low,0,0,unusually high year-over-year beneficiary count change (z=3.0 vs. population median); unusually low multi-year service-volume trend (z=-2.0 vs. population median); unusually high year-over-year service volume change (z=1.9 vs. population median)
1003019043,Family Practice,CO,I,-0.19809718139704696,0,1.36,Low,0,0,unusually high year-over-year beneficiary count change (z=2.5 vs. population median); unusually high year-over-year payment change (z=2.4 vs. population median); unusually high year-over-year service volume change (z=2.1 vs. population median)
1003099821,Hospitalist,WA,I,-0.19823458080230388,0,1.33,Low,0,0,unusually low standardized-amount-to-payment ratio (z=-2.9 vs. population median); unusually high year-over-year beneficiary count change (z=2.6 vs. population median); unusually high multi-year payment trend (z=1.9 vs. population median)
1003091935,Internal Medicine,MA,I,-0.19840654613644026,0,1.29,Low,0,0,unusually low year-over-year beneficiary count change (z=-3.8 vs. population median); unusually low year-over-year payment change (z=-3.5 vs. population median); unusually low year-over-year service volume change (z=-3.4 vs. population median)
1003109372,Internal Medicine,NH,I,-0.19845438955988176,0,1.28,Low,0,0,unusually high 5-year average total payment (z=2.0 vs. population median); unusually high total submitted charges (z=1.9 vs. population median); unusually high charge-per-service deviation from specialty peers (z=1.7 vs. population median)
1003008111,Obstetrics & Gynecology,GA,I,-0.19858091649714316,0,1.25,Low,0,0,unusually high charge-per-service deviation from specialty peers (z=2.2 vs. population median); unusually high standardized-amount-to-payment ratio (z=1.7 vs. population median); unusually high payment-per-service deviation from specialty peers (z=1.3 vs. population median)
1003113770,Physician Assistant,TX,I,-0.19862561210342994,0,1.24,Low,0,0,unusually low year-over-year payment-per-service change (z=-2.5 vs. population median); unusually high year-over-year beneficiary count change (z=1.7 vs. population median); unusually high year-over-year service volume change (z=1.2 vs. population median)
1003123530,Hospitalist,NC,I,-0.19864534559316316,0,1.23,Low,0,0,unusually high total submitted charges (z=1.8 vs. population median); unusually high total Medicare payment received (z=1.8 vs. population median); unusually high services per billing code (z=1.5 vs. population median)
1003021700,Nurse Practitioner,NJ,I,-0.19865618087382425,0,1.23,Low,0,0,unusually high year-over-year payment change (z=1.9 vs. population median); unusually low standardized-amount-to-payment ratio (z=-1.8 vs. population median); unusually high year-over-year service volume change (z=1.5 vs. population median)
1003068024,Internal Medicine,IL,I,-0.19888278564474565,0,1.17,Low,0,0,unusually high charge-per-service deviation from specialty peers (z=2.0 vs. population median); unusually low payment-to-charge-ratio deviation from specialty peers (z=-1.2 vs. population median); unusually high submitted charge per service (z=1.2 vs. population median)
1003017906,Family Practice,CA,I,-0.1989471178063968,0,1.16,Low,0,0,unusually low standardized-amount-to-payment ratio (z=-1.8 vs. population median); unusually high charge-per-service deviation from specialty peers (z=1.3 vs. population median); unusually low multi-year service-volume trend (z=-1.2 vs. population median)
1003058991,Hospitalist,CA,I,-0.1990257182958663,0,1.14,Low,0,0,unusually low year-over-year service volume change (z=-2.3 vs. population median); unusually high year-over-year payment-per-service change (z=2.1 vs. population median); unusually low year-over-year payment change (z=-1.9 vs. population median)
1003062035,Hospice and Palliative Care,TX,I,-0.19902915267391147,0,1.14,Low,0,0,unusually low services-per-beneficiary deviation from specialty peers (z=-2.7 vs. population median); unusually low year-over-year payment change (z=-2.3 vs. population median); unusually low year-over-year service volume change (z=-1.9 vs. population median)
1003072646,Neurology,TX,I,-0.19910789650544142,0,1.12,Low,0,0,unusually high multi-year service-volume trend (z=2.1 vs. population median); unusually high multi-year payment trend (z=1.6 vs. population median); unusually high 5-year average payment per service (z=1.3 vs. population median)
1003002379,Internal Medicine,OR,I,-0.19920470366007986,0,1.1,Low,0,0,unusually high charge-per-service deviation from specialty peers (z=2.0 vs. population median); unusually high services per beneficiary (z=1.7 vs. population median); unusually high services-per-beneficiary deviation from specialty peers (z=1.5 vs. population median)
1003123084,Internal Medicine,KY,I,-0.1991884327409537,0,1.1,Low,0,0,unusually high 5-year average total payment (z=1.9 vs. population median); unusually high charge-per-service deviation from specialty peers (z=1.5 vs. population median); unusually low multi-year service-volume trend (z=-1.4 vs. population median)
1003103847,Family Practice,MO,I,-0.19920110569557847,0,1.1,Low,0,0,unusually low year-over-year payment-per-service change (z=-2.0 vs. population median); unusually high services per billing code (z=1.7 vs. population median); unusually high standardized-amount-to-payment ratio (z=1.7 vs. population median)
1003123720,Nurse Practitioner,NJ,I,-0.1992877913535327,0,1.08,Low,0,0,unusually low standardized-amount-to-payment ratio (z=-2.2 vs. population median); unusually low year-over-year payment-per-service change (z=-2.1 vs. population median); unusually high multi-year payment trend (z=1.7 vs. population median)
1003120247,Physician Assistant,NC,I,-0.1993737894582659,0,1.06,Low,0,0,unusually high year-over-year beneficiary count change (z=3.0 vs. population median); unusually high year-over-year service volume change (z=2.6 vs. population median); unusually high year-over-year payment change (z=2.3 vs. population median)
1003021387,Internal Medicine,MI,I,-0.19972679704466284,0,0.97,Low,0,0,unusually low standardized-amount-to-payment ratio (z=-2.2 vs. population median); unusually high payment-to-charge ratio (z=1.2 vs. population median); unusually high 5-year average payment-to-charge ratio (z=1.0 vs. population median)
1003104274,General Surgery,PA,I,-0.199986147887179,0,0.91,Low,0,0,unusually high year-over-year beneficiary count change (z=1.6 vs. population median); unusually high 5-year average payment-to-charge ratio (z=1.4 vs. population median); unusually high year-over-year service volume change (z=1.3 vs. population median)
1003067455,Hematology-Oncology,NC,I,-0.20007587842743207,0,0.89,Low,0,0,unusually high services per beneficiary (z=1.6 vs. population median); unusually low year-over-year payment change (z=-1.3 vs. population median); unusually high 5-year average services per beneficiary (z=1.3 vs. population median)
1003117680,Nurse Practitioner,GA,I,-0.20005977627521032,0,0.89,Low,0,0,unusually high year-over-year beneficiary count change (z=4.3 vs. population median); unusually high year-over-year service volume change (z=3.1 vs. population median); unusually high year-over-year payment change (z=2.6 vs. population median)
1003128885,Family Practice,AZ,I,-0.20011581684824403,0,0.88,Low,0,0,unusually high payment-per-service deviation from specialty peers (z=1.2 vs. population median); unusually high 5-year average payment-to-charge ratio (z=1.1 vs. population median); unusually high services per billing code (z=1.1 vs. population median)
1003013608,Nurse Practitioner,VT,I,-0.20026320002463438,0,0.84,Low,0,0,unusually high year-over-year payment-per-service change (z=2.2 vs. population median); unusually low year-over-year service volume change (z=-1.3 vs. population median); unusually low year-over-year beneficiary count change (z=-1.1 vs. population median)
1003010570,Internal Medicine,ND,I,-0.20028563554210593,0,0.84,Low,0,0,unusually high services per beneficiary (z=1.8 vs. population median); unusually high services-per-beneficiary deviation from specialty peers (z=1.5 vs. population median); unusually high 5-year average services per beneficiary (z=1.4 vs. population median)
1003120437,Psychiatry,NE,I,-0.2004138990844611,0,0.81,Low,0,0,unusually high services per beneficiary (z=1.7 vs. population median); unusually high 5-year average services per beneficiary (z=1.6 vs. population median); unusually low multi-year payment trend (z=-1.5 vs. population median)
1003038274,Internal Medicine,NY,I,-0.20043057082053695,0,0.8,Low,0,0,unusually low standardized-amount-to-payment ratio (z=-2.3 vs. population median); unusually high year-over-year payment change (z=1.5 vs. population median); unusually low services-per-beneficiary deviation from specialty peers (z=-1.5 vs. population median)
1003078528,Internal Medicine,NE,I,-0.200602159063413,0,0.76,Low,0,0,unusually high 5-year average services per beneficiary (z=2.7 vs. population median); unusually low multi-year service-volume trend (z=-1.5 vs. population median); unusually high standardized-amount-to-payment ratio (z=1.4 vs. population median)
1003040882,Otolaryngology,PA,I,-0.20065277234195567,0,0.75,Low,0,0,unusually low payment-to-charge-ratio deviation from specialty peers (z=-1.5 vs. population median); unusually high service-concentration deviation from specialty peers (z=1.2 vs. population median); unusually low year-over-year payment change (z=-1.2 vs. population median)
1003088550,Internal Medicine,WV,I,-0.20125992823141647,0,0.6,Low,0,0,unusually high year-over-year beneficiary count change (z=3.4 vs. population median); unusually high year-over-year service volume change (z=1.6 vs. population median); unusually high year-over-year payment change (z=1.2 vs. population median)
1003115254,Internal Medicine,GA,I,-0.20149831740739227,0,0.54,Low,0,0,unusually low multi-year payment trend (z=-1.3 vs. population median); unusually low multi-year service-volume trend (z=-1.2 vs. population median); unusually high 5-year average services per beneficiary (z=1.1 vs. population median)
1003046780,Physician Assistant,WV,I,-0.20164368272176736,0,0.51,Low,0,0,unusually high standardized-amount-to-payment ratio (z=1.9 vs. population median); unusually high multi-year service-volume trend (z=1.5 vs. population median); unusually low year-over-year payment-per-service change (z=-1.2 vs. population median)
1003079120,Hospitalist,ID,I,-0.20163551286386683,0,0.51,Low,0,0,unusually high year-over-year payment-per-service change (z=1.3 vs. population median); unusually high standardized-amount-to-payment ratio (z=1.2 vs. population median); unusually high year-over-year payment change (z=1.0 vs. population median)
1003015314,Family Practice,ND,I,-0.20167457009917406,0,0.5,Low,0,0,unusually high service-concentration deviation from specialty peers (z=1.5 vs. population median); unusually high multi-year payment trend (z=1.2 vs. population median); unusually low year-over-year payment-per-service change (z=-1.1 vs. population median)
1003022682,Internal Medicine,CA,I,-0.20216540223582502,0,0.38,Low,0,0,unusually high 5-year average total payment (z=1.2 vs. population median); unusually high 5-year average services per beneficiary (z=1.2 vs. population median); unusually high services per billing code (z=1.0 vs. population median)
1003067059,Physician Assistant,SD,I,-0.20228355507961188,0,0.36,Low,0,0,unusually high 5-year average service concentration (HHI) (z=1.0 vs. population median); unusually low 5-year average total payment (z=-1.0 vs. population median); unusually low 5-year average total services (z=-0.9 vs. population median)
1003123415,Endocrinology,FL,I,-0.20376318626665463,0,0.0,Low,0,0,unusually low standardized-amount-to-payment ratio (z=-1.6 vs. population median); unusually low services-per-beneficiary deviation from specialty peers (z=-1.6 vs. population median); unusually low year-over-year beneficiary count change (z=-1.2 vs. population median)
